id,permit_permit_id,contractnumber,boroughid,permitcategory,currentstatus,duration_start_date,duration_end_date,reason_category,occupancy_name,submittercategory,organizationname,duration_days_mon_active,duration_days_mon_all_day_round,duration_days_tue_active,duration_days_tue_all_day_round,duration_days_wed_active,duration_days_wed_all_day_round,duration_days_thu_active,duration_days_thu_all_day_round,duration_days_fri_active,duration_days_fri_all_day_round,duration_days_sat_active,duration_days_sat_all_day_round,duration_days_sun_active,duration_days_sun_all_day_round,duration_days_sat_start_time,duration_days_sat_end_time,duration_days_mon_start_time,duration_days_mon_end_time,duration_days_tue_start_time,duration_days_tue_end_time,duration_days_wed_start_time,duration_days_wed_end_time,duration_days_thu_start_time,duration_days_thu_end_time,duration_days_fri_start_time,duration_days_fri_end_time,duration_days_sun_start_time,duration_days_sun_end_time,load_date,longitude,latitude
"654277b8021cab001920d32e","OCC-2311NX01306852",,"Ville-Marie","Travaux","Permis émis","2022-04-23T20:00:00Z","2027-07-31T19:59:59Z","Construction/rénovation sans excavation","Ruelle","Organisation publique ou son sous-traitant","Réfection Ville Marie SEP","t","t","t","t","t","t","t","t","t","t","t","t","t","t",,,,,,,,,,,,,,,"2024-10-29T19:06:02Z",-73.55828628138067,45.507781965135976
"6542781b33c2e4001965cfa8","OCC-2311CN01296163",,"Ville-Marie","Travaux","Permis émis","2022-04-23T20:00:00Z","2027-07-31T19:59:59Z","Construction/rénovation sans excavation","Ruelle","Organisation publique ou son sous-traitant","Réfection Ville Marie SEP","t","t","t","t","t","t","t","t","t","t","t","t","t","t",,,,,,,,,,,,,,,"2024-10-29T19:06:02Z",-73.55895598269238,45.50703373998367
"6722842681073d0019ed46ca","OCC-2410IP26341911","1234","Verdun","Travaux","Permis émis","2024-10-30T20:00:00Z","2027-10-30T19:59:59Z","Autre","Parc Duquette","Entrepreneur sous contrat avec la Ville de Montréal","PME MTL Grand Sud-Ouest","t","t","t","t","t","t","t","t","t","t","t","t","t","t",,,,,,,,,,,,,,,"2024-11-02T00:01:24Z",-73.57532216878346,45.465649419534
"6740a6236669d60012e1746b","OCC-2411YW18727818",,"Verdun","Travaux","Permis émis","2024-11-24T19:00:00Z","2027-11-12T18:59:59Z","Construction/rénovation sans excavation","Gordon entre Wellington et Verdun","Organisation publique ou son sous-traitant","MGB Associés Inc.","t","t","t","t","t","t","t","t","t","t","t","t","t","t",,,,,,,,,,,,,,,"2024-11-24T00:01:25Z",-73.56810097062612,45.46104407577799
"69f8bda24b167600129ca8e8","OCC-2605XU03163117",,"Ville-Marie","Travaux","Permis émis","2025-11-27T19:00:00Z","2028-01-11T18:59:59Z","Autre","Atateken entre Amherst et Amherst","Ville de Montréal",,"t","t","t","t","t","t","t","t","t","t","t","t","t","t",,,,,,,,,,,,,,,"2026-05-06T00:01:55Z",-73.55900091588008,45.51829632021025
"6983a223f9ce480012a96bab","OCC-2602RM03994455","202321","Ville-Marie","Travaux","Permis émis","2026-02-04T19:00:00Z","2026-10-02T19:59:59Z","Égouts et aqueducs - Réhabilitation","Dubuc entre Bordeaux et De Lorimier","Entrepreneur sous contrat avec la Ville de Montréal","Les Excavations Lafontaine inc.","t","t","t","t","t","t","t","t","t","t","t","t","t","t",,,,,,,,,,,,,,,"2026-02-07T00:01:44Z",-73.55863813349296,45.52817518364781
"6984c49cf9ce480012a97b9e","OCC-2602TK04066355",,"Côte-des-Neiges-Notre-Dame-de-Grâce","Travaux","Permis émis","2026-02-10T19:00:00Z","2026-12-18T18:59:59Z","Construction/rénovation sans excavation","Mountain Sights entre Édouard-Montpetit et Dupuis",,,"t","t","t","t","t","t","t","t","t","t","t","t","t","t",,,,,,,,,,,,,,,"2026-02-07T00:01:44Z",-73.6345306729002,45.48779142447865
"6813e70876af7100126ee0ce","OCC-2505FC01366077",,"Saint-Léonard","Travaux","Permis émis","2025-05-03T20:00:00Z","2028-01-01T18:59:59Z","Autre","Langelier entre Langelier et Jean-Talon","Organisation publique ou son sous-traitant","Société de transports de Montréal (STM) Prolongement de la ligne bleue","t","t","t","t","t","t","t","t","t","t","t","t","t","t",,,,,,,,,,,,,,,"2025-05-24T00:01:30Z",-73.57286958107638,45.5915577009685
"682f8aac75a0c200124de9ed","OCC-2505HL19479779",,"Saint-Léonard","Travaux","Permis émis","2025-05-22T20:00:00Z","2028-01-01T18:59:59Z","Autre","Ruelle","Organisation publique ou son sous-traitant","Société de transports de Montréal (STM) Prolongement de la ligne bleue","t","t","t","t","t","t","t","t","t","t","t","t","t","t",,,,,,,,,,,,,,,"2025-05-25T00:01:26Z",-73.58817203345039,45.57092434711771
"6a95a4c98d981b0012f71d09","OCC-2608JB26496088","2026020","Mercier-Hochelaga-Maisonneuve","Travaux","Permis émis","2026-08-23T20:00:00Z","2026-09-29T19:59:59Z","Autre","Souligny entre Saint-Émile et Lapointe","Entrepreneur sous contrat avec la Ville de Montréal","Demix construction","t","t","t","t","t","t","t","t","t","t","t","t","t","t",,,,,,,,,,,,,,,"2026-09-02T00:02:08Z",-73.52027763366759,45.59612180227518
"6985011cf9ce480012a984a3","OCC-2602VJ04202521",,"Saint-Léonard","Travaux","Permis émis","2025-09-14T20:00:00Z","2027-12-31T18:59:59Z","Autre","Villanelle entre Jean-Talon et Élysée","Organisation publique ou son sous-traitant","Société de transports de Montréal (STM) Prolongement de la ligne bleue","t","t","t","t","t","t","t","t","t","t","t","t","t","t",,,,,,,,,,,,,,,"2026-02-11T00:01:43Z",-73.57732282459385,45.58897336204824
"69f8d917c902f20012c87ef3","OCC-2605NK03889750",,"Ville-Marie","Travaux","Permis émis","2026-05-10T20:00:00Z","2026-11-18T18:59:59Z","Construction/rénovation sans excavation","Commune entre Marguerite-D'Youville et McGill","Entreprise","St-Denis Thompson","t","t","t","t","t","t","t","t","t","t","t","t","t","t",,,,,,,,,,,,,,,"2026-05-07T00:02:02Z",-73.55344110861,45.50002634790779
"69a9d25d0713dc0012d6cf1d","OCC-2603AR10801052","25801","Rosemont-La Petite-Patrie","Travaux","Permis émis","2026-03-15T20:00:00Z","2026-12-18T18:59:59Z","Réseaux routier - Réfection et travaux corrélatifs","Papineau entre Carrières et Papineau","Entrepreneur sous contrat avec la Ville de Montréal","Loiselle inc.","t","t","t","t","t","t","t","t","t","t","t","t","t","t",,,,,,,,,,,,,,,"2026-03-15T00:01:46Z",-73.58897889684171,45.53941841487146
"67925ee7f09480001215be26","OCC-2501MY19708144",,"Saint-Léonard","Travaux","Permis émis","2025-01-22T19:00:00Z","2028-01-01T18:59:59Z","Autre","Jean-Talon entre Cannes et Viau","Organisation publique ou son sous-traitant","Société de transports de Montréal (STM) Prolongement de la ligne bleue","t","t","t","t","t","t","t","t","t","t","t","t","t","t",,,,,,,,,,,,,,,"2025-01-25T00:01:20Z",-73.58463708428873,45.5745879208736
"67926062f09480001215be6c","OCC-2501RY19711798",,"Saint-Léonard","Travaux","Permis émis","2025-01-22T19:00:00Z","2028-01-01T18:59:59Z","Autre","Viau entre Jean-Talon et Cannes","Organisation publique ou son sous-traitant","Société de transports de Montréal (STM) Prolongement de la ligne bleue","t","t","t","t","t","t","t","t","t","t","t","t","t","t",,,,,,,,,,,,,,,"2025-01-25T00:01:20Z",-73.58553873867822,45.57502019170799
"679262190c9a780012c8f9d1","OCC-2501DE19706655",,"Saint-Léonard","Travaux","Permis émis","2025-01-22T19:00:00Z","2028-01-01T18:59:59Z","Autre","Baunard entre Paisley et Cannes","Organisation publique ou son sous-traitant","Société de transports de Montréal (STM) Prolongement de la ligne bleue","t","t","t","t","t","t","t","t","t","t","t","t","t","t",,,,,,,,,,,,,,,"2025-01-25T00:01:20Z",-73.58317315883461,45.57379360954224
"6835ffe975a0c200124e76bd","OCC-2505WE23752184",,"Saint-Léonard","Travaux","Permis émis","2025-05-27T20:00:00Z","2028-01-01T18:59:59Z","Autre","Jean-Talon entre Buies et Cannes","Organisation publique ou son sous-traitant","Société de transports de Montréal (STM) Prolongement de la ligne bleue","t","t","t","t","t","t","t","t","t","t","t","t","t","t",,,,,,,,,,,,,,,"2025-05-30T00:01:33Z",-73.58529152818875,45.57365006442171
"679903d7c970a80019864b7a","OCC-2501MF24023540",,"Saint-Léonard","Travaux","Permis émis","2025-01-31T19:00:00Z","2028-01-01T18:59:59Z","Autre","Lacordaire entre Bourdaloue et Mans","Organisation publique ou son sous-traitant","Société de transports de Montréal (STM) Prolongement de la ligne bleue","t","t","t","t","t","t","t","t","t","t","t","t","t","t",,,,,,,,,,,,,,,"2025-01-30T00:01:34Z",-73.5807834646552,45.58317617387568
"6799059cc970a80019864c18","OCC-2501PI24028097",,"Saint-Léonard","Travaux","Permis émis","2025-01-31T19:00:00Z","2028-01-01T18:59:59Z","Autre","Lacordaire entre Mans et Meudon","Organisation publique ou son sous-traitant","Société de transports de Montréal (STM) Prolongement de la ligne bleue","t","t","t","t","t","t","t","t","t","t","t","t","t","t",,,,,,,,,,,,,,,"2025-01-30T00:01:34Z",-73.58318392293863,45.58239824632282
"6a75fcb58d88dc00127b2485","OCC-2608RA26633018",,"Ville-Marie","Travaux","Permis émis","2026-08-31T20:00:00Z","2026-09-11T19:59:59Z","Réseaux routier - Réfection et travaux corrélatifs","Saint-Laurent entre Sainte-Catherine et De Maisonneuve","CSEM (Commission des services électriques de Montréal) ou son sous-traitant
","CMS Entrepreneurs Généraux Inc.","t","t","t","t","t","t","t","t","t","t","t","t","t","t",,,,,,,,,,,,,,,"2026-09-02T00:02:08Z",-73.56519610043848,45.510389968290006
"67990144bc88c2001954a4dc","OCC-2501SJ23996745",,"Saint-Léonard","Travaux","Permis émis","2025-01-31T19:00:00Z","2028-01-01T18:59:59Z","Autre","Jean-Talon entre Lacordaire et Mainville","Organisation publique ou son sous-traitant","Société de transports de Montréal (STM) Prolongement de la ligne bleue","t","t","t","t","t","t","t","t","t","t","t","t","t","t",,,,,,,,,,,,,,,"2025-01-30T00:01:34Z",-73.58077584795352,45.58358405392799
"698cb6d3f9ce480012a9e0cb","OCC-2602EW09266494","3001701874","Côte-des-Neiges-Notre-Dame-de-Grâce","Travaux","Permis émis","2025-05-27T20:00:00Z","2026-09-30T19:59:59Z","Construction/rénovation sans excavation","Côte-Saint-Antoine entre Décarie et Prud'homme","Entrepreneur sous contrat avec la Ville de Montréal","Norgereq Ltée","t","t","t","t","t","t","t","t","t","t","t","t","t","t",,,,,,,,,,,,,,,"2026-02-13T00:01:58Z",-73.61356282772388,45.4760523674884
"6a846aed8d88dc00127c3f3c","OCC-2608HY26425173","2520947","Côte-des-Neiges-Notre-Dame-de-Grâce","Travaux","Permis émis","2026-08-30T20:00:00Z","2026-09-25T19:59:59Z","Forage/excavation exploratoire","Jean-Louis-Lévesque entre Jockeys et Jean-Talon","Entrepreneur sous contrat avec la Ville de Montréal","GROUPE ABS","t","f","t","f","t","f","t","f","t","f","f","f","f","f",,,"07:00","17:00","07:00","17:00","07:00","17:00","07:00","17:00","07:00","17:00",,,"2026-09-02T00:02:08Z",-73.65476088175187,45.49327215604885
"6a84ed6c8d981b0012f5b703","OCC-2608DC23289115",,"Le Plateau-Mont-Royal","Travaux","Permis émis","2026-08-31T20:00:00Z","2026-09-18T19:59:59Z","Égouts et aqueducs - Inspection et nettoyage","Sherbrooke entre De Lorimier et Érables","Ville de Montréal",,"t","f","t","f","t","f","t","f","t","f","f","f","f","f",,,"09:30","15:30","09:30","15:30","09:30","15:30","09:30","15:30","09:30","15:30",,,"2026-09-02T00:02:08Z",-73.56299540764938,45.53108790721624
"6a907a1d8d981b0012f6d31d","OCC-2608RC26581176","20594","Villeray-Saint-Michel-Parc-Extension","Travaux","Permis émis","2026-08-16T20:00:00Z","2026-11-16T18:59:59Z","Autre","Bruchési entre Champdoré et Charland","Entrepreneur sous contrat avec la Ville de Montréal","FER-PAL CONSTRUCTION LTD.","t","t","t","t","t","t","t","t","t","t","t","t","t","t",,,,,,,,,,,,,,,"2026-09-02T00:02:08Z",-73.63784892647742,45.57058299281103
"6a91b8838d981b0012f6f687","OCC-2608NI26354581","542607","Le Plateau-Mont-Royal","Travaux","Permis émis","2026-08-27T20:00:00Z","2026-11-20T18:59:59Z","Autre","Rivard entre Marie-Anne et Marie-Anne","Entrepreneur sous contrat avec la Ville de Montréal","Les entreprises Roseneige","t","t","t","t","t","t","t","t","t","t","t","t","t","t",,,,,,,,,,,,,,,"2026-09-02T00:02:08Z",-73.5803182510715,45.52352859396918
"6a91c0198d88dc00127da405","OCC-2608UO26591970",,"St-Laurent","Travaux","Permis émis","2026-08-31T20:00:00Z","2026-09-14T19:59:59Z","Construction/rénovation avec excavation","Côte-de-Liesse entre Dalton et Migneron","Entreprise","Construction N.R.C. Inc","t","t","t","t","t","t","t","t","t","t","t","t","t","t",,,,,,,,,,,,,,,"2026-09-02T00:02:08Z",-73.68831227884424,45.48789346896901
"6a91c2de8d88dc00127da5b9","OCC-2608DH26336020","515101","Verdun","Travaux","Permis émis","2026-08-03T20:00:00Z","2026-09-19T19:59:59Z","Construction/rénovation avec excavation","Gertrude entre Régina et Église","Entrepreneur sous contrat avec la Ville de Montréal","Eurovia Québec Grands Projets","t","t","t","t","t","t","t","t","t","t","t","t","t","t",,,,,,,,,,,,,,,"2026-09-02T00:02:08Z",-73.56951658413715,45.46501959016033
"6a91c6c28d88dc00127da6e5","OCC-2608OH26329538","1783240","Le Plateau-Mont-Royal","Travaux","Permis émis","2026-08-30T20:00:00Z","2026-09-11T19:59:59Z","Construction/rénovation avec excavation","Saint-André entre De Bienville et Gilford","Entrepreneur sous contrat avec la Ville de Montréal","Urbex Construction INC","t","t","t","t","t","t","t","t","t","t","t","t","t","t",,,,,,,,,,,,,,,"2026-09-02T00:02:08Z",-73.58440920823396,45.52816899192676
"6a91c8368d981b0012f6fb1f","OCC-2608AS26327568","1783240","Le Plateau-Mont-Royal","Travaux","Permis émis","2026-08-30T20:00:00Z","2026-09-11T19:59:59Z","Construction/rénovation avec excavation","Mentana entre Gilford et Gilford","Entrepreneur sous contrat avec la Ville de Montréal","Urbex Construction INC","t","t","t","t","t","t","t","t","t","t","t","t","t","t",,,,,,,,,,,,,,,"2026-09-02T00:02:08Z",-73.58400856103309,45.52874896820886
"6a9585538d981b0012f7147e","OCC-2608JI26500800","2675","Outremont","Travaux","Permis émis","2026-07-12T20:00:00Z","2026-09-18T19:59:59Z","Construction/rénovation avec excavation","Querbes entre Saint-Viateur et Bernard","Entrepreneur sous contrat avec la Ville de Montréal","Les Entreprises PNP Inc.","t","t","t","t","t","t","t","t","t","t","t","t","t","t",,,,,,,,,,,,,,,"2026-09-02T00:02:08Z",-73.6066408480737,45.521415627402405
"6a9586178d981b0012f714d1","OCC-2608FP26500232","2675","Outremont","Travaux","Permis émis","2026-07-12T20:00:00Z","2026-09-18T19:59:59Z","Construction/rénovation avec excavation","Bernard entre Épée et Bloomfield","Entrepreneur sous contrat avec la Ville de Montréal","Les Entreprises PNP Inc.","t","t","t","t","t","t","t","t","t","t","t","t","t","t",,,,,,,,,,,,,,,"2026-09-02T00:02:08Z",-73.60727819006094,45.52103123372729
"6a9587bf8d981b0012f7159e","OCC-2608GI26464471",,"Ville-Marie","Travaux","Permis émis","2026-08-31T20:00:00Z","2026-09-30T19:59:59Z","Construction/rénovation sans excavation","Saint-Laurent entre Marché et Sainte-Catherine","Entreprise","constructions darmax inc.","t","t","t","t","t","t","t","t","t","t","t","t","t","t",,,,,,,,,,,,,,,"2026-09-02T00:02:08Z",-73.56320780443157,45.50966425945565
"6a9589ff8d88dc00127dc7db","OCC-2608ZH26491145","26005","Ville-Marie","Travaux","Permis émis","2026-09-01T20:00:00Z","2026-09-14T19:59:59Z","Trottoirs - Construction","Saint-André entre De Maisonneuve et Mercure","Entrepreneur sous contrat avec la Ville de Montréal","COJALAC INC.","t","t","t","t","t","t","t","t","t","t","t","t","t","t",,,,,,,,,,,,,,,"2026-09-02T00:02:08Z",-73.5600596289781,45.51733702723989
"6a9591af8d981b0012f71783","OCC-2608CD26448617",,"Côte-des-Neiges-Notre-Dame-de-Grâce","Travaux","Permis émis","2026-08-02T20:00:00Z","2026-10-02T19:59:59Z","Construction/rénovation avec excavation","Courtrai entre Lemieux et Westbury",,,"t","f","t","f","t","f","t","f","t","f","f","f","f","f",,,"06:00","17:00","06:00","17:00","06:00","17:00","06:00","17:00","06:00","17:00",,,"2026-09-02T00:02:08Z",-73.64766112243986,45.49521409770651
"6a9594058d88dc00127dcacb","OCC-2608IF26456239",,"Côte-des-Neiges-Notre-Dame-de-Grâce","Travaux","Permis émis","2026-08-02T20:00:00Z","2026-10-02T19:59:59Z","Construction/rénovation avec excavation","Courtrai entre Lemieux et Westbury",,,"t","f","t","f","t","f","t","f","t","f","f","f","f","f",,,"06:00","17:00","06:00","17:00","06:00","17:00","06:00","17:00","06:00","17:00",,,"2026-09-02T00:02:08Z",-73.64715119505743,45.49580572732814
"6a9596368d981b0012f718d9","OCC-2608TI26467095",,"Le Sud-Ouest","Travaux","Permis émis","2026-09-07T20:00:00Z","2026-09-15T19:59:59Z","S-2 Infrastructure souterraine mineure ou équipement hors-sol - Réseaux de gaz ","Charon entre Favard et Wellington","RTU (Réseau technique urbain) ou son sous-traitant
","Énergir","t","f","t","f","t","f","t","f","t","f","t","f","f","f","07:00","19:00","07:00","19:00","07:00","19:00","07:00","19:00","07:00","19:00","07:00","19:00",,,"2026-09-02T00:02:08Z",-73.5579223201744,45.47923335525956
"6a9596678d88dc00127dcb84","OCC-2608VD26459857",,"Côte-des-Neiges-Notre-Dame-de-Grâce","Travaux","Permis émis","2026-08-02T20:00:00Z","2026-10-02T19:59:59Z","Construction/rénovation avec excavation","Courtrai entre Lemieux et Westbury",,,"t","f","t","f","t","f","t","f","t","f","f","f","f","f",,,"06:00","17:00","06:00","17:00","06:00","17:00","06:00","17:00","06:00","17:00",,,"2026-09-02T00:02:08Z",-73.64688271563003,45.49610204296432
"67aa2bba5408a50019f09128","OCC-2502JK09241647",,"Saint-Léonard","Travaux","Permis émis","2025-02-14T19:00:00Z","2028-01-01T18:59:59Z","Autre","Jean-Talon entre Buies et Cannes","Organisation publique ou son sous-traitant","Société de transports de Montréal (STM) Prolongement de la ligne bleue","t","t","t","t","t","t","t","t","t","t","t","t","t","t",,,,,,,,,,,,,,,"2025-02-13T00:01:14Z",-73.58525077645233,45.57391480772604
"67aa2e0e5408a50019f091e8","OCC-2502YE09408703",,"Saint-Léonard","Travaux","Permis émis","2025-02-14T19:00:00Z","2028-01-01T18:59:59Z","Autre","Jean-Talon entre Buies et Cannes","Organisation publique ou son sous-traitant","Société de transports de Montréal (STM) Prolongement de la ligne bleue","t","t","t","t","t","t","t","t","t","t","t","t","t","t",,,,,,,,,,,,,,,"2025-02-13T00:01:14Z",-73.58512640923853,45.57385413389958
"67aa34a55408a50019f092ba","OCC-2502YS09403310",,"Saint-Léonard","Travaux","Permis émis","2025-02-14T19:00:00Z","2028-01-01T18:59:59Z","Autre","Cannes entre Jean-Talon et Viau","Organisation publique ou son sous-traitant","Société de transports de Montréal (STM) Prolongement de la ligne bleue","t","t","t","t","t","t","t","t","t","t","t","t","t","t",,,,,,,,,,,,,,,"2025-02-13T00:01:14Z",-73.58534043224999,45.57412039085925
"6a95999f8d981b0012f71a69","OCC-2608SO26494905",,"Le Plateau-Mont-Royal","Travaux","Permis émis","2026-08-31T20:00:00Z","2026-09-30T19:59:59Z","Construction/rénovation sans excavation","Saint-Hubert entre Marie-Anne et Mont-Royal","Entreprise","MAÇONNERIE L.M.R. INC.","t","t","t","t","t","t","t","t","t","t","t","t","t","t",,,,,,,,,,,,,,,"2026-09-02T00:02:08Z",-73.58123510223552,45.52552491704276
"67aa3926c3a7420019dca2fd","OCC-2502CK09358150",,"Saint-Léonard","Travaux","Permis émis","2025-02-14T19:00:00Z","2028-01-01T18:59:59Z","Autre","Cannes entre Jean-Talon et Viau","Organisation publique ou son sous-traitant","Société de transports de Montréal (STM) Prolongement de la ligne bleue","t","t","t","t","t","t","t","t","t","t","t","t","t","t",,,,,,,,,,,,,,,"2025-02-13T00:01:14Z",-73.58529460039391,45.57420010135102
"67aa3ef05408a50019f0945a","OCC-2502FA09299032",,"Saint-Léonard","Travaux","Permis émis","2025-02-14T19:00:00Z","2028-01-01T18:59:59Z","Autre","Cannes entre Baunard et Jean-Talon","Organisation publique ou son sous-traitant","Société de transports de Montréal (STM) Prolongement de la ligne bleue","t","t","t","t","t","t","t","t","t","t","t","t","t","t",,,,,,,,,,,,,,,"2025-02-13T00:01:14Z",-73.58464325374113,45.57393342456388
"67aa441d5408a50019f0954e","OCC-2502KS09333172",,"Saint-Léonard","Travaux","Permis émis","2025-02-14T19:00:00Z","2028-01-01T18:59:59Z","Autre","Viau entre Paisley et Jean-Talon","Organisation publique ou son sous-traitant","Société de transports de Montréal (STM) Prolongement de la ligne bleue","t","t","t","t","t","t","t","t","t","t","t","t","t","t",,,,,,,,,,,,,,,"2025-02-13T00:01:14Z",-73.58421860141873,45.574749745249584
"6a95bf208d981b0012f72484","OCC-2608YB26565205",,"Ville-Marie","Travaux","Permis émis","2026-07-16T20:00:00Z","2026-10-02T19:59:59Z","Construction/rénovation sans excavation","Capitale entre Saint-Sulpice et Royale","Entreprise","Pomerleau","t","t","t","t","t","t","t","t","t","t","t","t","t","t",,,,,,,,,,,,,,,"2026-09-02T00:02:08Z",-73.5541540760502,45.503832238727455
"6a91d46a8d88dc00127daaf0","OCC-2609WV00641521","516107","St-Laurent","Travaux","Permis émis","2026-09-03T20:00:00Z","2026-10-02T19:59:59Z","Autre","Henri-Bourassa entre Alfred-Nobel et Hymus","Entrepreneur sous contrat avec la Ville de Montréal","Construction N.R.C. Inc","t","f","t","f","t","f","t","f","t","f","f","f","f","f",,,"07:00","18:00","07:00","18:00","07:00","18:00","07:00","18:00","07:00","18:00",,,"2026-09-03T00:02:08Z",-73.76339892661966,45.48814349446808
"6a95c1b38d88dc00127dd89b","OCC-2608RZ26592469","327401","St-Laurent","Travaux","Permis émis","2026-08-30T20:00:00Z","2026-09-25T19:59:59Z","Construction/rénovation avec excavation","Thimens entre Henri-Bourassa et Guénette","Entrepreneur sous contrat avec la Ville de Montréal","Pronex Excavation","t","t","t","t","t","t","t","t","t","t","t","t","t","t",,,,,,,,,,,,,,,"2026-09-02T00:02:08Z",-73.7426284221609,45.50596143326207
"6a95c2308d981b0012f72596","OCC-2608XS26630314",,"Côte-des-Neiges-Notre-Dame-de-Grâce","Travaux","Permis émis","2026-08-31T20:00:00Z","2026-09-11T19:59:59Z","Construction/rénovation sans excavation","Vendôme entre Sherbrooke et Côte-Saint-Antoine","Entreprise","SMR Experts Inc.","t","t","t","t","t","t","t","t","t","t","t","t","t","t",,,,,,,,,,,,,,,"2026-09-02T00:02:08Z",-73.60737306833697,45.47598264652059
"6a95c4bd8d981b0012f72694","OCC-2608CW26584399",,"Rosemont-La Petite-Patrie","Travaux","Permis émis","2026-09-07T20:00:00Z","2026-09-15T19:59:59Z","S-2 Infrastructure souterraine mineure ou équipement hors-sol - Réseaux de gaz ","8e entre Laurier et Masson","RTU (Réseau technique urbain) ou son sous-traitant
","Énergir","t","f","t","f","t","f","t","f","t","f","t","f","f","f","07:00","19:00","07:00","19:00","07:00","19:00","07:00","19:00","07:00","19:00","07:00","19:00",,,"2026-09-02T00:02:08Z",-73.57179380297376,45.548466309102345
"69b9277e2f414e0012e9c46e","OCC-2603CT14245332","514701","Verdun","Travaux","Permis émis","2026-03-16T20:00:00Z","2026-11-02T18:59:59Z","Construction/rénovation avec excavation","Parc Monseigneur-J.-A.-Richard","Entrepreneur sous contrat avec la Ville de Montréal","Demix construction","t","t","t","t","t","t","t","t","t","t","t","t","t","t",,,,,,,,,,,,,,,"2026-03-19T00:01:58Z",-73.56295655198909,45.45864631363988
"6a95cb968d981b0012f72a3f","OCC-2608NL26600840","524204","Villeray-Saint-Michel-Parc-Extension","Travaux","Permis émis","2026-07-19T20:00:00Z","2026-09-18T19:59:59Z","Autre","Boyer entre Le Gardeur et Liège","Entrepreneur sous contrat avec la Ville de Montréal","FER-PAL CONSTRUCTION LTD.","t","t","t","t","t","t","t","t","t","t","t","t","t","t",,,,,,,,,,,,,,,"2026-09-02T00:02:08Z",-73.62997064599035,45.54883852118172
"6a95c6688d981b0012f72767","OCC-2608SB26616786",,"Rivière-des-Prairies-Pointe-aux-Trembles","Travaux","Permis émis","2026-09-10T20:00:00Z","2026-09-11T19:59:59Z","Autre","Sherbrooke entre 8e et Saint-Jean-Baptiste","Organisation publique ou son sous-traitant","Québecor Média Inc.","t","f","t","f","t","f","t","f","t","f","f","f","f","f",,,"09:00","15:00","09:00","15:00","09:00","15:00","09:00","15:00","09:00","15:00",,,"2026-09-02T00:02:08Z",-73.51452685312317,45.64232634318712
"69b155091379cd0012b4a9b4","OCC-2603KS15166551","445710","Villeray-Saint-Michel-Parc-Extension","Travaux","Permis émis","2026-03-22T20:00:00Z","2026-10-01T19:59:59Z","Construction/rénovation avec excavation","De Castelnau entre Saint-Denis et Lajeunesse","Entrepreneur sous contrat avec la Ville de Montréal","Les Entreprises Michaudville","t","t","t","t","t","t","t","t","t","t","t","t","t","t",,,,,,,,,,,,,,,"2026-03-20T00:01:41Z",-73.61695541781856,45.539759865806616
"69b1586a9ece830012ff13d5","OCC-2603PL15167042","445710","Villeray-Saint-Michel-Parc-Extension","Travaux","Permis émis","2026-03-22T20:00:00Z","2026-10-01T19:59:59Z","Construction/rénovation sans excavation","Berri entre Jean-Talon et De Castelnau","Entrepreneur sous contrat avec la Ville de Montréal","Les Entreprises Michaudville","t","t","t","t","t","t","t","t","t","t","t","t","t","t",,,,,,,,,,,,,,,"2026-03-20T00:01:41Z",-73.61652302519877,45.539634869625
"69b159ea9ece830012ff1434","OCC-2603EB15172836","445710","Villeray-Saint-Michel-Parc-Extension","Travaux","Permis émis","2026-03-22T20:00:00Z","2026-10-01T19:59:59Z","Construction/rénovation avec excavation","Saint-Denis entre Jean-Talon et Faillon","Entrepreneur sous contrat avec la Ville de Montréal","Les Entreprises Michaudville","t","t","t","t","t","t","t","t","t","t","t","t","t","t",,,,,,,,,,,,,,,"2026-03-20T00:01:41Z",-73.61758993407837,45.53866338724491
"69b15d579ece830012ff1503","OCC-2603JC15173243","445710","Villeray-Saint-Michel-Parc-Extension","Travaux","Permis émis","2026-03-22T20:00:00Z","2026-10-01T19:59:59Z","Construction/rénovation avec excavation","Drolet entre Jean-Talon et Faillon","Entrepreneur sous contrat avec la Ville de Montréal","Les Entreprises Michaudville","t","t","t","t","t","t","t","t","t","t","t","t","t","t",,,,,,,,,,,,,,,"2026-03-20T00:01:41Z",-73.6177063740364,45.53846954712032
"67c9dbd0c73b0c001ec441a0","OCC-2503IG05033438",,"Saint-Léonard","Travaux","Permis émis","2025-03-09T20:00:00Z","2028-01-01T18:59:59Z","Autre","Lacordaire entre Mans et Paimpol","Organisation publique ou son sous-traitant","Société de transports de Montréal (STM) Prolongement de la ligne bleue","t","t","t","t","t","t","t","t","t","t","t","t","t","t",,,,,,,,,,,,,,,"2025-03-08T00:01:14Z",-73.58540078253425,45.581677351750514
"69824d7cf9ce480012a94dcb","OCC-2602NA03094371",,"Ville-Marie","Travaux","Permis émis","2026-02-03T19:00:00Z","2028-01-11T18:59:59Z","Autre","Atateken entre Amherst et Amherst","Ville de Montréal",,"t","t","t","t","t","t","t","t","t","t","t","t","t","t",,,,,,,,,,,,,,,"2026-02-06T00:01:45Z",-73.5579246211152,45.51791230981035
"675ae06624b8b20019726925","OCC-2412GU09981878","240575","Rosemont-La Petite-Patrie","Travaux","Permis émis","2024-12-11T19:00:00Z","2027-06-30T19:59:59Z","Autre","Saint-Joseph entre Chassé et 2e","Entrepreneur sous contrat avec la Ville de Montréal","SEAGERFILM INC.","t","t","t","t","t","t","t","t","t","t","t","t","t","t",,,,,,,,,,,,,,,"2024-12-14T00:01:24Z",-73.57155592378483,45.54410132362871
"696a9242827929001233deec","OCC-2601DT16050320",,"Ville-Marie","Travaux","Permis émis","2026-01-18T19:00:00Z","2026-12-31T18:59:59Z","Construction/rénovation sans excavation","Victoria entre Président-Kennedy et Sherbrooke","Entreprise","EPSYLON CONCEPT INC.","t","t","t","t","t","t","t","t","t","t","t","t","t","t",,,,,,,,,,,,,,,"2026-01-21T00:01:47Z",-73.57320740054288,45.50398890732812
"6a95a49f8d88dc00127dd128","OCC-2608DG26500182",,"Le Sud-Ouest","Travaux","Permis émis","2026-08-30T20:00:00Z","2026-09-18T19:59:59Z","Autre","Parc de l' Allée des Tanneries (nom non officiel)","Ville de Montréal",,"t","f","t","f","t","f","t","f","t","f","f","f","f","f",,,"07:00","19:00","07:00","19:00","07:00","19:00","07:00","19:00","07:00","19:00",,,"2026-09-02T00:02:08Z",-73.59371734436128,45.4727977053988
"69f8fac6c902f20012c88bdd","OCC-2605FT04086196","405720","Le Sud-Ouest","Travaux","Permis émis","2026-05-04T20:00:00Z","2026-09-30T19:59:59Z","Autre","Murray entre Wellington et Ottawa","Entrepreneur sous contrat avec la Ville de Montréal","Les Excavations Super Inc.","t","t","t","t","t","t","t","t","t","t","t","t","t","t",,,,,,,,,,,,,,,"2026-05-07T00:02:02Z",-73.55888028981792,45.49249174148963
"6a74cf558d981b0012f47301","OCC-2608IF26543639",,"Outremont","Travaux","Permis émis","2026-09-07T20:00:00Z","2026-09-25T19:59:59Z","S-2 Infrastructure souterraine mineure ou équipement hors-sol - Réseaux électriques, télécommunications ou câbles des distributions ","Van Horne entre Hutchison et Durocher","CSEM (Commission des services électriques de Montréal) ou son sous-traitant
","G-TEK INC.","t","t","t","t","t","t","t","t","t","t","t","t","t","t",,,,,,,,,,,,,,,"2026-09-02T00:02:08Z",-73.61139039188966,45.52462545579707
"6a3e9a2734772f0012a79469","OCC-2606KX24883672",,"Ville-Marie","Travaux","Permis émis","2026-06-30T20:00:00Z","2026-12-31T18:59:59Z","Construction/rénovation sans excavation","Ruelle","Entreprise","Construction Alma Inc.","t","t","t","t","t","t","t","t","t","t","t","t","t","t",,,,,,,,,,,,,,,"2026-07-01T00:01:46Z",-73.55721857409893,45.51273663222375
"67a0f3b121e81e0012432bb6","OCC-2502MC02498913",,"Saint-Léonard","Travaux","Permis émis","2025-02-02T19:00:00Z","2028-01-01T18:59:59Z","Autre","Parc Ladauversière","Organisation publique ou son sous-traitant","Société de transports de Montréal (STM) Prolongement de la ligne bleue","t","t","t","t","t","t","t","t","t","t","t","t","t","t",,,,,,,,,,,,,,,"2025-02-05T00:01:23Z",-73.58162877331972,45.58253769125643
"6a918ffe8d88dc00127d93b5","OCC-2608CW23829977",,"Rosemont-La Petite-Patrie","Travaux","Permis émis","2026-08-14T20:00:00Z","2026-10-02T19:59:59Z","Construction/rénovation sans excavation","André-Laurendeau entre William-Tremblay et Mont-Royal","Entreprise","St-Denis Thompson","t","t","t","t","t","t","t","t","t","t","t","t","t","t",,,,,,,,,,,,,,,"2026-09-02T00:02:08Z",-73.56619741424598,45.54411293651567
"6a9190928d88dc00127d940c","OCC-2608WD23832910",,"Rosemont-La Petite-Patrie","Travaux","Permis émis","2026-08-14T20:00:00Z","2026-10-02T19:59:59Z","Construction/rénovation sans excavation","André-Laurendeau entre William-Tremblay et Mont-Royal","Entreprise","St-Denis Thompson","t","t","t","t","t","t","t","t","t","t","t","t","t","t",,,,,,,,,,,,,,,"2026-09-02T00:02:08Z",-73.56622959318491,45.54404326471968
"6a9193748d981b0012f6e84c","OCC-2608VJ26448726","2601","Villeray-Saint-Michel-Parc-Extension","Travaux","Permis émis","2026-09-04T20:00:00Z","2026-09-11T19:59:59Z","Construction/rénovation sans excavation","Birnam entre Ogilvy et Saint-Roch","Entrepreneur sous contrat avec la Ville de Montréal","COJALAC INC.","t","t","t","t","t","t","t","t","t","t","t","t","t","t",,,,,,,,,,,,,,,"2026-09-02T00:02:08Z",-73.62917409372479,45.52581007354768
"6a9199d48d88dc00127d97c3","OCC-2608NM26451664","2601","Villeray-Saint-Michel-Parc-Extension","Travaux","Permis émis","2026-09-04T20:00:00Z","2026-09-11T19:59:59Z","Construction/rénovation sans excavation","Outremont entre Ogilvy et Saint-Roch","Entrepreneur sous contrat avec la Ville de Montréal","COJALAC INC.","t","t","t","t","t","t","t","t","t","t","t","t","t","t",,,,,,,,,,,,,,,"2026-09-02T00:02:08Z",-73.62847050956381,45.52738722626817
"6a91ccbb8d981b0012f6fc3a","OCC-2608EX26532843","514101","Ahuntsic-Cartierville","Travaux","Permis émis","2026-09-01T20:00:00Z","2026-09-11T19:59:59Z","Égouts et aqueducs - Réhabilitation","Séguin entre Henri-Bourassa et Gouin","Entrepreneur sous contrat avec la Ville de Montréal","Roxboro Excavation Inc.","t","f","t","f","t","f","t","f","t","f","f","f","f","f",,,"07:00","16:00","07:00","16:00","07:00","16:00","07:00","16:00","07:00","16:00",,,"2026-09-02T00:02:08Z",-73.65810180193394,45.57161992222482
"6a91d4eb8d88dc00127dab2f","OCC-2608OT26623062","1789914","Le Plateau-Mont-Royal","Travaux","Permis émis","2026-09-07T20:00:00Z","2026-09-11T19:59:59Z","Autre","Esplanade entre Marie-Anne et Mont-Royal","Entrepreneur sous contrat avec la Ville de Montréal","NEXXFIELD INC.","t","f","t","f","t","f","t","f","t","f","f","f","f","f",,,"07:00","19:00","07:00","19:00","07:00","19:00","07:00","19:00","07:00","19:00",,,"2026-09-02T00:02:08Z",-73.58691435440474,45.5178717177816
"6a91d6b18d88dc00127dabc0","OCC-2608SD26478363",,"St-Laurent","Travaux","Permis émis","2026-08-30T20:00:00Z","2026-09-11T19:59:59Z","Autre","Thimens entre Cousens et Henri-Bourassa","Organisation publique ou son sous-traitant","Hydro-Québec","f","f","f","f","f","f","f","f","f","f","t","t","t","t",,,,,,,,,,,,,,,"2026-09-02T00:02:08Z",-73.73951767326508,45.503905560921055
"690a0ed25bd9d800127bd8f8","OCC-2511RL24029542",,"Mercier-Hochelaga-Maisonneuve","Travaux","Permis émis","2025-12-31T19:00:00Z","2026-12-31T18:59:59Z","Construction/rénovation sans excavation","Pie-IX entre Port-de-Montréal et Notre-Dame","Entreprise","Pomerleau","t","t","t","t","t","t","t","t","t","t","t","t","t","t",,,,,,,,,,,,,,,"2025-11-30T00:01:38Z",-73.5326162095957,45.54745400583338
"6a91eac58d88dc00127db076","OCC-2608RJ26671160","25002","St-Laurent","Travaux","Permis émis","2026-09-01T20:00:00Z","2026-09-18T19:59:59Z","Réseaux routier - Réfection et travaux corrélatifs","Leduc entre Église et Decelles","Entrepreneur sous contrat avec la Ville de Montréal","PAVAGES MULTIPRO INC.","t","t","t","t","t","t","t","t","t","t","t","t","t","t",,,,,,,,,,,,,,,"2026-09-02T00:02:08Z",-73.6819808732819,45.509366471453646
"6a95ab088d88dc00127dd2bf","OCC-2608PF26549871",,"Rosemont-La Petite-Patrie","Travaux","Permis émis","2026-09-02T20:00:00Z","2026-12-18T18:59:59Z","Construction/rénovation sans excavation","Cartier entre Dandurand et Carrières","Entreprise","Corsim Construction Inc.","t","t","t","t","t","t","t","t","t","t","t","t","t","t",,,,,,,,,,,,,,,"2026-09-02T00:02:08Z",-73.58639297580613,45.53934654307745
"6a95ac2b8d88dc00127dd2d8","OCC-2608YX26573894","2603","Rivière-des-Prairies-Pointe-aux-Trembles","Travaux","Permis émis","2026-08-31T20:00:00Z","2026-11-13T18:59:59Z","Égouts et aqueducs - Excavation","Wilfrid-Ouellette entre Anselme-Baril et Louis-Lumière","Entrepreneur sous contrat avec la Ville de Montréal","Les Entreprises Michaudville","t","t","t","t","t","t","t","t","t","t","t","t","t","t",,,,,,,,,,,,,,,"2026-09-02T00:02:08Z",-73.57285155845973,45.65134700718581
"698f2226f521230012f188d8","OCC-2602VQ10853583",,"Ville-Marie","Travaux","Permis émis","2026-02-12T19:00:00Z","2028-01-11T18:59:59Z","Autre","Saint-Christophe entre La Fayette et Ontario","Ville de Montréal",,"t","t","t","t","t","t","t","t","t","t","t","t","t","t",,,,,,,,,,,,,,,"2026-02-15T00:02:04Z",-73.56375229782871,45.51826925514558
"698f2318f521230012f1891e","OCC-2602RO10890705",,"Ville-Marie","Travaux","Permis émis","2026-02-12T19:00:00Z","2028-01-11T18:59:59Z","Autre","Saint-Christophe entre La Fayette et Ontario","Ville de Montréal",,"t","t","t","t","t","t","t","t","t","t","t","t","t","t",,,,,,,,,,,,,,,"2026-02-15T00:02:04Z",-73.56364191827197,45.51828250419475
"6a95b2438d981b0012f71f77","OCC-2608VH26584686",,"Mercier-Hochelaga-Maisonneuve","Travaux","Permis émis","2026-09-11T20:00:00Z","2026-09-12T19:59:59Z","Entretien","Marseille entre Haig et Lyall","RTU (Réseau technique urbain) ou son sous-traitant
","Hydro-Québec-Entrave courte durée","f","f","f","f","f","f","f","f","f","f","t","f","f","f","08:00","12:00",,,,,,,,,,,,,"2026-09-02T00:02:08Z",-73.53707783156204,45.58506158474598
"67aa536cc3a7420019dca760","OCC-2502DE09320166",,"Saint-Léonard","Travaux","Permis émis","2025-02-14T19:00:00Z","2028-01-01T18:59:59Z","Autre","Viau entre Paisley et Jean-Talon","Organisation publique ou son sous-traitant","Société de transports de Montréal (STM) Prolongement de la ligne bleue","t","t","t","t","t","t","t","t","t","t","t","t","t","t",,,,,,,,,,,,,,,"2025-02-13T00:01:14Z",-73.58325427031835,45.57459239433943
"6a959fc38d981b0012f71bdd","OCC-2608XV26489521","2026020","Mercier-Hochelaga-Maisonneuve","Travaux","Permis émis","2026-08-23T20:00:00Z","2026-09-11T19:59:59Z","Construction/rénovation sans excavation","Pierre-De Coubertin entre Granby et Langelier","Entrepreneur sous contrat avec la Ville de Montréal","Demix construction","t","f","t","f","t","f","t","f","t","f","f","f","f","f",,,"07:00","19:00","07:00","19:00","07:00","19:00","07:00","19:00","07:00","19:00",,,"2026-09-02T00:02:08Z",-73.5354584393892,45.57996631827484
"6a95a09c8d88dc00127dcfff","OCC-2608PA26502989",,"Mercier-Hochelaga-Maisonneuve","Travaux","Permis émis","2026-08-31T20:00:00Z","2026-09-30T19:59:59Z","Construction/rénovation sans excavation","Hochelaga entre Lepailleur et Bruxelles","Organisation publique ou son sous-traitant","LES ENTREPRISES FRASER ET GAUTHIER INC.","t","f","t","f","t","f","t","f","t","f","f","f","f","f",,,"07:00","15:00","07:00","15:00","07:00","15:00","07:00","15:00","07:00","15:00",,,"2026-09-02T00:02:08Z",-73.52511347846144,45.59170036221459
"6a95a2c18d88dc00127dd0ba","OCC-2608EG26569970",,"Ville-Marie","Travaux","Permis émis","2026-08-31T20:00:00Z","2026-11-30T18:59:59Z","Construction/rénovation sans excavation","Notre-Dame entre Saint-Henri et Gauvin","Entreprise","LES PROPRIÉTÉS BULLION INC.","t","t","t","t","t","t","t","t","t","t","t","t","t","t",,,,,,,,,,,,,,,"2026-09-02T00:02:08Z",-73.56016887372779,45.50024190061795
"6a95a37b8d88dc00127dd0ed","OCC-2608MY26543664",,"Rosemont-La Petite-Patrie","Travaux","Permis émis","2026-09-01T20:00:00Z","2026-09-18T19:59:59Z","Autre","Chambord entre Rosemont et Bellechasse","Entreprise","Montreal Scellant Inc.","t","f","t","f","t","f","t","f","t","f","f","f","f","f",,,"06:00","18:00","06:00","18:00","06:00","18:00","06:00","18:00","06:00","18:00",,,"2026-09-02T00:02:08Z",-73.59468741571018,45.5376297431579
"6a95b44d8d981b0012f7202a","OCC-2608AK26557135",,"Rivière-des-Prairies-Pointe-aux-Trembles","Travaux","Permis émis","2026-09-10T20:00:00Z","2026-09-11T19:59:59Z","Entretien","82e entre Victoria et Forsyth","RTU (Réseau technique urbain) ou son sous-traitant
","Hydro-Québec-Entrave courte durée","t","f","t","f","t","f","t","f","t","f","f","f","f","f",,,"08:00","12:00","08:00","12:00","08:00","12:00","08:00","12:00","08:00","12:00",,,"2026-09-02T00:02:08Z",-73.49493246137197,45.69068161577245
"6a91d1a38d88dc00127da9dc","OCC-2609VU00642061","516107","St-Laurent","Travaux","Permis émis","2026-09-03T20:00:00Z","2026-10-02T19:59:59Z","Autre","Henri-Bourassa entre Transcanadienne et Hymus","Entrepreneur sous contrat avec la Ville de Montréal","Construction N.R.C. Inc","t","f","t","f","t","f","t","f","t","f","f","f","f","f",,,"07:00","18:00","07:00","18:00","07:00","18:00","07:00","18:00","07:00","18:00",,,"2026-09-03T00:02:08Z",-73.76318902726614,45.48842130578477
"6a95b8948d88dc00127dd59f","OCC-2608LH26550432",,"Rosemont-La Petite-Patrie","Travaux","Permis émis","2026-09-07T20:00:00Z","2026-09-10T19:59:59Z","Égouts et aqueducs - Inspection et nettoyage","Bellechasse entre De Saint-Vallier et De Chateaubriand","Ville de Montréal",,"t","f","t","f","t","f","t","f","t","f","f","f","f","f",,,"09:00","15:00","09:00","15:00","09:00","15:00","09:00","15:00","09:00","15:00",,,"2026-09-02T00:02:08Z",-73.60074879927049,45.53389275657541
"6a95ba7a8d981b0012f72303","OCC-2608TA26641554",,"Côte-des-Neiges-Notre-Dame-de-Grâce","Travaux","Permis émis","2026-09-11T20:00:00Z","2026-09-13T19:59:59Z","Autre","Ruelle","Ville de Montréal",,"f","f","f","f","f","f","f","f","f","f","t","f","t","f","15:00","22:00",,,,,,,,,,,"15:00","22:00","2026-09-02T00:02:08Z",-73.61616085918283,45.46902971968714
"6a95bc848d981b0012f7238c","OCC-2608IR26557389","505801","Mercier-Hochelaga-Maisonneuve","Travaux","Permis émis","2026-03-29T20:00:00Z","2026-10-31T19:59:59Z","Construction/rénovation avec excavation","Pie-IX entre Pierre-De Coubertin et Sherbrooke","Entrepreneur sous contrat avec la Ville de Montréal","Pomerleau Inc.","t","t","t","t","t","t","t","t","t","t","t","t","t","t",,,,,,,,,,,,,,,"2026-09-02T00:02:08Z",-73.55304951430278,45.5540025873618
"6a95bc0c8d88dc00127dd6e4","OCC-2608OB26642029",,"Côte-des-Neiges-Notre-Dame-de-Grâce","Travaux","Permis émis","2026-09-11T20:00:00Z","2026-09-13T19:59:59Z","Autre","Prud'homme entre Saint-Jacques et Crowley","Ville de Montréal",,"f","f","f","f","f","f","f","f","f","f","t","f","t","f","11:00","18:00",,,,,,,,,,,"11:00","18:00","2026-09-02T00:02:08Z",-73.6042396652938,45.47118236035227
"6a95bdc38d88dc00127dd7a0","OCC-2608QU26585632",,"Rosemont-La Petite-Patrie","Travaux","Permis émis","2026-09-07T20:00:00Z","2026-09-10T19:59:59Z","Égouts et aqueducs - Inspection et nettoyage","De Chateaubriand entre Beaubien et Saint-Zotique","Ville de Montréal",,"t","f","t","f","t","f","t","f","t","f","f","f","f","f",,,"08:00","15:00","08:00","15:00","08:00","15:00","08:00","15:00","08:00","15:00",,,"2026-09-02T00:02:08Z",-73.60706787046674,45.53688508146744
"6a4403d034772f0012a7f829","OCC-2606DN25775903","1784590","Ville-Marie","Travaux","Permis émis","2026-06-29T20:00:00Z","2026-11-30T18:59:59Z","Autre","Redpath entre Docteur-Penfield et Redpath","Entrepreneur sous contrat avec la Ville de Montréal","Les Entreprises Ventec Inc","t","t","t","t","t","t","t","t","t","t","t","t","t","t",,,,,,,,,,,,,,,"2026-07-02T00:01:49Z",-73.58436621997353,45.499809691295134
"6a95be658d88dc00127dd7e0","OCC-2608NO26617526",,"Côte-des-Neiges-Notre-Dame-de-Grâce","Travaux","Permis émis","2026-09-11T20:00:00Z","2026-09-13T19:59:59Z","Autre","Randall entre West Hill et West Hill","Ville de Montréal",,"f","f","f","f","f","f","f","f","f","f","t","f","t","f","10:00","17:00",,,,,,,,,,,"10:00","17:00","2026-09-02T00:02:08Z",-73.63776314676367,45.47029195562485
"69fb47f74b167600129cfc86","OCC-2605WB05006593","2320181","Côte-des-Neiges-Notre-Dame-de-Grâce","Travaux","Permis émis","2026-05-09T20:00:00Z","2026-10-31T19:59:59Z","Égouts et aqueducs - Inspection et nettoyage","Madison entre Saint-Jacques et Sylvia-Smith","Entrepreneur sous contrat avec la Ville de Montréal","Tech Vac Environnement Inc.","t","f","t","f","t","f","t","f","t","f","t","f","t","f","08:00","17:00","07:00","19:00","07:00","19:00","07:00","19:00","07:00","19:00","07:00","19:00","08:00","17:00","2026-05-08T00:01:46Z",-73.62050147587168,45.464099810244
"6a95ca008d981b0012f72974","OCC-2608DQ26593439","524204","Villeray-Saint-Michel-Parc-Extension","Travaux","Permis émis","2026-08-16T20:00:00Z","2026-09-18T19:59:59Z","Autre","Boyer entre Gounod et Jarry","Entrepreneur sous contrat avec la Ville de Montréal","FER-PAL CONSTRUCTION LTD.","t","t","t","t","t","t","t","t","t","t","t","t","t","t",,,,,,,,,,,,,,,"2026-09-02T00:02:08Z",-73.62364646228238,45.54643749352597
"69fb5be9c902f20012c8d32f","OCC-2605YX04876346","2121285","Mercier-Hochelaga-Maisonneuve","Travaux","Permis émis","2026-05-05T20:00:00Z","2026-10-31T19:59:59Z","Autre","Robert-Jurie entre Desautels et Arcand","Entrepreneur sous contrat avec la Ville de Montréal","7574479 CANADA INC.","t","t","t","t","t","t","t","t","t","t","t","t","t","t",,,,,,,,,,,,,,,"2026-05-08T00:01:46Z",-73.54078775654617,45.58471418583843
"6a95d81e8d88dc00127de1cb","OCC-2608SY26627086","1778629","Le Sud-Ouest","Travaux","Permis émis","2026-06-14T20:00:00Z","2026-10-30T19:59:59Z","Construction/rénovation avec excavation","Jacques-Hertel entre Jogues et De Montmagny","Entrepreneur sous contrat avec la Ville de Montréal","Les Entreprises Michaudville","t","t","t","t","t","t","t","t","t","t","t","t","t","t",,,,,,,,,,,,,,,"2026-09-02T00:02:08Z",-73.60413506164673,45.45803420915956
"6a95d84f8d88dc00127de1f7","OCC-2608ZU26637338",,"Ville-Marie","Travaux","Permis émis","2026-08-30T20:00:00Z","2026-10-30T19:59:59Z","Construction/rénovation sans excavation","Gauvin entre Saint-Jacques et Saint-Antoine","Entreprise","Maçonnerie Rainville et Frères","t","t","t","t","t","t","t","t","t","t","t","t","t","t",,,,,,,,,,,,,,,"2026-09-02T00:02:08Z",-73.56174972665548,45.50104783079014
"6a95d8658d88dc00127de20a","OCC-2608PX26627807","1778629","Le Sud-Ouest","Travaux","Permis émis","2026-06-29T20:00:00Z","2026-10-30T19:59:59Z","Trottoirs - Construction","Jacques-Hertel entre Mazarin et De Montmagny","Entrepreneur sous contrat avec la Ville de Montréal","Les Entreprises Michaudville","t","t","t","t","t","t","t","t","t","t","t","t","t","t",,,,,,,,,,,,,,,"2026-09-02T00:02:08Z",-73.60310248526135,45.45825364568113
"6a95d8dc8d88dc00127de239","OCC-2608SV26636246",,"Ville-Marie","Travaux","Permis émis","2026-08-30T20:00:00Z","2026-10-30T19:59:59Z","Construction/rénovation sans excavation","Gauvin entre Saint-Jacques et Saint-Antoine","Entreprise","Maçonnerie Rainville et Frères","t","t","t","t","t","t","t","t","t","t","t","t","t","t",,,,,,,,,,,,,,,"2026-09-02T00:02:08Z",-73.56132352495203,45.50085727560508
"6a4274e9816ebc0012d37a9c","OCC-2606UX25781395","260500","Pierrefonds-Roxboro","Travaux","Permis émis","2026-06-29T20:00:00Z","2026-10-31T19:59:59Z","Construction/rénovation avec excavation","Dollard entre Prince et Lalande","Entrepreneur sous contrat avec la Ville de Montréal","Uniroc Construction Inc.","t","t","t","t","t","t","t","t","t","t","t","t","t","t",,,,,,,,,,,,,,,"2026-07-02T00:01:49Z",-73.79718695164175,45.50900454757293
"69b859543bccc0001399e963","OCC-2603BS15181701","2112","Villeray-Saint-Michel-Parc-Extension","Travaux","Permis émis","2026-04-04T20:00:00Z","2026-12-12T18:59:59Z","Construction/rénovation sans excavation","Jeanne-Mance entre Bellarmin et Crémazie","Entrepreneur sous contrat avec la Ville de Montréal","Construction Demathieu & Bard (CDB) inc.","t","t","t","t","t","t","t","t","t","t","t","t","t","t",,,,,,,,,,,,,,,"2026-03-20T00:01:41Z",-73.64344587251414,45.53640869282913
"6995d9541464910012e623fb","OCC-2602AG15242153",,"Ville-Marie","Travaux","Permis émis","2026-02-17T19:00:00Z","2028-01-11T18:59:59Z","Autre","Atateken entre Amherst et Robin","Ville de Montréal",,"t","t","t","t","t","t","t","t","t","t","t","t","t","t",,,,,,,,,,,,,,,"2026-02-20T00:01:51Z",-73.56016079287971,45.51893717494353
"67c9e12dc73b0c001ec44240","OCC-2503IE05055594",,"Saint-Léonard","Travaux","Permis émis","2025-03-09T20:00:00Z","2028-01-01T18:59:59Z","Autre","Jean-Talon entre Valdombre et Côme","Organisation publique ou son sous-traitant","Société de transports de Montréal (STM) Prolongement de la ligne bleue","t","t","t","t","t","t","t","t","t","t","t","t","t","t",,,,,,,,,,,,,,,"2025-03-08T00:01:14Z",-73.57853629180103,45.58770779826477
"6a918d0f8d981b0012f6e613","OCC-2609CE00463493","527004","Villeray-Saint-Michel-Parc-Extension","Travaux","Permis émis","2026-09-08T20:00:00Z","2026-09-18T19:59:59Z","Autre","20e entre Crémazie et Jarry","Entrepreneur sous contrat avec la Ville de Montréal","Demix construction","t","t","t","t","t","t","t","t","t","t","t","t","t","t",,,,,,,,,,,,,,,"2026-09-03T00:02:08Z",-73.60239202503956,45.56914503029261
"65df39cfd366dc0019e6015d","OCC-2402DH23911848",,"Le Sud-Ouest","Travaux","Permis émis","2024-03-03T19:00:00Z","2026-12-23T18:59:59Z","Autre","Laporte entre Saint-Antoine et De Richelieu","Organisation publique ou son sous-traitant","CRT Construction inc.","t","t","t","t","t","t","t","t","t","t","t","t","t","t",,,,,,,,,,,,,,,"2024-10-29T19:06:02Z",-73.5878001546144,45.48106431767936
"65df3b60d366dc0019e60201","OCC-2402MD23912464",,"Le Sud-Ouest","Travaux","Permis émis","2024-03-03T19:00:00Z","2026-12-23T18:59:59Z","Autre","De Richelieu entre Laporte et Agnès","Organisation publique ou son sous-traitant","CRT Construction inc.","t","t","t","t","t","t","t","t","t","t","t","t","t","t",,,,,,,,,,,,,,,"2024-10-29T19:06:02Z",-73.58777484511506,45.48103299221695
"65df3e36d366dc0019e602b8","OCC-2402PS23914292",,"Le Sud-Ouest","Travaux","Permis émis","2024-03-03T19:00:00Z","2026-12-23T18:59:59Z","Autre","Collège entre Saint-Antoine et De Richelieu","Organisation publique ou son sous-traitant","CRT Construction inc.","t","t","t","t","t","t","t","t","t","t","t","t","t","t",,,,,,,,,,,,,,,"2024-10-29T19:06:02Z",-73.59024966054382,45.47930043862813
"65df4aefd366dc0019e605e0","OCC-2402SN23913847",,"Le Sud-Ouest","Travaux","Permis émis","2024-03-03T19:00:00Z","2026-12-23T18:59:59Z","Construction/rénovation avec excavation","Collège entre Saint-Antoine et De Richelieu","Organisation publique ou son sous-traitant","CRT Construction inc.","t","t","t","t","t","t","t","t","t","t","t","t","t","t",,,,,,,,,,,,,,,"2024-10-29T19:06:02Z",-73.59009272390256,45.47938668777514
"65df4c02d348090019ff440f","OCC-2402NC23914932",,"Le Sud-Ouest","Travaux","Permis émis","2024-03-03T19:00:00Z","2026-12-23T18:59:59Z","Autre","Collège entre Saint-Antoine et De Richelieu","Organisation publique ou son sous-traitant","CRT Construction inc.","t","t","t","t","t","t","t","t","t","t","t","t","t","t",,,,,,,,,,,,,,,"2024-10-29T19:06:02Z",-73.58892387169597,45.47877392525027
"65df4d0cd366dc0019e60645","OCC-2402QV23916153",,"Le Sud-Ouest","Travaux","Permis émis","2024-03-03T19:00:00Z","2026-12-23T18:59:59Z","Autre","Saint-Antoine entre Collège et Saint-Ferdinand","Organisation publique ou son sous-traitant","CRT Construction inc.","t","t","t","t","t","t","t","t","t","t","t","t","t","t",,,,,,,,,,,,,,,"2024-10-29T19:06:02Z",-73.58894033024646,45.47860513951958
"65df4e1ad366dc0019e60675","OCC-2402HU23915467",,"Le Sud-Ouest","Travaux","Permis émis","2024-03-03T19:00:00Z","2026-12-23T18:59:59Z","Autre","Collège entre Saint-Antoine et De Richelieu","Organisation publique ou son sous-traitant","CRT Construction inc.","t","t","t","t","t","t","t","t","t","t","t","t","t","t",,,,,,,,,,,,,,,"2024-10-29T19:06:02Z",-73.58896136283717,45.47870903382729
"65df55d2d366dc0019e6085c","OCC-2402CU23913444",,"Le Sud-Ouest","Travaux","Permis émis","2024-03-03T19:00:00Z","2026-12-23T18:59:59Z","Autre","De Richelieu entre Couvent et Saint-Ferdinand","Organisation publique ou son sous-traitant","CRT Construction inc.","t","t","t","t","t","t","t","t","t","t","t","t","t","t",,,,,,,,,,,,,,,"2024-10-29T19:06:02Z",-73.59031214482674,45.47939500372976
"681ea71b7a06580012f6c2b7","OCC-2505EB11704748",,"Villeray-Saint-Michel-Parc-Extension","Travaux","Permis émis","2025-05-13T20:00:00Z","2028-01-01T18:59:59Z","Autre","17e entre Michel-Ange et Everett","Organisation publique ou son sous-traitant","Société de transports de Montréal (STM) Prolongement de la ligne bleue","t","t","t","t","t","t","t","t","t","t","t","t","t","t",,,,,,,,,,,,,,,"2025-05-16T00:01:26Z",-73.59621911558537,45.56341993160929
"6967f9cc70891e001277120f","OCC-2601LO12832599","441930","Le Sud-Ouest","Travaux","Permis émis","2026-01-15T19:00:00Z","2026-10-23T19:59:59Z","Autre","William entre Robert-Bourassa et Dalhousie","Entrepreneur sous contrat avec la Ville de Montréal","Excavations Darche inc.","t","f","t","f","t","f","t","f","t","f","f","f","f","f",,,"07:00","19:00","07:00","19:00","07:00","19:00","07:00","19:00","07:00","19:00",,,"2026-01-17T00:01:41Z",-73.55939572258931,45.496606475760046
"696a4293827929001233ce2c","OCC-2601ZR13460197","240575 - C","Rosemont-La Petite-Patrie","Travaux","Permis émis","2026-01-15T19:00:00Z","2026-12-31T18:59:59Z","Autre","Saint-Joseph entre Molson et 2e","Entrepreneur sous contrat avec la Ville de Montréal","Pomerleau","t","t","t","t","t","t","t","t","t","t","t","t","t","t",,,,,,,,,,,,,,,"2026-01-18T00:01:49Z",-73.57163856523734,45.54418300448018
"68938db666b6690012d93bf7","OCC-2508SO05906630",,"Saint-Léonard","Travaux","Permis émis","2025-08-09T20:00:00Z","2028-01-01T18:59:59Z","Autre","Angevins entre Angevins et Jean-Talon","Organisation publique ou son sous-traitant","Société de transports de Montréal (STM) Prolongement de la ligne bleue","t","t","t","t","t","t","t","t","t","t","t","t","t","t",,,,,,,,,,,,,,,"2025-08-09T00:01:41Z",-73.58215543770771,45.58052158968094
"698399817e9f5a0012d6defb","OCC-2602ND03283763",,"Ville-Marie","Travaux","Permis émis","2026-02-03T19:00:00Z","2027-02-04T18:59:59Z","Autre","Ontario entre De Bullion et Hôtel-de-Ville","Ville de Montréal",,"t","t","t","t","t","t","t","t","t","t","t","t","t","t",,,,,,,,,,,,,,,"2026-02-06T00:01:45Z",-73.56631763835668,45.51289958987932
"696e5da97cd3be00129b2669","OCC-2601JV16222321",,"Villeray-Saint-Michel-Parc-Extension","Travaux","Permis émis","2025-06-30T20:00:00Z","2028-01-01T18:59:59Z","Autre","Jean-Talon entre 24e et Jean-Talon","Organisation publique ou son sous-traitant","Société de transports de Montréal (STM) Prolongement de la ligne bleue","t","t","t","t","t","t","t","t","t","t","t","t","t","t",,,,,,,,,,,,,,,"2026-01-21T00:01:47Z",-73.590488603546,45.56763295694464
"696e5e00827929001233ee75","OCC-2601EY16222518",,"Villeray-Saint-Michel-Parc-Extension","Travaux","Permis émis","2025-07-08T20:00:00Z","2028-01-01T18:59:59Z","Autre","24e entre Jean-Talon et Everett","Organisation publique ou son sous-traitant","Société de transports de Montréal (STM) Prolongement de la ligne bleue","t","t","t","t","t","t","t","t","t","t","t","t","t","t",,,,,,,,,,,,,,,"2026-01-21T00:01:47Z",-73.59177325898264,45.568122612625935
"698221077e9f5a0012d6c0cc","OCC-2602IS04838859",,"Ville-Marie","Travaux","Permis émis","2026-02-08T19:00:00Z","2028-01-11T18:59:59Z","Autre","Sanguinet entre De Maisonneuve et Marie-Louise-Ricard","Ville de Montréal",,"t","t","t","t","t","t","t","t","t","t","t","t","t","t",,,,,,,,,,,,,,,"2026-02-08T00:01:49Z",-73.56344996486028,45.51370868825201
"691e16ce86dd1a0012a90a63","OCC-2511GB17019026","240575","Rosemont-La Petite-Patrie","Travaux","Permis émis","2025-11-19T19:00:00Z","2026-09-25T19:59:59Z","Construction/rénovation sans excavation","Gilford entre 2e et 3e","Entrepreneur sous contrat avec la Ville de Montréal","Pomerleau","t","f","t","f","t","f","t","f","t","f","f","f","f","f",,,"07:00","19:00","07:00","19:00","07:00","19:00","07:00","19:00","07:00","19:00",,,"2025-11-22T00:01:45Z",-73.57013661451847,45.54418957756446
"69208e2fdf5da8001286deee","OCC-2511NR17866545",,"Villeray-Saint-Michel-Parc-Extension","Travaux","Permis émis","2025-11-19T19:00:00Z","2028-01-01T18:59:59Z","Autre","Saint-Michel entre Shaughnessy et Everett","Organisation publique ou son sous-traitant","Société de transports de Montréal (STM) Prolongement de la ligne bleue","t","t","t","t","t","t","t","t","t","t","t","t","t","t",,,,,,,,,,,,,,,"2025-11-23T00:01:43Z",-73.60008336645514,45.55973558411068
"6a3ebf8034772f0012a7a28a","OCC-2606HK24795344","1784590","Ville-Marie","Travaux","Permis émis","2026-06-28T20:00:00Z","2026-11-30T18:59:59Z","Autre","McGregor entre Docteur-Penfield et Pins","Entrepreneur sous contrat avec la Ville de Montréal","Les Entreprises Ventec Inc","t","t","t","t","t","t","t","t","t","t","t","t","t","t",,,,,,,,,,,,,,,"2026-07-01T00:01:46Z",-73.58507402414065,45.49937561652565
"6a3ee9ff34772f0012a7aa41","OCC-2606FW24753812","514701","Verdun","Travaux","Permis émis","2026-06-29T20:00:00Z","2026-09-14T19:59:59Z","Égouts et aqueducs - Excavation","LaSalle entre Galt et 2e","Entrepreneur sous contrat avec la Ville de Montréal","Demix construction","t","t","t","t","t","t","t","t","t","t","t","t","t","t",,,,,,,,,,,,,,,"2026-07-01T00:01:46Z",-73.5632163465221,45.46002782098099
"6a95a5308d981b0012f71d6c","OCC-2608FE26497083","2026020","Mercier-Hochelaga-Maisonneuve","Travaux","Permis émis","2026-08-04T20:00:00Z","2026-09-29T19:59:59Z","Autre","Pierre-Bernard entre Robitaille et Pierre-Bernard","Entrepreneur sous contrat avec la Ville de Montréal","Demix construction","t","t","t","t","t","t","t","t","t","t","t","t","t","t",,,,,,,,,,,,,,,"2026-09-02T00:02:08Z",-73.54361568533614,45.61065752304555
"6a95a5a08d981b0012f71dbf","OCC-2608QU26498085","2026020","Mercier-Hochelaga-Maisonneuve","Travaux","Permis émis","2026-08-23T20:00:00Z","2026-09-29T19:59:59Z","Autre","Granby entre Pierre-De Coubertin et Granby","Entrepreneur sous contrat avec la Ville de Montréal","Demix construction","t","t","t","t","t","t","t","t","t","t","t","t","t","t",,,,,,,,,,,,,,,"2026-09-02T00:02:08Z",-73.53622586674817,45.57962468991028
"69f9240bc902f20012c88f73","OCC-2605GM04096489","2621247","St-Laurent","Travaux","Permis émis","2026-05-04T20:00:00Z","2026-11-01T18:59:59Z","Entretien","Ruelle","Entrepreneur sous contrat avec la Ville de Montréal","Urbex Construction INC","t","t","t","t","t","t","t","t","t","t","t","t","t","t",,,,,,,,,,,,,,,"2026-05-07T00:02:02Z",-73.68197848010377,45.50729538006765
"6a2ac5a3f588d7001216bd34","OCC-2606BE09309861","317601","Rivière-des-Prairies-Pointe-aux-Trembles","Travaux","Permis émis","2026-06-10T20:00:00Z","2026-10-15T19:59:59Z","Construction/rénovation avec excavation","7e entre Notre-Dame et Prince-Albert","Entrepreneur sous contrat avec la Ville de Montréal","Duroking Construction","t","t","t","t","t","t","t","t","t","t","t","t","t","t",,,,,,,,,,,,,,,"2026-06-16T00:01:54Z",-73.49248925227712,45.63778644856773
"6a42aa82816ebc0012d38d45","OCC-2606QS24819549","1652355","Le Plateau-Mont-Royal","Travaux","Permis émis","2026-01-04T19:00:00Z","2026-12-31T18:59:59Z","Autre","Laurier entre De Gaspé et Hôtel-de-Ville","Entrepreneur sous contrat avec la Ville de Montréal","Énergère Inc.","t","f","t","f","t","f","t","f","t","f","f","f","f","f",,,"07:00","17:00","07:00","17:00","07:00","17:00","07:00","17:00","07:00","17:00",,,"2026-07-01T00:01:46Z",-73.59102878588706,45.5251206608199
"6a8df6be8d88dc00127d2216","OCC-2608EU26685822",,"Ville-Marie","Travaux","Permis émis","2026-09-03T20:00:00Z","2026-09-11T19:59:59Z","Égouts et aqueducs - Excavation","D'Iberville entre Ontario et Rouen","Ville de Montréal",,"t","t","t","t","t","t","t","t","t","t","t","t","t","t",,,,,,,,,,,,,,,"2026-09-02T00:02:08Z",-73.55549824698585,45.53339519788618
"6a8eeae38d981b0012f68f51","OCC-2608RS22253486",,"St-Laurent","Travaux","Permis émis","2026-02-27T19:00:00Z","2026-11-30T18:59:59Z","Construction/rénovation sans excavation","Côte-de-Liesse entre Côte-de-Liesse et Côte-de-Liesse","Organisation publique ou son sous-traitant","Pomerleau Inc.","t","t","t","t","t","t","t","t","t","t","t","t","t","t",,,,,,,,,,,,,,,"2026-09-02T00:02:08Z",-73.68875616841024,45.48810046603392
"6a8876618d981b0012f61d83","OCC-2608WB20549399",,"Ville-Marie","Travaux","Permis émis","2026-08-30T20:00:00Z","2026-09-10T19:59:59Z","Égouts et aqueducs - Inspection et nettoyage","D'Youville entre Normand et McGill","Ville de Montréal",,"t","f","t","f","t","f","t","f","t","f","f","f","f","f",,,"08:00","16:00","08:00","16:00","08:00","16:00","08:00","16:00","08:00","16:00",,,"2026-08-26T00:01:58Z",-73.55604728032698,45.500005730128215
"6a8f0fc18d88dc00127d3cf3","OCC-2608VK26523412",,"LaSalle","Travaux","Permis émis","2026-09-07T20:00:00Z","2026-09-18T19:59:59Z","S-2 Infrastructure souterraine mineure ou équipement hors-sol - Réseaux électriques, télécommunications ou câbles des distributions ","Lemieux entre Giovanni-Caboto et Rancourt","CSEM (Commission des services électriques de Montréal) ou son sous-traitant
","Telecon","t","f","t","f","t","f","t","f","t","f","f","f","f","f",,,"07:00","17:00","07:00","17:00","07:00","17:00","07:00","17:00","07:00","17:00",,,"2026-09-02T00:02:08Z",-73.6254695056088,45.42820110939884
"6a8f363f8d981b0012f6a92b","OCC-2608HI26573324",,"Montréal-Nord","Travaux","Permis émis","2026-09-07T20:00:00Z","2026-09-11T19:59:59Z","Construction/rénovation sans excavation","Parc-Georges entre Mont-Joli et Fleury",,,"t","f","t","f","t","f","t","f","t","f","f","f","f","f",,,"07:00","19:00","07:00","19:00","07:00","19:00","07:00","19:00","07:00","19:00",,,"2026-09-02T00:02:08Z",-73.64017715023625,45.58128740131564
"6a3e8a60816ebc0012d35268","OCC-2606JR24624772","2026004","Ahuntsic-Cartierville","Travaux","Permis émis","2026-06-30T20:00:00Z","2026-09-25T19:59:59Z","Trottoirs - Construction","Saint-Urbain entre Sauvé et Prieur","Entrepreneur sous contrat avec la Ville de Montréal","Demix construction","t","t","t","t","t","t","t","t","t","t","t","t","t","t",,,,,,,,,,,,,,,"2026-07-01T00:01:46Z",-73.66573144403688,45.54686635132463
"6a906e9e8d88dc00127d755c","OCC-2608AH26402359",,"Ville-Marie","Travaux","Permis émis","2026-08-30T20:00:00Z","2026-12-17T18:59:59Z","Autre","Non-nommée entre  et Notre-Dame","Entreprise","Les services environnementaux Delsan A.I.M Inc.","t","t","t","t","t","t","t","t","t","t","t","t","t","t",,,,,,,,,,,,,,,"2026-09-02T00:02:08Z",-73.54631977777466,45.51977453322815
"6928ab45df5da800128776a1","OCC-2511YA23182546",,"Ville-Marie","Travaux","Permis émis","2025-11-27T19:00:00Z","2028-01-11T18:59:59Z","Autre","Atateken entre Robin et Amherst","Ville de Montréal",,"t","t","t","t","t","t","t","t","t","t","t","t","t","t",,,,,,,,,,,,,,,"2025-11-29T00:01:39Z",-73.56232473335956,45.51996559831071
"67a243876f011b001287b8b1","OCC-2502SM03201645",,"Saint-Léonard","Travaux","Permis émis","2025-02-03T19:00:00Z","2028-01-01T18:59:59Z","Autre","Cannes entre Baunard et Jean-Talon","Organisation publique ou son sous-traitant","Société de transports de Montréal (STM) Prolongement de la ligne bleue","t","t","t","t","t","t","t","t","t","t","t","t","t","t",,,,,,,,,,,,,,,"2025-02-06T00:01:18Z",-73.58443832951231,45.57384128494512
"6a91ab2e8d88dc00127d9e59","OCC-2608XY26359005","172106","Le Plateau-Mont-Royal","Travaux","Permis émis","2026-09-01T20:00:00Z","2026-09-30T19:59:59Z","Construction/rénovation sans excavation","Fullum entre Saint-Joseph et Laurier","Entrepreneur sous contrat avec la Ville de Montréal","Toiture Perreault Inc","t","f","t","f","t","f","t","f","t","f","f","f","f","f",,,"07:00","17:00","07:00","17:00","07:00","17:00","07:00","17:00","07:00","17:00",,,"2026-09-02T00:02:08Z",-73.57590299885389,45.54010128872478
"6a95b20a8d88dc00127dd34f","OCC-2608OW26595059",,"St-Laurent","Travaux","Permis émis","2026-08-31T20:00:00Z","2026-10-30T19:59:59Z","Autre","Thimens entre Varin et Samson","Organisation publique ou son sous-traitant","Charex inc","t","f","t","f","t","f","t","f","t","f","f","f","f","f",,,"07:00","16:00","07:00","16:00","07:00","16:00","07:00","16:00","07:00","16:00",,,"2026-09-02T00:02:08Z",-73.70039988260068,45.50714784331075
"69b800233bccc0001399cbe2","OCC-2603NG13480706","445710","Villeray-Saint-Michel-Parc-Extension","Travaux","Permis émis","2026-03-22T20:00:00Z","2026-10-01T19:59:59Z","Construction/rénovation sans excavation","Ferland entre Lajeunesse et De Chateaubriand","Entrepreneur sous contrat avec la Ville de Montréal","Les Entreprises Michaudville","t","t","t","t","t","t","t","t","t","t","t","t","t","t",,,,,,,,,,,,,,,"2026-03-18T00:02:16Z",-73.61679628848641,45.54079684499188
"6a95724e8d88dc00127dbf78","OCC-2608EU26557096",,"Montréal-Nord","Travaux","Permis émis","2026-08-31T20:00:00Z","2026-09-30T19:59:59Z","Construction/rénovation sans excavation","Saint-Michel entre Monselet et Henri-Bourassa","Entreprise","R3 Construction Inc.","t","t","t","t","t","t","t","t","t","t","t","t","t","t",,,,,,,,,,,,,,,"2026-09-02T00:02:08Z",-73.64989328778942,45.5837626981567
"6a9574658d981b0012f70e4c","OCC-2608YJ26435710",,"Ville-Marie","Travaux","Permis émis","2026-08-30T20:00:00Z","2026-09-11T19:59:59Z","Construction/rénovation sans excavation","Ruelle","Entreprise","Construction Dinamo","t","t","t","t","t","t","t","t","t","t","t","t","t","t",,,,,,,,,,,,,,,"2026-09-02T00:02:08Z",-73.57390766468797,45.49832326622148
"69b8505ccdfabb0012a86b7d","OCC-2603LX13677841","2226","Côte-des-Neiges-Notre-Dame-de-Grâce","Travaux","Permis émis","2026-03-15T20:00:00Z","2026-10-30T19:59:59Z","Égouts et aqueducs - Excavation","Cavendish entre Saint-Jacques et Cavendish","Entrepreneur sous contrat avec la Ville de Montréal","Excavations Darche inc.","t","t","t","t","t","t","t","t","t","t","t","t","t","t",,,,,,,,,,,,,,,"2026-03-18T00:02:16Z",-73.62504964102475,45.46180831724632
"6a957fd68d981b0012f71278","OCC-2608VX26418034",,"Le Plateau-Mont-Royal","Travaux","Permis émis","2026-09-01T20:00:00Z","2026-09-11T19:59:59Z","S-2 Infrastructure souterraine mineure ou équipement hors-sol - Réseaux électriques, télécommunications ou câbles des distributions ","Lafrance entre Érables et Lafrance","CSEM (Commission des services électriques de Montréal) ou son sous-traitant
","Telecon","t","f","t","f","t","f","t","f","t","f","f","f","f","f",,,"07:00","17:00","07:00","17:00","07:00","17:00","07:00","17:00","07:00","17:00",,,"2026-09-02T00:02:08Z",-73.57043008745032,45.53551890144007
"6a95c74c8d88dc00127ddb22","OCC-2608VA26606100",,"Rivière-des-Prairies-Pointe-aux-Trembles","Travaux","Permis émis","2026-09-10T20:00:00Z","2026-09-11T19:59:59Z","Autre","Sherbrooke entre 8e et Saint-Jean-Baptiste","Organisation publique ou son sous-traitant","Québecor Média Inc.","t","f","t","f","t","f","t","f","t","f","f","f","f","f",,,"07:00","15:00","07:00","15:00","07:00","15:00","07:00","15:00","07:00","15:00",,,"2026-09-02T00:02:08Z",-73.51383897683539,45.64343903060894
"6a95c7658d981b0012f727d4","OCC-2608TX26597384",,"Lachine","Travaux","Permis émis","2026-01-09T19:00:00Z","2026-10-01T19:59:59Z","Construction/rénovation avec excavation","Notre-Dame entre 21e et 23e","Entreprise","Village Urbain","t","t","t","t","t","t","t","t","t","t","t","t","t","t",,,,,,,,,,,,,,,"2026-09-02T00:02:08Z",-73.68491274283701,45.43475603598672
"6a95c7a48d88dc00127ddb59","OCC-2608OB26603981",,"Ville-Marie","Travaux","Permis émis","2026-08-31T20:00:00Z","2026-09-25T19:59:59Z","Construction/rénovation sans excavation","Carmichael entre De Bleury et Saint-Alexandre","Entreprise","LES PLACEMENTS ALONZO TREMBLAY INC.","t","f","t","f","t","f","t","f","t","f","f","f","f","f",,,"08:00","16:00","08:00","16:00","08:00","16:00","08:00","16:00","08:00","16:00",,,"2026-09-02T00:02:08Z",-73.56481946661243,45.504350676380206
"6a8464cf8d981b0012f596bc","OCC-2608AU15193155",,"Le Plateau-Mont-Royal","Travaux","Permis émis","2026-08-17T20:00:00Z","2026-12-31T18:59:59Z","Construction/rénovation sans excavation","Gascon entre Rachel et Angus",,,"t","t","t","t","t","t","t","t","t","t","t","t","t","t",,,,,,,,,,,,,,,"2026-08-20T00:01:45Z",-73.56322606175725,45.538191603601085
"69975340f521230012f1ffe1","OCC-2602OS16209282","25-21253","LaSalle","Travaux","Permis émis","2026-02-22T19:00:00Z","2028-02-19T18:59:59Z","Autre","Mairie de Lasalle","Entrepreneur sous contrat avec la Ville de Montréal","Émondage SBP","t","t","t","t","t","t","t","t","t","t","t","t","t","t",,,,,,,,,,,,,,,"2026-02-21T00:01:51Z",-73.66261044355781,45.42945002537864
"6a91cc4d8d88dc00127da822","OCC-2609RD00640919","516107","St-Laurent","Travaux","Permis émis","2026-09-03T20:00:00Z","2026-10-02T19:59:59Z","Autre","Alfred-Nobel entre Alfred-Nobel et Henri-Bourassa","Entrepreneur sous contrat avec la Ville de Montréal","Construction N.R.C. Inc","t","f","t","f","t","f","t","f","t","f","f","f","f","f",,,"07:00","18:00","07:00","18:00","07:00","18:00","07:00","18:00","07:00","18:00",,,"2026-09-03T00:02:08Z",-73.76285008758661,45.48829243737885
"6a959b4e8d88dc00127dcdad","OCC-2609KQ00449072",,"Le Plateau-Mont-Royal","Travaux","Permis émis","2026-09-07T20:00:00Z","2026-09-15T19:59:59Z","S-2 Infrastructure souterraine mineure ou équipement hors-sol - Réseaux de gaz ","Henri-Julien entre Roy et Duluth","RTU (Réseau technique urbain) ou son sous-traitant
","Énergir","t","f","t","f","t","f","t","f","t","f","t","f","f","f","10:00","17:00","07:00","19:00","07:00","19:00","07:00","19:00","07:00","19:00","07:00","19:00",,,"2026-09-03T00:02:08Z",-73.57554168233085,45.5191337717755
"67d21e2c3adcb8001946bd01","OCC-2503EY11066646",,"Saint-Léonard","Travaux","Permis émis","2025-03-14T20:00:00Z","2028-01-01T18:59:59Z","Autre","Jean-Talon entre Jean-Talon et Daudet","Organisation publique ou son sous-traitant","Société de transports de Montréal (STM) Prolongement de la ligne bleue","t","t","t","t","t","t","t","t","t","t","t","t","t","t",,,,,,,,,,,,,,,"2025-03-15T00:01:18Z",-73.58889694108814,45.56945029488536
"67d2215dc73b0c001ec4c9d7","OCC-2503DL11071241",,"Saint-Léonard","Travaux","Permis émis","2025-03-14T20:00:00Z","2028-01-01T18:59:59Z","Autre","Jean-Talon entre Jean-Talon et Daudet","Organisation publique ou son sous-traitant","Société de transports de Montréal (STM) Prolongement de la ligne bleue","t","t","t","t","t","t","t","t","t","t","t","t","t","t",,,,,,,,,,,,,,,"2025-03-15T00:01:18Z",-73.5895648982545,45.56866121029889
"67d22a64c73b0c001ec4c9e2","OCC-2503CI11072481",,"Saint-Léonard","Travaux","Permis émis","2025-03-14T20:00:00Z","2028-01-01T18:59:59Z","Autre","Viau entre Viterbe et Métropolitain","Organisation publique ou son sous-traitant","Société de transports de Montréal (STM) Prolongement de la ligne bleue","t","t","t","t","t","t","t","t","t","t","t","t","t","t",,,,,,,,,,,,,,,"2025-03-15T00:01:18Z",-73.59054529330535,45.574868434860655
"69382304dee8ef001264df28","OCC-2512JF07395851",,"Ahuntsic-Cartierville","Travaux","Permis émis","2025-01-26T19:00:00Z","2026-10-02T19:59:59Z","Construction/rénovation sans excavation","Berri entre Legendre et Chabanel","Organisation publique ou son sous-traitant","Tisseur Inc.","t","f","t","f","t","f","t","f","t","f","f","f","f","f",,,"06:00","17:00","06:00","17:00","06:00","17:00","06:00","17:00","06:00","17:00",,,"2025-12-11T00:01:44Z",-73.6467638400897,45.54827806775455
"6a95bc238d981b0012f7236f","OCC-2609DX00642231",,"Rosemont-La Petite-Patrie","Travaux","Permis émis","2026-09-07T20:00:00Z","2026-09-10T19:59:59Z","Égouts et aqueducs - Inspection et nettoyage","Bellechasse entre De Chateaubriand et Saint-Hubert","Ville de Montréal",,"t","f","t","f","t","f","t","f","t","f","f","f","f","f",,,"09:00","15:00","09:00","15:00","09:00","15:00","09:00","15:00","09:00","15:00",,,"2026-09-03T00:02:08Z",-73.60047142605023,45.53411183672519
"6a95bdb28d981b0012f72426","OCC-2609WX00568996","515501","Ville-Marie","Travaux","Permis émis","2026-08-31T20:00:00Z","2026-10-31T19:59:59Z","Égouts et aqueducs - Réhabilitation","136 entre 720 et 720","Entrepreneur sous contrat avec la Ville de Montréal","Loiselle inc.","t","t","t","t","t","t","t","t","t","t","t","t","t","t",,,,,,,,,,,,,,,"2026-09-03T00:02:08Z",-73.56617478080813,45.495465419900974
"6a95c2258d88dc00127dd8ce","OCC-2609SI00423635",,"Outremont","Travaux","Permis émis","2026-09-07T20:00:00Z","2026-09-15T19:59:59Z","S-2 Infrastructure souterraine mineure ou équipement hors-sol - Réseaux de gaz ","Durocher entre Fairmount et Saint-Viateur","RTU (Réseau technique urbain) ou son sous-traitant
","Énergir","t","f","t","f","t","f","t","f","t","f","t","f","f","f","07:00","19:00","07:00","19:00","07:00","19:00","07:00","19:00","07:00","19:00","07:00","19:00",,,"2026-09-03T00:02:08Z",-73.60292252125558,45.52059635977688
"6a95ee2b8d981b0012f7309e","OCC-2609AM00476215","25008","LaSalle","Travaux","Permis émis","2026-08-31T20:00:00Z","2026-09-30T19:59:59Z","Construction/rénovation sans excavation","Louis-Fortier entre Jean-Milot et Clément","Entrepreneur sous contrat avec la Ville de Montréal","Eurovia Québec Grands Projets","t","t","t","t","t","t","t","t","t","t","f","t","f","t",,,,,,,,,,,,,,,"2026-09-03T00:02:08Z",-73.6491402627718,45.43271472969062
"6a95efe88d88dc00127de4f8","OCC-2609DM00476901","25008","LaSalle","Travaux","Permis émis","2026-08-31T20:00:00Z","2026-09-30T19:59:59Z","Construction/rénovation sans excavation","90e entre Radisson et Newman","Entrepreneur sous contrat avec la Ville de Montréal","Eurovia Québec Grands Projets","t","t","t","t","t","t","t","t","t","t","f","t","f","t",,,,,,,,,,,,,,,"2026-09-03T00:02:08Z",-73.63896215254815,45.42836770812812
"6a9649b25cde020012e48f44","OCC-2609ZC00574349",,"Rosemont-La Petite-Patrie","Travaux","Permis émis","2026-09-07T20:00:00Z","2026-09-10T19:59:59Z","Construction/rénovation sans excavation","Ruelle",,,"t","t","t","t","t","t","t","t","t","t","f","f","f","f",,,,,,,,,,,,,,,"2026-09-03T00:02:08Z",-73.61195165789849,45.53775706153471
"6a96ab41fa7b4d00129e9fb9","OCC-2609IH00623816",,"Ville-Marie","Travaux","Permis émis","2026-09-08T20:00:00Z","2026-09-10T19:59:59Z","Égouts et aqueducs - Inspection et nettoyage","Sherbrooke entre Amherst et Wolfe","Ville de Montréal",,"t","f","t","f","t","f","t","f","t","f","f","f","f","f",,,"09:00","14:30","09:00","14:30","09:00","14:30","09:00","14:30","09:00","14:30",,,"2026-09-03T00:02:08Z",-73.56545053584777,45.52143055840558
"6a96ae3dfa7b4d00129e9ffb","OCC-2609BX00498639",,"Rivière-des-Prairies-Pointe-aux-Trembles","Travaux","Permis émis","2026-09-07T20:00:00Z","2026-09-11T19:59:59Z","Autre","Forsyth entre Famille-Dubreuil et Irène-Sénécal","Entreprise","Entretien Paysager Desjardins Inc","t","f","t","f","t","f","t","f","t","f","f","f","f","f",,,"07:00","19:00","07:00","19:00","07:00","19:00","07:00","19:00","07:00","19:00",,,"2026-09-03T00:02:08Z",-73.49395565270795,45.69435933540874
"6a96b123fa7b4d00129ea014","OCC-2609AJ00478213",,"Le Plateau-Mont-Royal","Travaux","Permis émis","2026-08-31T20:00:00Z","2026-09-15T19:59:59Z","Trottoirs - Construction","Saint-Hubert entre Marie-Anne et Mont-Royal","Ville de Montréal",,"t","t","t","t","t","t","t","t","t","t","f","f","f","f",,,,,,,,,,,,,,,"2026-09-03T00:02:08Z",-73.58077520589104,45.525519986325776
"6a96b304fa7b4d00129ea02a","OCC-2609JF00423598","2537","Pierrefonds-Roxboro","Travaux","Permis émis","2026-08-31T20:00:00Z","2026-09-30T19:59:59Z","Construction/rénovation avec excavation","Olympia","Entrepreneur sous contrat avec la Ville de Montréal","Les Entreprises PNP Inc.","t","f","t","f","t","f","t","f","t","f","f","f","f","f",,,"07:00","17:00","07:00","17:00","07:00","17:00","07:00","17:00","07:00","17:00",,,"2026-09-03T00:02:08Z",-73.76873883513707,45.50383960178674
"67dc6a12515fe20012a0e1fe","OCC-2503MW17155220",,"Mercier-Hochelaga-Maisonneuve","Travaux","Permis émis","2025-03-21T20:00:00Z","2027-12-31T18:59:59Z","Réseaux routier - Réfection et travaux corrélatifs","Curatteau entre Curatteau et Tellier","Organisation publique ou son sous-traitant","Renouveau Lafontaine","t","t","t","t","t","t","t","t","t","t","t","t","t","t",,,,,,,,,,,,,,,"2025-03-22T00:01:18Z",-73.51885571995729,45.58862381016365
"6a96c7f65cde020012e4932d","OCC-2609XC00519341",,"Pierrefonds-Roxboro","Travaux","Permis émis","2026-09-12T20:00:00Z","2026-09-13T19:59:59Z","Entretien","1re entre Gouin et 3e","RTU (Réseau technique urbain) ou son sous-traitant
","Hydro-Québec-Entrave courte durée","f","f","f","f","f","f","f","f","f","f","f","f","t","f",,,,,,,,,,,,,"17:00","20:00","2026-09-03T00:02:08Z",-73.80799599979368,45.5122816098871
"69bbe52e5f40ae0012c08fb5","OCC-2603NT16918312","445710","Villeray-Saint-Michel-Parc-Extension","Travaux","Permis émis","2026-03-22T20:00:00Z","2026-10-01T19:59:59Z","Construction/rénovation sans excavation","Saint-Denis entre De Castelnau et Faillon","Entrepreneur sous contrat avec la Ville de Montréal","Les Entreprises Michaudville","t","t","t","t","t","t","t","t","t","t","t","t","t","t",,,,,,,,,,,,,,,"2026-03-22T00:01:55Z",-73.61768207377648,45.53924358356825
"69bbe5f02f414e0012ea0ba3","OCC-2603UQ16914316","445710","Villeray-Saint-Michel-Parc-Extension","Travaux","Permis émis","2026-03-22T20:00:00Z","2026-10-01T19:59:59Z","Construction/rénovation sans excavation","Henri-Julien entre De Castelnau et Jules-Verne","Entrepreneur sous contrat avec la Ville de Montréal","Les Entreprises Michaudville","t","t","t","t","t","t","t","t","t","t","t","t","t","t",,,,,,,,,,,,,,,"2026-03-22T00:01:55Z",-73.61846303209651,45.53802577936738
"69bbe7482f414e0012ea0be4","OCC-2603NM16945203","445710","Villeray-Saint-Michel-Parc-Extension","Travaux","Permis émis","2026-03-22T20:00:00Z","2026-10-01T19:59:59Z","Construction/rénovation sans excavation","Drolet entre Jean-Talon et Faillon","Entrepreneur sous contrat avec la Ville de Montréal","Les Entreprises Michaudville","t","t","t","t","t","t","t","t","t","t","t","t","t","t",,,,,,,,,,,,,,,"2026-03-22T00:01:55Z",-73.6177440042213,45.53844583341615
"6a96c964fa7b4d00129ea424","OCC-2609TA00508455",,"Lachine","Travaux","Permis émis","2026-08-31T20:00:00Z","2026-09-11T19:59:59Z","Construction/rénovation sans excavation","Notre-Dame entre 21e et 23e","Entreprise","Village Urbain","t","f","t","f","t","f","t","f","t","f","f","f","f","f",,,"07:00","16:00","07:00","16:00","07:00","16:00","07:00","16:00","07:00","16:00",,,"2026-09-03T00:02:08Z",-73.6848018476132,45.43480078368941
"6a96dc09fa7b4d00129ea9b7","OCC-2609LH00508809",,"Rosemont-La Petite-Patrie","Travaux","Permis émis","2026-08-31T20:00:00Z","2026-09-30T19:59:59Z","Autre","Ruelle","Entreprise","MÉDECINS DU MONDE","t","t","t","t","t","t","t","t","t","t","t","t","t","t",,,,,,,,,,,,,,,"2026-09-03T00:02:08Z",-73.6002375410643,45.53523483692254
"6a96dcee5cde020012e49a4e","OCC-2609IG00680147","514101","Montréal-Nord","Travaux","Permis émis","2026-09-07T20:00:00Z","2026-09-11T19:59:59Z","Réseaux routier - Réfection et travaux corrélatifs","Henri-Bourassa entre Audoin et Mère-Anselme","Entrepreneur sous contrat avec la Ville de Montréal","Roxboro Excavation Inc.","t","f","t","f","t","f","t","f","t","f","f","f","f","f",,,"09:00","15:00","09:00","15:00","09:00","15:00","09:00","15:00","09:00","15:00",,,"2026-09-03T00:02:08Z",-73.64858146141965,45.58798199577541
"6a231007ef86e200124d5113","OCC-2609MC00655323","524104","Le Plateau-Mont-Royal","Travaux","Permis émis","2026-09-09T20:00:00Z","2026-12-07T18:59:59Z","Autre","Mont-Royal entre Saint-Hubert et Mentana","Entrepreneur sous contrat avec la Ville de Montréal","FER-PAL CONSTRUCTION LTD.","t","t","t","t","t","t","t","t","t","t","t","t","t","t",,,,,,,,,,,,,,,"2026-09-03T00:02:08Z",-73.5807507774011,45.52635331652923
"6a21f657f588d7001215ece7","OCC-2607KG14389718","524104","Rosemont-La Petite-Patrie","Travaux","Permis émis","2026-07-19T20:00:00Z","2026-10-09T19:59:59Z","Autre","Alma entre Burelle et Saint-Zotique","Entrepreneur sous contrat avec la Ville de Montréal","FER-PAL CONSTRUCTION LTD.","t","t","t","t","t","t","t","t","t","t","t","t","t","t",,,,,,,,,,,,,,,"2026-09-03T00:02:08Z",-73.60776777967824,45.53299402077927
"69fddfc72dd577001247c4d3","OCC-2605KM06520193",,"Ville-Marie","Travaux","Permis émis","2026-05-18T20:00:00Z","2026-09-15T19:59:59Z","Construction/rénovation sans excavation","Lucien-L'Allier entre Saint-Jacques et Bonaventure","Entreprise","T3P CONSTRUCTION INC.","t","t","t","t","t","t","t","t","t","t","t","t","t","t",,,,,,,,,,,,,,,"2026-05-10T00:01:47Z",-73.56837697208218,45.49333371733251
"69fde7a74737cd0012224540","OCC-2605DR06542136",,"Montréal-Nord","Travaux","Permis émis","2026-05-15T20:00:00Z","2026-12-31T18:59:59Z","Construction/rénovation sans excavation","Lacordaire entre Lacordaire et Industriel","Ville de Montréal",,"t","t","t","t","t","t","t","t","t","t","t","t","t","t",,,,,,,,,,,,,,,"2026-05-10T00:01:47Z",-73.61512982917864,45.60198499654679
"6a96e6a15cde020012e49f00","OCC-2609DR00686124",,"Ville-Marie","Travaux","Permis émis","2026-09-07T20:00:00Z","2026-09-10T19:59:59Z","Construction/rénovation sans excavation","Saint-Antoine entre Jean-Paul-Riopelle et Square-Victoria","Entreprise","Groupe Atwill-Morin inc.","t","t","t","t","t","t","t","t","t","t","f","f","f","f",,,,,,,,,,,,,,,"2026-09-03T00:02:08Z",-73.56123967070882,45.50211024759518
"6a96e9d3fa7b4d00129eaf93","OCC-2609ZL00560869",,"Ville-Marie","Travaux","Permis émis","2026-08-31T20:00:00Z","2026-09-20T19:59:59Z","Construction/rénovation sans excavation","De Maisonneuve entre Panet et Plessis",,,"t","t","t","t","t","t","t","t","t","t","t","t","t","t",,,,,,,,,,,,,,,"2026-09-03T00:02:08Z",-73.55601109605709,45.52099030116301
"6a96ebfbfa7b4d00129eb06b","OCC-2609KT00592289",,"Ville-Marie","Travaux","Permis émis","2026-09-01T20:00:00Z","2026-09-30T19:59:59Z","Construction/rénovation sans excavation","Montagne entre René-Lévesque et Sainte-Catherine","Entreprise","OGESCO CONSTRUCTION INC.","t","t","t","t","t","t","t","t","t","t","t","t","t","t",,,,,,,,,,,,,,,"2026-09-03T00:02:08Z",-73.5737809608004,45.49732196145027
"6a96ef5b5cde020012e4a268","OCC-2609FY00580575",,"Le Sud-Ouest","Travaux","Permis émis","2026-09-09T20:00:00Z","2026-09-10T19:59:59Z","Toiture - Rénovation","Sucrerie entre Wellington et Mullins","Entreprise","Grues Bourgeois","t","f","t","f","t","f","t","f","t","f","f","f","f","f",,,"07:00","19:00","07:00","19:00","07:00","19:00","07:00","19:00","07:00","19:00",,,"2026-09-03T00:02:08Z",-73.559188962465,45.48265204791333
"6a96effefa7b4d00129eb1c3","OCC-2609MC00688068",,"Anjou","Travaux","Permis émis","2026-05-06T20:00:00Z","2026-10-07T19:59:59Z","Autre","Roseraies entre Roseraies et Louis-H.-La Fontaine","Organisation publique ou son sous-traitant","Société de transports de Montréal (STM) Prolongement de la ligne bleue","t","t","t","t","t","t","t","t","t","t","t","t","t","t",,,,,,,,,,,,,,,"2026-09-03T00:02:08Z",-73.55968716290853,45.60060957916012
"69b1876d1379cd0012b4b76e","OCC-2603TY19652873",,"St-Laurent","Travaux","Permis émis","2026-03-22T20:00:00Z","2026-11-30T18:59:59Z","Réseaux routier - Réfection et travaux corrélatifs","Ruelle","Organisation publique ou son sous-traitant","Construction Demathieu & Bard (CDB) inc.","t","t","t","t","t","t","t","t","t","t","t","t","t","t",,,,,,,,,,,,,,,"2026-03-25T00:01:52Z",-73.70765746377661,45.47402250365813
"69b189681379cd0012b4b819","OCC-2603QK19652326",,"St-Laurent","Travaux","Permis émis","2026-03-22T20:00:00Z","2026-11-30T18:59:59Z","Réseaux routier - Réfection et travaux corrélatifs","Ruelle","Organisation publique ou son sous-traitant","Construction Demathieu & Bard (CDB) inc.","t","t","t","t","t","t","t","t","t","t","t","t","t","t",,,,,,,,,,,,,,,"2026-03-25T00:01:52Z",-73.70608852629343,45.47528493197623
"69b18a5b1379cd0012b4b87e","OCC-2603YW19652625",,"St-Laurent","Travaux","Permis émis","2026-03-22T20:00:00Z","2026-11-30T18:59:59Z","Réseaux routier - Réfection et travaux corrélatifs","Ruelle","Organisation publique ou son sous-traitant","Construction Demathieu & Bard (CDB) inc.","t","t","t","t","t","t","t","t","t","t","t","t","t","t",,,,,,,,,,,,,,,"2026-03-25T00:01:52Z",-73.70658898530338,45.47488661550438
"6a96feb1fa7b4d00129eb652","OCC-2609RO00614547",,"Rosemont-La Petite-Patrie","Travaux","Permis émis","2026-08-31T20:00:00Z","2026-09-22T19:59:59Z","Construction/rénovation sans excavation","Ruelle","Entreprise","GROUPE HAB INC.","t","t","t","t","t","t","t","t","t","t","t","t","t","t",,,,,,,,,,,,,,,"2026-09-03T00:02:08Z",-73.59043764306048,45.55666031184894
"69bafcd95f40ae0012c08aa9","OCC-2603YM19565636","129078","Ville-Marie","Travaux","Permis émis","2026-04-11T20:00:00Z","2026-11-29T18:59:59Z","Entretien","Viger entre Jean-Paul-Riopelle et Jean-Paul-Riopelle","Entrepreneur sous contrat avec la Ville de Montréal","NORDIKEAU INC","t","t","t","t","t","t","t","t","t","t","t","t","t","t",,,,,,,,,,,,,,,"2026-03-25T00:01:52Z",-73.5617564422437,45.50360300879678
"69bafe5a2f414e0012ea009d","OCC-2603ZY19567941","129078","Ville-Marie","Travaux","Permis émis","2026-04-25T20:00:00Z","2026-11-14T18:59:59Z","Entretien","Sainte-Catherine entre Square-Phillips et Union","Entrepreneur sous contrat avec la Ville de Montréal","NORDIKEAU INC","t","t","t","t","t","t","t","t","t","t","t","t","t","t",,,,,,,,,,,,,,,"2026-03-25T00:01:52Z",-73.56895343826521,45.503935345482695
"6a441525816ebc0012d3c24b","OCC-2607HI01378834","2603","Rivière-des-Prairies-Pointe-aux-Trembles","Travaux","Permis émis","2026-07-12T20:00:00Z","2026-12-31T18:59:59Z","Construction/rénovation sans excavation","56e entre 4e et Perras","Entrepreneur sous contrat avec la Ville de Montréal","Les Entreprises Michaudville","t","t","t","t","t","t","t","t","t","t","t","t","t","t",,,,,,,,,,,,,,,"2026-07-04T00:02:02Z",-73.56910071602925,45.65441606666715
"6a4416f234772f0012a801b7","OCC-2607GY01305372","2026001","Ahuntsic-Cartierville","Travaux","Permis émis","2026-07-02T20:00:00Z","2026-12-31T18:59:59Z","Construction/rénovation sans excavation","J.-J.-Gagnier entre Fleury et Prieur","Entrepreneur sous contrat avec la Ville de Montréal","Les Entreprises Michaudville","t","t","t","t","t","t","t","t","t","t","t","t","t","t",,,,,,,,,,,,,,,"2026-07-04T00:02:02Z",-73.64711848443342,45.57992892969982
"6a91ced78d88dc00127da8c9","OCC-2609TY00640415","516107","St-Laurent","Travaux","Permis émis","2026-09-03T20:00:00Z","2026-10-02T19:59:59Z","Autre","Alfred-Nobel entre Alfred-Nobel et Henri-Bourassa","Entrepreneur sous contrat avec la Ville de Montréal","Construction N.R.C. Inc","t","f","t","f","t","f","t","f","t","f","f","f","f","f",,,"07:00","18:00","07:00","18:00","07:00","18:00","07:00","18:00","07:00","18:00",,,"2026-09-03T00:02:08Z",-73.76309383212723,45.48821255176705
"6a8f6e788d88dc00127d5bde","OCC-2609BM00591995",,"Le Plateau-Mont-Royal","Travaux","Permis émis","2026-08-27T20:00:00Z","2026-09-11T19:59:59Z","Autre","Villeneuve entre Parc et Hutchison","Entreprise","Bisson Expert Inc","t","f","t","f","t","f","t","f","t","f","f","f","f","f",,,"07:00","16:00","07:00","16:00","07:00","16:00","07:00","16:00","07:00","16:00",,,"2026-09-03T00:02:08Z",-73.5928730893814,45.51769640350618
"6a903c0f8d981b0012f6c0b2","OCC-2609GK00602282",,"Rosemont-La Petite-Patrie","Travaux","Permis émis","2026-09-09T20:00:00Z","2026-09-10T19:59:59Z","Entretien","Dandurand entre Saint-Michel et 13e","RTU (Réseau technique urbain) ou son sous-traitant
","Hydro-Québec-Entrave courte durée","t","f","t","f","t","f","t","f","t","f","f","f","f","f",,,"08:00","16:00","08:00","16:00","08:00","16:00","08:00","16:00","08:00","16:00",,,"2026-09-03T00:02:08Z",-73.5759224336748,45.552517527400255
"69973c7bf521230012f1fc7a","OCC-2602GX16188233",,"Villeray-Saint-Michel-Parc-Extension","Travaux","Permis émis","2026-02-18T19:00:00Z","2028-01-01T18:59:59Z","Autre","23e entre Jean-Talon et Everett","Organisation publique ou son sous-traitant","Société de transports de Montréal (STM) Prolongement de la ligne bleue","t","t","t","t","t","t","t","t","t","t","t","t","t","t",,,,,,,,,,,,,,,"2026-02-21T00:01:51Z",-73.59228413945056,45.56769058450898
"6a90578e8d88dc00127d6f1e","OCC-2609BS00573481",,"Rosemont-La Petite-Patrie","Travaux","Permis émis","2026-09-07T20:00:00Z","2026-09-11T19:59:59Z","Construction/rénovation avec excavation","Molson entre William-Tremblay et Mont-Royal","Entreprise","SOCIÉTÉ DU PATRIMOINE ANGUS RÉSIDENTIEL","t","f","t","f","t","f","t","f","t","f","f","f","f","f",,,"06:00","19:00","06:00","19:00","06:00","19:00","06:00","19:00","06:00","19:00",,,"2026-09-03T00:02:08Z",-73.56721679179753,45.541761728652105
"6a919e928d981b0012f6eb88","OCC-2609CT00551753","202501","Mercier-Hochelaga-Maisonneuve","Travaux","Permis émis","2026-09-02T20:00:00Z","2026-09-10T19:59:59Z","Autre","Moreau entre Hochelaga et Sherbrooke","Entrepreneur sous contrat avec la Ville de Montréal","Bruneau Electrique Inc","t","f","t","f","t","f","t","f","t","f","f","f","f","f",,,"07:00","15:00","07:00","15:00","07:00","15:00","07:00","15:00","07:00","15:00",,,"2026-09-03T00:02:08Z",-73.55691656164859,45.54219801443021
"6a91a3488d981b0012f6ecdf","OCC-2609JS00604279",,"Rosemont-La Petite-Patrie","Travaux","Permis émis","2026-09-10T20:00:00Z","2026-09-11T19:59:59Z","Entretien","Alexandra entre Waverly et Alexandra","RTU (Réseau technique urbain) ou son sous-traitant
","Hydro-Québec-Entrave courte durée","t","f","t","f","t","f","t","f","t","f","f","f","f","f",,,"17:00","21:00","17:00","21:00","17:00","21:00","17:00","21:00","17:00","21:00",,,"2026-09-03T00:02:08Z",-73.6180079383645,45.531745939399705
"6a921dd28d981b0012f705d1","OCC-2609XY00643838","202407","Côte-des-Neiges-Notre-Dame-de-Grâce","Travaux","Permis émis","2026-09-02T20:00:00Z","2026-09-10T19:59:59Z","Feux de signalisation - Ajout/réparation","Jean-Brillant entre Decelles et Decelles","Entrepreneur sous contrat avec la Ville de Montréal","Bruneau Electrique Inc","t","f","t","f","t","f","t","f","t","f","f","f","f","f",,,"09:30","14:00","09:30","14:00","09:30","14:00","09:30","14:00","09:30","14:00",,,"2026-09-03T00:02:08Z",-73.62014767880314,45.49783004770743
"6a942be28d981b0012f70653","OCC-2609KB00641919",,"Rosemont-La Petite-Patrie","Travaux","Permis émis","2026-09-07T20:00:00Z","2026-09-18T19:59:59Z","Construction/rénovation avec excavation","Ruelle",,,"t","f","t","f","t","f","t","f","t","f","f","f","f","f",,,"07:00","16:00","07:00","16:00","07:00","16:00","07:00","16:00","07:00","16:00",,,"2026-09-03T00:02:08Z",-73.57261224167672,45.55543190774892
"6a956c598d981b0012f70bcc","OCC-2609ND00526762",,"Pierrefonds-Roxboro","Travaux","Permis émis","2026-08-31T20:00:00Z","2026-09-11T19:59:59Z","S-3 Infrastructure souterraine majeure - Réseaux de gaz","Jacques-Bizard entre Highland et Cabot","RTU (Réseau technique urbain) ou son sous-traitant
","Marathon Division Gaz","t","t","t","t","t","t","t","t","t","t","t","t","t","t",,,,,,,,,,,,,,,"2026-09-03T00:02:08Z",-73.85945928546754,45.477690754086986
"69baff772f414e0012ea00bc","OCC-2603WT16207043","1537354","Ville-Marie","Travaux","Permis émis","2026-04-11T20:00:00Z","2026-11-21T18:59:59Z","Entretien","Saint-Antoine entre Square-Victoria et Square-Victoria","Entrepreneur sous contrat avec la Ville de Montréal","NORDIKEAU INC","t","t","t","t","t","t","t","t","t","t","t","t","t","t",,,,,,,,,,,,,,,"2026-03-21T00:01:53Z",-73.56190169497235,45.50159997067684
"69bb00da2f414e0012ea00f5","OCC-2603JR16206374","1537354","Ville-Marie","Travaux","Permis émis","2026-04-11T20:00:00Z","2026-11-21T18:59:59Z","Entretien","Saint-Antoine entre Square-Victoria et Square-Victoria","Entrepreneur sous contrat avec la Ville de Montréal","NORDIKEAU INC","t","t","t","t","t","t","t","t","t","t","t","t","t","t",,,,,,,,,,,,,,,"2026-03-21T00:01:53Z",-73.561645850524,45.50152092199561
"6a958aea8d981b0012f71667","OCC-2609VX00447193",,"Le Plateau-Mont-Royal","Travaux","Permis émis","2026-09-07T20:00:00Z","2026-09-15T19:59:59Z","S-2 Infrastructure souterraine mineure ou équipement hors-sol - Réseaux de gaz ","University entre Prince-Arthur et Pins","RTU (Réseau technique urbain) ou son sous-traitant
","Énergir","t","f","t","f","t","f","t","f","t","f","t","f","f","f","07:00","19:00","07:00","19:00","07:00","19:00","07:00","19:00","07:00","19:00","07:00","19:00",,,"2026-09-03T00:02:08Z",-73.57961974688374,45.50799145166776
"67d309413adcb8001946cdb1","OCC-2503VF11671480",,"Saint-Léonard","Travaux","Permis émis","2025-03-15T20:00:00Z","2028-01-01T18:59:59Z","Autre","Langelier entre Bélanger et De Lotbinière","Organisation publique ou son sous-traitant","Société de transports de Montréal (STM) Prolongement de la ligne bleue","t","t","t","t","t","t","t","t","t","t","t","t","t","t",,,,,,,,,,,,,,,"2025-03-16T00:01:15Z",-73.56969387844296,45.590867994772495
"6a95a4348d981b0012f71cd2","OCC-2609XV00534157",,"Pierrefonds-Roxboro","Travaux","Permis émis","2026-09-01T20:00:00Z","2026-09-18T19:59:59Z","S-3 Infrastructure souterraine majeure - Réseaux de gaz","Westpark entre Westpark et Pierrefonds","RTU (Réseau technique urbain) ou son sous-traitant
","Marathon Division Gaz","t","t","t","t","t","t","t","t","t","t","t","t","t","t",,,,,,,,,,,,,,,"2026-09-03T00:02:08Z",-73.82809599090407,45.50256553472777
"6a95a84b8d88dc00127dd26f","OCC-2609FW00464685","521907","Ahuntsic-Cartierville","Travaux","Permis émis","2026-09-06T20:00:00Z","2026-09-10T19:59:59Z","Autre","Gouin entre Basile-Routhier et Millen","Entrepreneur sous contrat avec la Ville de Montréal","Construction N.R.C. Inc","t","f","t","f","t","f","t","f","t","f","f","f","f","f",,,"09:30","15:00","09:30","15:00","09:30","15:00","09:30","15:00","09:30","15:00",,,"2026-09-03T00:02:08Z",-73.66952666320982,45.55727733639877
"6a95c6448d88dc00127ddaae","OCC-2609KR00494304",,"Verdun","Travaux","Permis émis","2026-09-07T20:00:00Z","2026-09-15T19:59:59Z","S-2 Infrastructure souterraine mineure ou équipement hors-sol - Réseaux de gaz ","Claude entre Hickson et Église","RTU (Réseau technique urbain) ou son sous-traitant
","Énergir","t","f","t","f","t","f","t","f","t","f","t","f","f","f","07:00","19:00","07:00","19:00","07:00","19:00","07:00","19:00","07:00","19:00","07:00","19:00",,,"2026-09-03T00:02:08Z",-73.573354237219,45.46475558316848
"6a9028bb8d981b0012f6b747","OCC-2609QU00469768",,"Ahuntsic-Cartierville","Travaux","Permis émis","2026-08-31T20:00:00Z","2026-09-30T19:59:59Z","Autre","Jeanne-Mance entre Port-Royal et Sauvé","Entreprise","Sajo Inc.","t","t","t","t","t","t","t","t","t","t","t","t","t","t",,,,,,,,,,,,,,,"2026-09-03T00:02:08Z",-73.6602857617082,45.54130471887205
"6a96be1cfa7b4d00129ea225","OCC-2609LK00627021",,"LaSalle","Travaux","Permis émis","2026-09-09T20:00:00Z","2026-09-10T19:59:59Z","Entretien","LaSalle entre 80e et 90e","RTU (Réseau technique urbain) ou son sous-traitant
","Hydro-Québec-Entrave courte durée","t","f","t","f","t","f","t","f","t","f","f","f","f","f",,,"08:00","13:00","08:00","13:00","08:00","13:00","08:00","13:00","08:00","13:00",,,"2026-09-03T00:02:08Z",-73.64387158530091,45.417442526940704
"69b9424f5f40ae0012c056a2","OCC-2603MI16910862","445710","Villeray-Saint-Michel-Parc-Extension","Travaux","Permis émis","2026-03-22T20:00:00Z","2026-10-01T19:59:59Z","Construction/rénovation sans excavation","Jean-Talon entre Berri et Lajeunesse","Entrepreneur sous contrat avec la Ville de Montréal","Les Entreprises Michaudville","t","t","t","t","t","t","t","t","t","t","t","t","t","t",,,,,,,,,,,,,,,"2026-03-22T00:01:55Z",-73.6139623645954,45.53924402154055
"6a96de86fa7b4d00129eaab7","OCC-2609RE00610512","26005","Ville-Marie","Travaux","Permis émis","2026-09-01T20:00:00Z","2026-09-14T19:59:59Z","Trottoirs - Construction","Plessis entre Logan et La Fontaine","Entrepreneur sous contrat avec la Ville de Montréal","COJALAC INC.","t","t","t","t","t","t","t","t","t","t","t","t","t","t",,,,,,,,,,,,,,,"2026-09-03T00:02:08Z",-73.55799886992467,45.52224496967179
"6a96e0915cde020012e49b5f","OCC-2609SV00520284","220007","Ville-Marie","Travaux","Permis émis","2026-07-13T20:00:00Z","2026-12-18T18:59:59Z","Construction/rénovation sans excavation","Plessis entre Ontario et Sherbrooke","Entrepreneur sous contrat avec la Ville de Montréal","St-Denis Thompson","t","t","t","t","t","t","t","t","t","t","t","t","t","t",,,,,,,,,,,,,,,"2026-09-03T00:02:08Z",-73.56180505946864,45.52406804840884
"6939c48edf5da8001288a10d","OCC-2512GB09339328","25008","LaSalle","Travaux","Permis émis","2025-08-26T20:00:00Z","2026-10-02T19:59:59Z","Construction/rénovation avec excavation","Quinlan entre Wanklyn et Jean-Milot","Entrepreneur sous contrat avec la Ville de Montréal","Eurovia Québec Grands Projets","t","t","t","t","t","t","t","t","t","t","t","t","t","t",,,,,,,,,,,,,,,"2025-12-13T00:01:43Z",-73.64590584911063,45.42997262769463
"685418da2392ad00120d7a90","OCC-2506DT17082113",,"Villeray-Saint-Michel-Parc-Extension","Travaux","Permis émis","2025-06-19T20:00:00Z","2028-01-01T18:59:59Z","Autre","17e entre Fénelon et Villeray","Organisation publique ou son sous-traitant","Société de transports de Montréal (STM) Prolongement de la ligne bleue","t","f","t","f","t","f","t","f","t","f","f","f","f","f",,,"07:00","18:00","07:00","18:00","07:00","18:00","07:00","18:00","07:00","18:00",,,"2025-06-22T00:01:28Z",-73.5996695175759,45.565045347175136
"6854450f42647900121571b9","OCC-2506WK16848605","515501","Ville-Marie","Travaux","Permis émis","2025-07-01T20:00:00Z","2027-12-21T18:59:59Z","Autre","Ruelle","Entrepreneur sous contrat avec la Ville de Montréal","Loiselle inc.","t","t","t","t","t","t","t","t","t","t","t","t","t","t",,,,,,,,,,,,,,,"2025-06-22T00:01:28Z",-73.56423660953709,45.49518990345597
"6a8324438d88dc00127c19ab","OCC-2609PM00550848","1570494","Côte-des-Neiges-Notre-Dame-de-Grâce","Travaux","Permis émis","2026-09-10T20:00:00Z","2026-09-18T19:59:59Z","Égouts et aqueducs - Inspection et nettoyage","Côte-Saint-Luc entre Clanranald et Marcil","Entrepreneur sous contrat avec la Ville de Montréal","ORTEC ENVIRONNEMENT SERVICES INC","t","f","t","f","t","f","t","f","t","f","f","f","f","f",,,"09:00","16:00","09:00","16:00","09:00","16:00","09:00","16:00","09:00","16:00",,,"2026-09-03T00:02:08Z",-73.62755679403256,45.47867430565134
"6a832af68d88dc00127c1c5c","OCC-2609ZB00554234","1570494","Côte-des-Neiges-Notre-Dame-de-Grâce","Travaux","Permis émis","2026-09-10T20:00:00Z","2026-09-18T19:59:59Z","Égouts et aqueducs - Inspection et nettoyage","Côte-Saint-Luc entre Marcil et Wilson","Entrepreneur sous contrat avec la Ville de Montréal","ORTEC ENVIRONNEMENT SERVICES INC","t","f","t","f","t","f","t","f","t","f","f","f","f","f",,,"09:00","16:00","09:00","16:00","09:00","16:00","09:00","16:00","09:00","16:00",,,"2026-09-03T00:02:08Z",-73.6310924527666,45.47802924552613
"6a832c4f8d981b0012f571d2","OCC-2609HI00557611","1570494","Côte-des-Neiges-Notre-Dame-de-Grâce","Travaux","Permis émis","2026-09-10T20:00:00Z","2026-09-18T19:59:59Z","Égouts et aqueducs - Inspection et nettoyage","Côte-Saint-Luc entre Wilson et Heath","Entrepreneur sous contrat avec la Ville de Montréal","ORTEC ENVIRONNEMENT SERVICES INC","t","f","t","f","t","f","t","f","t","f","f","f","f","f",,,"09:00","16:00","09:00","16:00","09:00","16:00","09:00","16:00","09:00","16:00",,,"2026-09-03T00:02:08Z",-73.63501944540141,45.47703952022519
"6a834b0b8d981b0012f5797d","OCC-2609KA00624485",,"Ahuntsic-Cartierville","Travaux","Permis émis","2026-09-06T20:00:00Z","2026-09-18T19:59:59Z","Autre","Hamel entre Prieur et Henri-Bourassa","CSEM (Commission des services électriques de Montréal) ou son sous-traitant
","Telecon","t","f","t","f","t","f","t","f","t","f","f","f","f","f",,,"07:00","17:00","07:00","17:00","07:00","17:00","07:00","17:00","07:00","17:00",,,"2026-09-03T00:02:08Z",-73.66149258876438,45.56366166594221
"6a835e5c8d981b0012f581e4","OCC-2609BK00627603",,"Le Plateau-Mont-Royal","Travaux","Permis émis","2026-09-10T20:00:00Z","2026-09-11T19:59:59Z","Autre","Saint-Dominique entre Saint-Viateur et Lesage","Entreprise","Ubisoft Montréal","t","f","t","f","t","f","t","f","t","f","f","f","f","f",,,"07:00","19:00","07:00","19:00","07:00","19:00","07:00","19:00","07:00","19:00",,,"2026-09-03T00:02:08Z",-73.60048113390577,45.527610450525565
"6a8464188d981b0012f5967a","OCC-2609VG00569789","2520947","Côte-des-Neiges-Notre-Dame-de-Grâce","Travaux","Permis émis","2026-09-06T20:00:00Z","2026-09-25T19:59:59Z","Forage/excavation exploratoire","Jean-Talon entre Clanranald et Devonshire","Entrepreneur sous contrat avec la Ville de Montréal","GROUPE ABS","t","f","t","f","t","f","t","f","t","f","f","f","f","f",,,"07:00","18:00","07:00","18:00","07:00","18:00","07:00","18:00","07:00","18:00",,,"2026-09-03T00:02:08Z",-73.65882944523659,45.49189484880383
"6a8466b38d88dc00127c3dfa","OCC-2609EG00570082","2520947","Côte-des-Neiges-Notre-Dame-de-Grâce","Travaux","Permis émis","2026-09-06T20:00:00Z","2026-09-25T19:59:59Z","Forage/excavation exploratoire","Jean-Talon entre Clanranald et Devonshire","Entrepreneur sous contrat avec la Ville de Montréal","GROUPE ABS","t","f","t","f","t","f","t","f","t","f","f","f","f","f",,,"07:00","18:00","07:00","18:00","07:00","18:00","07:00","18:00","07:00","18:00",,,"2026-09-03T00:02:08Z",-73.6567336942429,45.49255482449581
"6a8467568d981b0012f597ef","OCC-2609IF00570819","2520947","Côte-des-Neiges-Notre-Dame-de-Grâce","Travaux","Permis émis","2026-09-06T20:00:00Z","2026-09-25T19:59:59Z","Forage/excavation exploratoire","Jockeys entre Décarie et Jean-Talon","Entrepreneur sous contrat avec la Ville de Montréal","GROUPE ABS","t","f","t","f","t","f","t","f","t","f","f","f","f","f",,,"07:00","18:00","07:00","18:00","07:00","18:00","07:00","18:00","07:00","18:00",,,"2026-09-03T00:02:08Z",-73.65534229515278,45.49344268317846
"6a8468f58d981b0012f5982f","OCC-2609VU00571089","2520947","Côte-des-Neiges-Notre-Dame-de-Grâce","Travaux","Permis émis","2026-09-06T20:00:00Z","2026-09-25T19:59:59Z","Forage/excavation exploratoire","Jean-Talon entre Jean-Talon et Clanranald","Entrepreneur sous contrat avec la Ville de Montréal","GROUPE ABS","t","f","t","f","t","f","t","f","t","f","f","f","f","f",,,"07:00","18:00","07:00","18:00","07:00","18:00","07:00","18:00","07:00","18:00",,,"2026-09-03T00:02:08Z",-73.65484406109832,45.49291509778099
"6a8739ce8d981b0012f5f2e5","OCC-2609UQ00723352",,"St-Laurent","Travaux","Permis émis","2026-09-07T20:00:00Z","2026-09-25T19:59:59Z","Autre","Côte-de-Liesse entre Côte-de-Liesse et Transcanadienne","Organisation publique ou son sous-traitant","NouvLR","t","t","t","t","t","t","t","t","t","t","t","t","t","t",,,,,,,,,,,,,,,"2026-09-03T00:02:08Z",-73.67800226336942,45.49461637352481
"699f53c0f521230012f27632","OCC-2602RS21481888",,"St-Laurent","Travaux","Permis émis","2025-01-12T19:00:00Z","2026-12-18T18:59:59Z","Autre","Marie-Curie entre Marie-Curie et Alexander-Fleming","Organisation publique ou son sous-traitant","NouvLR","t","t","t","t","t","t","t","t","t","t","t","t","t","t",,,,,,,,,,,,,,,"2026-02-27T00:02:07Z",-73.76371161720166,45.47700740218576
"6a8ef2f38d88dc00127d327f","OCC-2609YX00647237",,"Ville-Marie","Travaux","Permis émis","2026-09-10T20:00:00Z","2026-09-11T19:59:59Z","Autre","Saint-Jacques entre Place-d'Armes et Armes","Entreprise","Guay Inc.","t","f","t","f","t","f","t","f","t","f","f","f","f","f",,,"07:00","12:00","07:00","12:00","07:00","12:00","07:00","12:00","07:00","12:00",,,"2026-09-03T00:02:08Z",-73.55766130888097,45.504962531189456
"6a96f6225cde020012e4a4e5","OCC-2609PK00706067",,"Le Plateau-Mont-Royal","Travaux","Permis émis","2026-09-01T20:00:00Z","2026-09-17T19:59:59Z","S-3 Infrastructure souterraine majeure - Massifs et conduits","Parthenais entre Sherbrooke et Rachel","CSEM (Commission des services électriques de Montréal) ou son sous-traitant
","CMS Entrepreneurs Généraux Inc.","t","t","t","t","t","t","t","t","t","t","t","t","t","t",,,,,,,,,,,,,,,"2026-09-03T00:02:08Z",-73.56339882007974,45.53278782168302
"68b9a1d7640f320012845f2b","OCC-2509GJ03124171",,"Ahuntsic-Cartierville","Travaux","Permis émis","2025-01-26T19:00:00Z","2026-10-01T19:59:59Z","Construction/rénovation avec excavation","Berri entre Legendre et Chabanel","Organisation publique ou son sous-traitant","Tisseur Inc.","t","t","t","t","t","t","t","t","t","t","t","t","t","t",,,,,,,,,,,,,,,"2025-09-06T00:01:33Z",-73.64803818158869,45.548772141159205
"6a96ff7b5cde020012e4a693","OCC-2609CE00645041","25008","LaSalle","Travaux","Permis émis","2026-09-01T20:00:00Z","2026-09-11T19:59:59Z","Construction/rénovation sans excavation","Ruelle","Entrepreneur sous contrat avec la Ville de Montréal","Eurovia Québec Grands Projets","t","t","t","t","t","t","t","t","t","t","t","t","t","t",,,,,,,,,,,,,,,"2026-09-03T00:02:08Z",-73.62949093255352,45.432946566308296
"69c12f932f414e0012ea482b","OCC-2603BP19470636","1712208","Outremont","Travaux","Permis émis","2026-03-31T20:00:00Z","2026-11-16T18:59:59Z","Construction/rénovation avec excavation","Ruelle","Entrepreneur sous contrat avec la Ville de Montréal","Charex inc","t","t","t","t","t","t","t","t","t","t","t","t","t","t",,,,,,,,,,,,,,,"2026-03-25T00:01:52Z",-73.61915736637073,45.52034694996432
"69c147555f40ae0012c0d3d8","OCC-2603XH19651067",,"Le Sud-Ouest","Travaux","Permis émis","2026-03-22T20:00:00Z","2026-09-14T19:59:59Z","Construction/rénovation sans excavation","Ruelle","Organisation publique ou son sous-traitant","Tisseur inc.","t","t","t","t","t","t","t","t","t","t","t","t","t","t",,,,,,,,,,,,,,,"2026-03-25T00:01:52Z",-73.56107270924821,45.497079159906285
"69c14d305f40ae0012c0d5ea","OCC-2603KP19658627",,"Le Sud-Ouest","Travaux","Permis émis","2026-03-22T20:00:00Z","2026-09-14T19:59:59Z","Construction/rénovation sans excavation","Inspecteur entre Saint-Paul et Saint-Maurice","Organisation publique ou son sous-traitant","Tisseur inc.","t","t","t","t","t","t","t","t","t","t","t","t","t","t",,,,,,,,,,,,,,,"2026-03-25T00:01:52Z",-73.56114402069018,45.496999555760524
"6a9715575cde020012e4ade1","OCC-2609FG00701633",,"St-Laurent","Travaux","Permis émis","2026-08-31T20:00:00Z","2026-09-10T19:59:59Z","Construction/rénovation avec excavation","Griffith entre Griffith et Côte-de-Liesse","Entreprise","Construction N.R.C. Inc","t","t","t","t","t","t","t","t","t","t","t","t","t","t",,,,,,,,,,,,,,,"2026-09-03T00:02:08Z",-73.70155012142429,45.48172920952828
"69c2b04b2f414e0012ea70f7","OCC-2603QZ20486049","503001","Ville-Marie","Travaux","Permis émis","2026-03-28T20:00:00Z","2026-10-01T19:59:59Z","Construction/rénovation avec excavation","Sainte-Catherine entre Montagne et Crescent","Entrepreneur sous contrat avec la Ville de Montréal","Roxboro Excavation Inc.","t","t","t","t","t","t","t","t","t","t","t","t","t","t",,,,,,,,,,,,,,,"2026-03-26T00:01:51Z",-73.5755304560769,45.49745092987253
"69a5bdc90713dc0012d67811","OCC-2603LW01478923",,"Mercier-Hochelaga-Maisonneuve","Travaux","Permis émis","2026-03-01T19:00:00Z","2027-03-01T18:59:59Z","Autre","Ruelle","Ville de Montréal",,"t","t","t","t","t","t","t","t","t","t","t","t","t","t",,,,,,,,,,,,,,,"2026-03-04T00:02:05Z",-73.50824782643465,45.58598498699366
"6a46807d816ebc0012d3f02e","OCC-2607CT01413719",,"Le Plateau-Mont-Royal","Travaux","Permis émis","2026-06-10T20:00:00Z","2026-11-27T18:59:59Z","Autre","Prince-Arthur entre Jeanne-Mance et Parc","Entreprise","St-Denis Thompson","t","t","t","t","t","t","t","t","t","t","t","t","t","t",,,,,,,,,,,,,,,"2026-07-04T00:02:02Z",-73.57514385697262,45.51093372122386
"699f09d61464910012e6a294","OCC-2603BY02308931",,"Ville-Marie","Travaux","Permis émis","2026-03-08T20:00:00Z","2026-10-31T19:59:59Z","Construction/rénovation sans excavation","136 entre 720 et 720","Organisation publique ou son sous-traitant","Réfection Ville Marie SEP","t","t","t","t","t","t","t","t","t","t","t","t","t","t",,,,,,,,,,,,,,,"2026-03-05T00:02:35Z",-73.55900603121796,45.50609253913012
"6933012edee8ef001264a7d5","OCC-2512NT04041279",,"Ville-Marie","Travaux","Permis émis","2025-12-04T19:00:00Z","2028-09-30T19:59:59Z","Autre","Ontario entre Saint-Christophe et Amherst","Ville de Montréal",,"t","t","t","t","t","t","t","t","t","t","t","t","t","t",,,,,,,,,,,,,,,"2025-12-07T00:01:35Z",-73.56346054374583,45.51908472373678
"69330262dee8ef001264a858","OCC-2512VE04042693",,"Ville-Marie","Travaux","Permis émis","2025-12-04T19:00:00Z","2028-09-30T19:59:59Z","Autre","Ontario entre Saint-Hubert et Saint-Christophe","Ville de Montréal",,"t","t","t","t","t","t","t","t","t","t","t","t","t","t",,,,,,,,,,,,,,,"2025-12-07T00:01:35Z",-73.56405097880487,45.51807495913782
"6a9171b88d981b0012f6df52","OCC-2609IE00537745",,"Ahuntsic-Cartierville","Travaux","Permis émis","2026-09-10T20:00:00Z","2026-09-11T19:59:59Z","Entretien","Fort-Lorette entre Henri-Bourassa et Gouin","RTU (Réseau technique urbain) ou son sous-traitant
","Hydro-Québec-Entrave courte durée","t","f","t","f","t","f","t","f","t","f","f","f","f","f",,,"09:00","16:00","09:00","16:00","09:00","16:00","09:00","16:00","09:00","16:00",,,"2026-09-03T00:02:08Z",-73.66030608244614,45.56789794618375
"6a91c9638d88dc00127da76a","OCC-2609RA00514553",,"Ville-Marie","Travaux","Permis émis","2026-09-08T20:00:00Z","2026-09-10T19:59:59Z","Autre","Evans entre Evans et Saint-Urbain",,,"t","f","t","f","t","f","t","f","t","f","f","f","f","f",,,"07:00","19:00","07:00","19:00","07:00","19:00","07:00","19:00","07:00","19:00",,,"2026-09-03T00:02:08Z",-73.56843886940334,45.510587886237126
"6a970df35cde020012e4aac1","OCC-2609LR00642761",,"Ville-Marie","Travaux","Permis émis","2026-09-02T20:00:00Z","2026-09-11T19:59:59Z","Autre","Ruelle","Entreprise","92244474 Québec inc.","t","t","t","t","t","t","t","t","t","t","t","t","t","t",,,,,,,,,,,,,,,"2026-09-03T00:02:08Z",-73.56018934141302,45.52895687560344
"6a9710a25cde020012e4ac05","OCC-2609AW00649767",,"Rosemont-La Petite-Patrie","Travaux","Permis émis","2026-09-01T20:00:00Z","2026-09-11T19:59:59Z","Construction/rénovation sans excavation","6e entre Laurier et Masson","Entreprise","CIGALE CONSTRUCTION INC.","t","f","t","f","t","f","t","f","t","f","f","f","f","f",,,"07:00","17:00","07:00","17:00","07:00","17:00","07:00","17:00","07:00","17:00",,,"2026-09-03T00:02:08Z",-73.57391924111681,45.54780414021562
"69bc48032f414e0012ea22fb","OCC-2603PO16266855","2520986","Villeray-Saint-Michel-Parc-Extension","Travaux","Permis émis","2026-03-30T20:00:00Z","2026-11-30T18:59:59Z","Autre","Cartier entre Tillemont et Jarry","Entrepreneur sous contrat avec la Ville de Montréal","7574479 CANADA INC.","t","t","t","t","t","t","t","t","t","t","t","t","t","t",,,,,,,,,,,,,,,"2026-03-21T00:01:53Z",-73.61803033520565,45.55366243036639
"6a95dc4e8d981b0012f72eac","OCC-2609AF00644244","25008","LaSalle","Travaux","Permis émis","2026-09-02T20:00:00Z","2026-09-11T19:59:59Z","Construction/rénovation avec excavation","90e entre Radisson et Newman","Entrepreneur sous contrat avec la Ville de Montréal","Eurovia Québec Grands Projets","t","t","t","t","t","t","t","t","t","t","t","t","t","t",,,,,,,,,,,,,,,"2026-09-03T00:02:08Z",-73.63914688584958,45.42787770522602
"6a95db418d981b0012f72e27","OCC-2609JA00520579","501204","Pierrefonds-Roxboro","Travaux","Permis émis","2026-09-02T20:00:00Z","2026-09-11T19:59:59Z","Construction/rénovation sans excavation","Pitfield entre Pitfield et Pitfield","Entrepreneur sous contrat avec la Ville de Montréal","Groupe de construction DePiedmont inc.","t","f","t","f","t","f","t","f","t","f","f","f","f","f",,,"20:00","05:00","20:00","05:00","20:00","05:00","20:00","05:00","20:00","05:00",,,"2026-09-03T00:02:08Z",-73.75895641095026,45.50652121918024
"6a95dd938d981b0012f72eed","OCC-2609YA00521538","501204","Pierrefonds-Roxboro","Travaux","Permis émis","2026-09-02T20:00:00Z","2026-09-11T19:59:59Z","Construction/rénovation sans excavation","Pitfield entre Pitfield et Gouin","Entrepreneur sous contrat avec la Ville de Montréal","Groupe de construction DePiedmont inc.","t","f","t","f","t","f","t","f","t","f","f","f","f","f",,,"20:00","05:00","20:00","05:00","20:00","05:00","20:00","05:00","20:00","05:00",,,"2026-09-03T00:02:08Z",-73.76061414360855,45.50673616778852
"6a95ddff8d88dc00127de355","OCC-2609NS00475869","25008","LaSalle","Travaux","Permis émis","2026-08-31T20:00:00Z","2026-09-30T19:59:59Z","Construction/rénovation sans excavation","Jean-Milot entre Quinlan et Lafleur","Entrepreneur sous contrat avec la Ville de Montréal","Eurovia Québec Grands Projets","t","t","t","t","t","t","t","t","t","t","f","t","f","t",,,,,,,,,,,,,,,"2026-09-03T00:02:08Z",-73.64596945413999,45.430322042308845
"6a95e65a8d981b0012f72fc5","OCC-2609ZR00427381","S-AC-2025-010","Ahuntsic-Cartierville","Travaux","Permis émis","2026-06-02T20:00:00Z","2026-11-13T18:59:59Z","Autre","Crevier entre Gouin et Crevier","Entrepreneur sous contrat avec la Ville de Montréal","Construction Arcade","t","t","t","t","t","t","t","t","t","t","t","t","t","t",,,,,,,,,,,,,,,"2026-09-03T00:02:08Z",-73.72661782541458,45.52994184141864
"6a96bf05fa7b4d00129ea260","OCC-2609OB00659920",,"Ville-Marie","Travaux","Permis émis","2026-09-02T20:00:00Z","2026-09-11T19:59:59Z","Construction/rénovation avec excavation","Wurtele entre Hochelaga et Sherbrooke","Entreprise","Les entreprises QMD inc.","t","t","t","t","t","t","t","t","t","t","t","t","t","t",,,,,,,,,,,,,,,"2026-09-03T00:02:08Z",-73.55824139042515,45.53923698586306
"6a96cdc35cde020012e494ad","OCC-2609PB00486467",,"St-Laurent","Travaux","Permis émis","2026-08-16T20:00:00Z","2026-09-18T19:59:59Z","Autre","Alfred-Nobel entre Albert-Einstein et Alfred-Nobel","Organisation publique ou son sous-traitant","NouvLR","t","t","t","t","t","t","t","t","t","t","t","t","t","t",,,,,,,,,,,,,,,"2026-09-03T00:02:08Z",-73.76165292043633,45.48352680214949
"6a96d33dfa7b4d00129ea6bf","OCC-2609EH00733636",,"Villeray-Saint-Michel-Parc-Extension","Travaux","Permis émis","2026-08-08T20:00:00Z","2026-09-19T19:59:59Z","Autre","Champagneur entre Anvers et Liège","Organisation publique ou son sous-traitant","Hydro-Québec","t","t","t","t","t","t","t","t","t","t","t","t","t","t",,,,,,,,,,,,,,,"2026-09-03T00:02:08Z",-73.64186727825597,45.53185134725075
"6a96e1b15cde020012e49bb4","OCC-2609ZE00523473",,"Pierrefonds-Roxboro","Travaux","Permis émis","2026-09-11T20:00:00Z","2026-10-30T19:59:59Z","S-3 Infrastructure souterraine majeure - Réseaux de gaz","Jacques-Bizard entre Cabot et Gratton","RTU (Réseau technique urbain) ou son sous-traitant
","Marathon Division Gaz","t","t","t","t","t","t","t","t","t","t","t","t","t","t",,,,,,,,,,,,,,,"2026-09-03T00:02:08Z",-73.8607948199397,45.480186491665854
"6a96e41efa7b4d00129eac80","OCC-2609VL00652787","26005","Ville-Marie","Travaux","Permis émis","2026-09-01T20:00:00Z","2026-09-14T19:59:59Z","Trottoirs - Construction","Montgomery entre Rouen et Hochelaga","Entrepreneur sous contrat avec la Ville de Montréal","COJALAC INC.","t","t","t","t","t","t","t","t","t","t","t","t","t","t",,,,,,,,,,,,,,,"2026-09-03T00:02:08Z",-73.55473021289771,45.537362670477286
"6a8865958d88dc00127cb403","OCC-2608IV21362778","26005","St-Laurent","Travaux","Permis émis","2026-08-12T20:00:00Z","2026-09-18T19:59:59Z","Trottoirs - Construction","Poirier entre Muir et O'Brien","Entrepreneur sous contrat avec la Ville de Montréal","Ramcor Construction inc","t","t","t","t","t","t","t","t","t","t","t","t","t","t",,,,,,,,,,,,,,,"2026-08-27T00:01:51Z",-73.68754515763551,45.525692081275984
"67e57409040a480012d5574e","OCC-2503CH24178169",,"Saint-Léonard","Travaux","Permis émis","2025-03-29T20:00:00Z","2028-01-01T18:59:59Z","Autre","Mans entre Lacordaire et Antonio-Dagenais","Organisation publique ou son sous-traitant","Société de transports de Montréal (STM) Prolongement de la ligne bleue","t","t","t","t","t","t","t","t","t","t","t","t","t","t",,,,,,,,,,,,,,,"2025-03-30T00:01:28Z",-73.58216035793679,45.58314760093185
"6a7cbcf58d88dc00127ba5c2","OCC-2609FV00702493","1789328","Côte-des-Neiges-Notre-Dame-de-Grâce","Travaux","Permis émis","2026-09-07T20:00:00Z","2026-09-11T19:59:59Z","Trottoirs - Construction","Décarie entre Bourret et Van Horne","Entrepreneur sous contrat avec la Ville de Montréal","Les Entreprises Ventec Inc","t","f","t","f","t","f","t","f","t","f","f","f","f","f",,,"09:30","15:30","09:30","15:30","09:30","15:30","09:30","15:30","09:30","15:30",,,"2026-09-03T00:02:08Z",-73.63927694496252,45.488466160294486
"6a7ccb0d8d981b0012f50c9c","OCC-2609AM00717313","26004","Ville-Marie","Travaux","Permis émis","2026-09-01T20:00:00Z","2026-09-24T19:59:59Z","Égouts et aqueducs - Excavation","Côte-des-Neiges entre Summerhill et Docteur-Penfield","Entrepreneur sous contrat avec la Ville de Montréal","Excavations Darche inc.","t","t","t","t","t","t","t","t","t","t","t","t","t","t",,,,,,,,,,,,,,,"2026-09-03T00:02:08Z",-73.58597895056798,45.49615166280656
"6a7e1d3f8d981b0012f533aa","OCC-2609CO00411667","1570494","Le Plateau-Mont-Royal","Travaux","Permis émis","2026-09-06T20:00:00Z","2026-09-11T19:59:59Z","Égouts et aqueducs - Inspection et nettoyage","Hôtel-de-Ville entre Napoléon et Duluth","Entrepreneur sous contrat avec la Ville de Montréal","ORTEC ENVIRONNEMENT SERVICES INC","t","f","t","f","t","f","t","f","t","f","f","f","f","f",,,"07:00","19:00","07:00","19:00","07:00","19:00","07:00","19:00","07:00","19:00",,,"2026-09-03T00:02:08Z",-73.57662590624184,45.51830614609786
"6a883b658d88dc00127ca7d8","OCC-2609OL00530806",,"L'Île-Bizard-Sainte-Geneviève","Travaux","Permis émis","2026-09-12T20:00:00Z","2026-09-13T19:59:59Z","Entretien","Gouin entre Plage-Riviera et Beaulieu","RTU (Réseau technique urbain) ou son sous-traitant
","Hydro-Québec-Entrave courte durée","f","f","f","f","f","f","f","f","f","f","f","f","t","f",,,,,,,,,,,,,"13:00","17:00","2026-09-03T00:02:08Z",-73.87461084426857,45.47338682198194
"69fdce724737cd0012223c84","OCC-2605FJ06603174","515501","Ville-Marie","Travaux","Permis émis","2026-05-10T20:00:00Z","2026-12-18T18:59:59Z","Égouts et aqueducs - Réhabilitation","Cathédrale entre Notre-Dame et Saint-Jacques","Entrepreneur sous contrat avec la Ville de Montréal","Loiselle inc.","t","t","t","t","t","t","t","t","t","t","t","t","t","t",,,,,,,,,,,,,,,"2026-05-10T00:01:47Z",-73.56386182877645,45.49643235218574
"699f4c541464910012e6b22a","OCC-2602FE21481626",,"St-Laurent","Travaux","Permis émis","2024-12-15T19:00:00Z","2026-12-18T18:59:59Z","Autre","Alfred-Nobel entre Alfred-Nobel et Alexander-Fleming","Organisation publique ou son sous-traitant","NouvLR","t","t","t","t","t","t","t","t","t","t","t","t","t","t",,,,,,,,,,,,,,,"2026-02-27T00:02:07Z",-73.76021328191541,45.47806425287438
"69b18b139ece830012ff21a8","OCC-2603KR19650814",,"St-Laurent","Travaux","Permis émis","2026-03-22T20:00:00Z","2026-11-30T18:59:59Z","Réseaux routier - Réfection et travaux corrélatifs","Ruelle","Organisation publique ou son sous-traitant","Construction Demathieu & Bard (CDB) inc.","t","t","t","t","t","t","t","t","t","t","t","t","t","t",,,,,,,,,,,,,,,"2026-03-25T00:01:52Z",-73.70701143917537,45.473726862108165
"6a96f1115cde020012e4a2ac","OCC-2609QI00689171",,"Anjou","Travaux","Permis émis","2026-07-05T20:00:00Z","2026-10-07T19:59:59Z","Autre","Bourgneuf entre Bertin et Ronceray","Organisation publique ou son sous-traitant","Société de transports de Montréal (STM) Prolongement de la ligne bleue","t","t","t","t","t","t","t","t","t","t","t","t","t","t",,,,,,,,,,,,,,,"2026-09-03T00:02:08Z",-73.56296511392091,45.60601615958001
"69b18d5a9ece830012ff222a","OCC-2603OW19651894",,"St-Laurent","Travaux","Permis émis","2026-03-22T20:00:00Z","2026-11-30T18:59:59Z","Réseaux routier - Réfection et travaux corrélatifs","Ruelle","Organisation publique ou son sous-traitant","Construction Demathieu & Bard (CDB) inc.","t","t","t","t","t","t","t","t","t","t","t","t","t","t",,,,,,,,,,,,,,,"2026-03-25T00:01:52Z",-73.70491717567812,45.47534888131349
"6a96f265fa7b4d00129eb258","OCC-2609EA00689487",,"Anjou","Travaux","Permis émis","2026-07-05T20:00:00Z","2026-10-07T19:59:59Z","Autre","Métropolitain entre Bertin et Loire","Organisation publique ou son sous-traitant","Société de transports de Montréal (STM) Prolongement de la ligne bleue","t","t","t","t","t","t","t","t","t","t","t","t","t","t",,,,,,,,,,,,,,,"2026-09-03T00:02:08Z",-73.56411392079099,45.606501643982455
"685969472392ad00120dcb57","OCC-2506ZW20792789",,"Saint-Léonard","Travaux","Permis émis","2025-06-23T20:00:00Z","2027-01-01T18:59:59Z","Autre","Paimpol entre Lacordaire et Antonio-Dagenais","Organisation publique ou son sous-traitant","Société de transports de Montréal (STM) Prolongement de la ligne bleue","t","t","t","t","t","t","t","t","t","t","t","t","t","t",,,,,,,,,,,,,,,"2025-06-26T00:01:19Z",-73.58600684418471,45.58218666619589
"6a96f4055cde020012e4a3b0","OCC-2609WI00689727",,"Anjou","Travaux","Permis émis","2026-05-06T20:00:00Z","2026-10-07T19:59:59Z","Autre","Parc de Talcy","Organisation publique ou son sous-traitant","Société de transports de Montréal (STM) Prolongement de la ligne bleue","t","t","t","t","t","t","t","t","t","t","t","t","t","t",,,,,,,,,,,,,,,"2026-09-03T00:02:08Z",-73.56070303982219,45.607030944987656
"6a970091fa7b4d00129eb6a7","OCC-2609SI00645414","25008","LaSalle","Travaux","Permis émis","2026-09-01T20:00:00Z","2026-09-30T19:59:59Z","Construction/rénovation sans excavation","Dupras entre Marroni et Saint-Patrick","Entrepreneur sous contrat avec la Ville de Montréal","Eurovia Québec Grands Projets","t","t","t","t","t","t","t","t","t","t","t","t","t","t",,,,,,,,,,,,,,,"2026-09-03T00:02:08Z",-73.66075529157763,45.4328096092571
"69bd35a32f414e0012ea2c82","OCC-2603DS19443900","2420715","Outremont","Travaux","Permis émis","2026-03-30T20:00:00Z","2026-12-31T18:59:59Z","Autre","Gare-de-Triage entre Atlantic et Gare-de-Triage","Entrepreneur sous contrat avec la Ville de Montréal","ENTREPRENEURS PAYSAGISTE STRATHMORE (1997) LTÉE","t","f","t","f","t","f","t","f","t","f","f","f","f","f",,,"07:00","17:00","07:00","17:00","07:00","17:00","07:00","17:00","07:00","17:00",,,"2026-03-25T00:01:52Z",-73.6178159595693,45.52622041543304
"6a42aae1816ebc0012d38d72","OCC-2607TC01327809","260701","Pierrefonds-Roxboro","Travaux","Permis émis","2026-07-05T20:00:00Z","2026-11-13T18:59:59Z","Construction/rénovation avec excavation","Harry-Worth entre Jolicoeur et Jolicoeur","Entrepreneur sous contrat avec la Ville de Montréal","Aménagements Sud-Ouest (9114-5698 Québec inc.)","t","t","t","t","t","t","t","t","t","t","t","t","t","t",,,,,,,,,,,,,,,"2026-07-04T00:02:02Z",-73.8535566293578,45.48581972681088
"69bd6dbb2f414e0012ea3abf","OCC-2603CR19477430",,"Villeray-Saint-Michel-Parc-Extension","Travaux","Permis émis","2025-12-02T19:00:00Z","2027-09-28T19:59:59Z","Autre","Everett entre Saint-Michel et 12e","Organisation publique ou son sous-traitant","Société de transports de Montréal (STM) Prolongement de la ligne bleue","t","t","t","t","t","t","t","t","t","t","t","t","t","t",,,,,,,,,,,,,,,"2026-03-25T00:01:52Z",-73.60015960543916,45.56026869565323
"6a970426fa7b4d00129eb747","OCC-2609UQ00650802","25008","LaSalle","Travaux","Permis émis","2026-09-01T20:00:00Z","2026-09-30T19:59:59Z","Construction/rénovation sans excavation","Jean-Milot entre Newman et Laplante","Entrepreneur sous contrat avec la Ville de Montréal","Eurovia Québec Grands Projets","t","t","t","t","t","t","t","t","t","t","t","t","t","t",,,,,,,,,,,,,,,"2026-09-03T00:02:08Z",-73.6400512920719,45.42900286235724
"69bd91862f414e0012ea4167","OCC-2603RQ19527352",,"Ville-Marie","Travaux","Permis émis","2026-03-24T20:00:00Z","2026-12-31T18:59:59Z","Construction/rénovation avec excavation","Versailles entre Bonaventure et Saint-Antoine","Entreprise","CORPORATION MAISON LUCIEN-L'ALLIER, MONTRÉAL","t","t","t","t","t","t","t","t","t","t","t","t","t","t",,,,,,,,,,,,,,,"2026-03-25T00:01:52Z",-73.57019322301656,45.493427530852536
"68b99631fc298000122b115a","OCC-2509VC04169766",,"Villeray-Saint-Michel-Parc-Extension","Travaux","Permis émis","2025-09-04T20:00:00Z","2028-01-01T18:59:59Z","Autre","Michel-Ange entre Everett et 17e","Organisation publique ou son sous-traitant","Société de transports de Montréal (STM) Prolongement de la ligne bleue","t","t","t","t","t","t","t","t","t","t","t","t","t","t",,,,,,,,,,,,,,,"2025-09-07T00:01:59Z",-73.59629959544274,45.56319317196348
"699b2c9f1464910012e66c3d","OCC-2602FP22122869","6000030205","Ville-Marie","Travaux","Permis émis","2026-02-25T19:00:00Z","2028-01-11T18:59:59Z","Autre","Saint-Timothée entre René-Lévesque et Sainte-Catherine","Entrepreneur sous contrat avec la Ville de Montréal","Pomerleau Inc.","t","t","t","t","t","t","t","t","t","t","t","t","t","t",,,,,,,,,,,,,,,"2026-02-28T00:01:40Z",-73.55719374075922,45.516911548264645
"699b2f62f521230012f22788","OCC-2602WA22310353","6000030205","Ville-Marie","Travaux","Permis émis","2026-02-25T19:00:00Z","2028-01-11T18:59:59Z","Autre","Saint-Hubert entre Ontario et Sherbrooke","Entrepreneur sous contrat avec la Ville de Montréal","Pomerleau Inc.","t","t","t","t","t","t","t","t","t","t","t","t","t","t",,,,,,,,,,,,,,,"2026-02-28T00:01:40Z",-73.56462474474466,45.51804893870559
"6961063e70891e001276bfa4","OCC-2601GX07415294",,"Ville-Marie","Travaux","Permis émis","2026-01-08T19:00:00Z","2028-01-11T18:59:59Z","Autre","Atateken entre Square-Amherst et Amherst","Ville de Montréal",,"t","t","t","t","t","t","t","t","t","t","t","t","t","t",,,,,,,,,,,,,,,"2026-01-11T00:01:48Z",-73.56422713438405,45.52068645516056
"6a9734545cde020012e4b741","OCC-2609PS00734721",,"Villeray-Saint-Michel-Parc-Extension","Travaux","Permis émis","2026-08-23T20:00:00Z","2026-09-19T19:59:59Z","Autre","Champagneur entre Liège et Crémazie","Organisation publique ou son sous-traitant","Hydro-Québec","t","t","t","t","t","t","t","t","t","t","t","t","t","t",,,,,,,,,,,,,,,"2026-09-03T00:02:08Z",-73.64337912783911,45.53226172340901
"6a9734b15cde020012e4b77b","OCC-2609IV00735623",,"Villeray-Saint-Michel-Parc-Extension","Travaux","Permis émis","2026-08-08T20:00:00Z","2026-09-19T19:59:59Z","Autre","Champagneur entre Liège et Crémazie","Organisation publique ou son sous-traitant","Hydro-Québec","t","t","t","t","t","t","t","t","t","t","t","t","t","t",,,,,,,,,,,,,,,"2026-09-03T00:02:08Z",-73.6445581941922,45.53258817089602
"69c2879d2f414e0012ea673f","OCC-2603LF20333205","25801","Rosemont-La Petite-Patrie","Travaux","Permis émis","2026-03-15T20:00:00Z","2026-12-20T18:59:59Z","Réseaux routier - Réfection et travaux corrélatifs","Carrières entre Garnier et Marquette","Entrepreneur sous contrat avec la Ville de Montréal","Loiselle inc.","t","t","t","t","t","t","t","t","t","t","t","t","t","t",,,,,,,,,,,,,,,"2026-03-26T00:01:51Z",-73.58881866184042,45.53827555715963
"6a46727834772f0012a81d6c","OCC-2607YS01377841","2603","Rivière-des-Prairies-Pointe-aux-Trembles","Travaux","Permis émis","2026-07-12T20:00:00Z","2026-12-31T18:59:59Z","Égouts et aqueducs - Excavation","53e entre 4e et Perras","Entrepreneur sous contrat avec la Ville de Montréal","Les Entreprises Michaudville","t","t","t","t","t","t","t","t","t","t","t","t","t","t",,,,,,,,,,,,,,,"2026-07-04T00:02:02Z",-73.57125222412392,45.65335591172209
"685e913c6851db0019cc4171","OCC-2507OP01284102","515501","Ville-Marie","Travaux","Permis émis","2025-07-01T20:00:00Z","2027-12-23T18:59:59Z","Égouts et aqueducs - Excavation","Jean-D'Estrées entre Notre-Dame et Saint-Jacques","Entrepreneur sous contrat avec la Ville de Montréal","Loiselle inc.","t","t","t","t","t","t","t","t","t","t","t","t","t","t",,,,,,,,,,,,,,,"2025-07-04T00:01:52Z",-73.56485557777694,45.494822650368896
"6a0389b54737cd001222c9cf","OCC-2605IV11897806","1773089","Villeray-Saint-Michel-Parc-Extension","Travaux","Permis émis","2026-05-18T20:00:00Z","2026-12-18T18:59:59Z","Égouts et aqueducs - Excavation","6e entre Legendre et Louvain","Entrepreneur sous contrat avec la Ville de Montréal","9329-0146 Québec inc.","t","t","t","t","t","t","t","t","t","t","t","t","t","t",,,,,,,,,,,,,,,"2026-06-16T00:01:54Z",-73.63283384938107,45.57025058035864
"6a7cb0488d88dc00127ba165","OCC-2609JE01352034","1570494","Côte-des-Neiges-Notre-Dame-de-Grâce","Travaux","Permis émis","2026-09-06T20:00:00Z","2026-09-18T19:59:59Z","Égouts et aqueducs - Inspection et nettoyage","Non-nommée entre  et Saint-Jacques","Entrepreneur sous contrat avec la Ville de Montréal","ORTEC ENVIRONNEMENT SERVICES INC","t","f","t","f","t","f","t","f","t","f","f","f","f","f",,,"07:00","19:00","07:00","19:00","07:00","19:00","07:00","19:00","07:00","19:00",,,"2026-09-04T00:02:08Z",-73.5955023848299,45.47601622909959
"699f158c1464910012e6a5da","OCC-2603QP01379659",,"Ville-Marie","Travaux","Permis émis","2026-03-02T19:00:00Z","2026-12-31T18:59:59Z","Construction/rénovation avec excavation","Bonsecours entre Saint-Paul et Notre-Dame","Entreprise","Fondation Phi pour l'art contemporain","t","t","t","t","t","t","t","t","t","t","t","t","t","t",,,,,,,,,,,,,,,"2026-03-06T00:02:07Z",-73.55183495529991,45.51007780926806
"680a48f51c8d820019995134","OCC-2504BL20389812",,"Mercier-Hochelaga-Maisonneuve","Travaux","Permis émis","2025-04-21T20:00:00Z","2027-07-01T19:59:59Z","Construction/rénovation avec excavation","Arcand entre Robert-Jurie et Sherbrooke","Organisation publique ou son sous-traitant","Cegerco","t","t","t","t","t","t","t","t","t","t","t","t","t","t",,,,,,,,,,,,,,,"2025-04-26T00:01:14Z",-73.5411942285294,45.585170406295546
"6a8766aa8d88dc00127ca2b2","OCC-2609YD01584804",,"Mercier-Hochelaga-Maisonneuve","Travaux","Permis émis","2026-09-06T20:00:00Z","2026-09-18T19:59:59Z","Autre","Notre-Dame entre Mercier et Lebrun","CSEM (Commission des services électriques de Montréal) ou son sous-traitant
","Telecon","t","f","t","f","t","f","t","f","t","f","f","f","f","f",,,"09:00","17:00","09:00","17:00","09:00","17:00","09:00","17:00","09:00","17:00",,,"2026-09-04T00:02:08Z",-73.5119461454579,45.59642215721296
"6a8ed6d08d88dc00127d2ae2","OCC-2609PD01438526",,"Verdun","Travaux","Permis émis","2026-09-09T20:00:00Z","2026-09-10T19:59:59Z","Entretien","Rielle entre LaSalle et Wellington","RTU (Réseau technique urbain) ou son sous-traitant
","Hydro-Québec-Entrave courte durée","t","f","t","f","t","f","t","f","t","f","f","f","f","f",,,"08:00","13:00","08:00","13:00","08:00","13:00","08:00","13:00","08:00","13:00",,,"2026-09-04T00:02:08Z",-73.56359020614575,45.45992262753301
"69fca98ec902f20012c90778","OCC-2605KX09109381","445710","Villeray-Saint-Michel-Parc-Extension","Travaux","Permis émis","2026-05-10T20:00:00Z","2026-10-01T19:59:59Z","Construction/rénovation sans excavation","Lajeunesse entre Jean-Talon et De Castelnau","Entrepreneur sous contrat avec la Ville de Montréal","Les Entreprises Michaudville","t","t","t","t","t","t","t","t","t","t","t","t","t","t",,,,,,,,,,,,,,,"2026-05-13T00:01:43Z",-73.61458233305895,45.53983619854449
"6a8ef1a08d981b0012f690d8","OCC-2609TH01374693",,"Ville-Marie","Travaux","Permis émis","2026-09-07T20:00:00Z","2026-09-11T19:59:59Z","Réseaux routier - Réfection et travaux corrélatifs","René-Lévesque entre Sanguinet et Saint-Denis","RTU (Réseau technique urbain) ou son sous-traitant
","Marathon Division Gaz","t","f","t","f","t","f","t","f","t","f","f","f","f","f",,,"10:00","14:30","10:00","14:30","10:00","14:30","10:00","14:30","10:00","14:30",,,"2026-09-04T00:02:08Z",-73.55883046169869,45.51222617451703
"69c6c2a5ca06ac00124a01be","OCC-2603SR23122045","445710","Villeray-Saint-Michel-Parc-Extension","Travaux","Permis émis","2026-03-29T20:00:00Z","2026-10-01T19:59:59Z","Construction/rénovation sans excavation","Henri-Julien entre De Castelnau et Jules-Verne","Entrepreneur sous contrat avec la Ville de Montréal","Les Entreprises Michaudville","t","t","t","t","t","t","t","t","t","t","t","t","t","t",,,,,,,,,,,,,,,"2026-03-29T00:01:48Z",-73.61847201535284,45.53795173474481
"6a902d008d88dc00127d6072","OCC-2609LE01494228",,"Montréal-Nord","Travaux","Permis émis","2026-09-08T20:00:00Z","2026-09-10T19:59:59Z","A-1 Réseau aérien existant","Léger entre Sainte-Colette et Lanthier","RTU (Réseau technique urbain) ou son sous-traitant
","Laurin Laurin (Bell, VL, EC, HQ)","t","f","t","f","t","f","t","f","t","f","f","f","f","f",,,"07:00","17:00","07:00","17:00","07:00","17:00","07:00","17:00","07:00","17:00",,,"2026-09-04T00:02:08Z",-73.63167191368264,45.612760807602655
"6a96a36bfa7b4d00129e9f80","OCC-2609YV01364087",,"Rosemont-La Petite-Patrie","Travaux","Permis émis","2026-09-07T20:00:00Z","2026-09-11T19:59:59Z","Réseaux routier - Réfection et travaux corrélatifs","Saint-Joseph entre 13e et Saint-Joseph","RTU (Réseau technique urbain) ou son sous-traitant
","Marathon Division Gaz","t","f","t","f","t","f","t","f","t","f","f","f","f","f",,,"09:30","15:00","09:30","15:00","09:30","15:00","09:30","15:00","09:30","15:00",,,"2026-09-04T00:02:08Z",-73.56722985716361,45.55114546484884
"6a9712055cde020012e4acea","OCC-2609BG00646927","26017","Rosemont-La Petite-Patrie","Travaux","Permis émis","2026-09-01T20:00:00Z","2026-09-11T19:59:59Z","Autre","28e entre Beaubien et Saint-Zotique","Entrepreneur sous contrat avec la Ville de Montréal","Les Entrepreneurs Bucaro","t","f","t","f","t","f","t","f","t","f","f","f","f","f",,,"07:00","19:00","07:00","19:00","07:00","19:00","07:00","19:00","07:00","19:00",,,"2026-09-03T00:02:08Z",-73.57866112186944,45.56666725063455
"69fce06ac902f20012c91b7e","OCC-2605XI06591333",,"Ahuntsic-Cartierville","Travaux","Permis émis","2026-05-12T20:00:00Z","2026-12-31T18:59:59Z","Autre","Ruelle","Organisation publique ou son sous-traitant","Sidcan Inc.","t","t","t","t","t","t","t","t","t","t","t","t","t","t",,,,,,,,,,,,,,,"2026-05-10T00:01:47Z",-73.64813073941605,45.55712395071601
"69fce1814b167600129d4495","OCC-2605VU06590463",,"Ahuntsic-Cartierville","Travaux","Permis émis","2026-05-12T20:00:00Z","2026-12-31T18:59:59Z","Autre","Ruelle","Organisation publique ou son sous-traitant","Sidcan Inc.","t","t","t","t","t","t","t","t","t","t","t","t","t","t",,,,,,,,,,,,,,,"2026-05-10T00:01:47Z",-73.64774293380123,45.55770528585414
"69fce27a4b167600129d44e7","OCC-2605XE06589440",,"Ahuntsic-Cartierville","Travaux","Permis émis","2026-05-12T20:00:00Z","2026-12-31T18:59:59Z","Autre","Ruelle","Organisation publique ou son sous-traitant","Sidcan Inc.","t","t","t","t","t","t","t","t","t","t","t","t","t","t",,,,,,,,,,,,,,,"2026-05-10T00:01:47Z",-73.64796493680679,45.55822174620853
"69415597dee8ef0012657098","OCC-2512NW14324982",,"Ville-Marie","Travaux","Permis émis","2026-01-04T19:00:00Z","2027-12-31T18:59:59Z","Autre","Berri entre De La Gauchetière et René-Lévesque","Organisation publique ou son sous-traitant","Société de Transport de Montréal","t","t","t","t","t","t","t","t","t","t","t","t","t","t",,,,,,,,,,,,,,,"2025-12-19T00:01:58Z",-73.5571860460542,45.51343703944256
"694156d5dee8ef00126570cb","OCC-2512TO14331463",,"Ville-Marie","Travaux","Permis émis","2026-01-04T19:00:00Z","2027-12-31T18:59:59Z","Autre","René-Lévesque entre Labelle et Saint-Hubert","Organisation publique ou son sous-traitant","Société de Transport de Montréal","t","t","t","t","t","t","t","t","t","t","t","t","t","t",,,,,,,,,,,,,,,"2025-12-19T00:01:58Z",-73.55701044973303,45.51426997862966
"69418c8cdf5da800128908ac","OCC-2512NE14366476",,"Ville-Marie","Travaux","Permis émis","2026-01-04T19:00:00Z","2027-12-31T18:59:59Z","Autre","Saint-Timothée entre De Maisonneuve et Robin","Organisation publique ou son sous-traitant","Société de Transport de Montréal","t","t","t","t","t","t","t","t","t","t","t","t","t","t",,,,,,,,,,,,,,,"2025-12-19T00:01:58Z",-73.56060120740901,45.518455119822846
"69418db5df5da800128908cd","OCC-2512BP14341522",,"Ville-Marie","Travaux","Permis émis","2026-01-04T19:00:00Z","2027-12-31T18:59:59Z","Autre","Ontario entre Amherst et Wolfe","Organisation publique ou son sous-traitant","Société de Transport de Montréal","t","t","t","t","t","t","t","t","t","t","t","t","t","t",,,,,,,,,,,,,,,"2025-12-19T00:01:58Z",-73.56278759490625,45.52031184789517
"69418f0fdf5da80012890923","OCC-2512WU14353183",,"Ville-Marie","Travaux","Permis émis","2026-01-04T19:00:00Z","2027-12-31T18:59:59Z","Autre","Ontario entre Saint-Hubert et Saint-Christophe","Organisation publique ou son sous-traitant","Société de Transport de Montréal","t","t","t","t","t","t","t","t","t","t","t","t","t","t",,,,,,,,,,,,,,,"2025-12-19T00:01:58Z",-73.56411150098481,45.51829146566868
"69a0677bf521230012f28615","OCC-2602RL22230092","1728192","Le Sud-Ouest","Travaux","Permis émis","2026-02-25T19:00:00Z","2026-09-30T19:59:59Z","Construction/rénovation avec excavation","Sainte-Madeleine entre Sainte-Madeleine et Le Ber","Entrepreneur sous contrat avec la Ville de Montréal","Les Terrassements Multi-paysages Inc.","t","f","t","f","t","f","t","f","t","f","f","f","f","f",,,"07:00","18:00","07:00","18:00","07:00","18:00","07:00","18:00","07:00","18:00",,,"2026-02-28T00:01:40Z",-73.55192766324754,45.48078633361273
"699888ec1464910012e65959","OCC-2602BU23186170","515501","Ville-Marie","Travaux","Permis émis","2026-03-01T19:00:00Z","2026-10-31T19:59:59Z","Égouts et aqueducs - Réhabilitation","136 entre 720 et 720","Entrepreneur sous contrat avec la Ville de Montréal","Loiselle inc.","t","t","t","t","t","t","t","t","t","t","t","t","t","t",,,,,,,,,,,,,,,"2026-03-01T00:02:16Z",-73.5646786522645,45.4967052292206
"69a06fde1464910012e6c97f","OCC-2602TS23177692","515501","Ville-Marie","Travaux","Permis émis","2026-03-01T19:00:00Z","2026-10-30T19:59:59Z","Égouts et aqueducs - Réhabilitation","136 entre 720 et 720","Entrepreneur sous contrat avec la Ville de Montréal","Loiselle inc.","t","t","t","t","t","t","t","t","t","t","t","t","t","t",,,,,,,,,,,,,,,"2026-03-01T00:02:16Z",-73.56411633712703,45.49747238380924
"69a07241f521230012f287dd","OCC-2602EV23178981","515501","Ville-Marie","Travaux","Permis émis","2026-03-01T19:00:00Z","2026-10-30T19:59:59Z","Égouts et aqueducs - Réhabilitation","136 entre 720 et 720","Entrepreneur sous contrat avec la Ville de Montréal","Loiselle inc.","t","t","t","t","t","t","t","t","t","t","t","t","t","t",,,,,,,,,,,,,,,"2026-03-01T00:02:16Z",-73.56413912483907,45.49720793140407
"69418af3df5da80012890864","OCC-2512RP15435135",,"Le Plateau-Mont-Royal","Travaux","Permis émis","2026-01-04T19:00:00Z","2026-12-31T18:59:59Z","Autre","Berri entre Malines et Cherrier","Organisation publique ou son sous-traitant","Société de Transport de Montréal","t","t","t","t","t","t","t","t","t","t","t","t","t","t",,,,,,,,,,,,,,,"2025-12-20T00:01:37Z",-73.5690126759022,45.51872892413365
"6944049ad3ad4b0012c3f66d","OCC-2512WA15207932",,"Ville-Marie","Travaux","Permis émis","2025-12-17T19:00:00Z","2026-12-15T18:59:59Z","Entretien","Clark entre Saint-Antoine et Saint-Laurent","Organisation publique ou son sous-traitant","Atelier de Maçonnerie Inc.","t","t","t","t","t","t","t","t","t","t","t","t","t","t",,,,,,,,,,,,,,,"2025-12-20T00:01:37Z",-73.55770356086549,45.50660688724976
"69441cc271ecf60012cdd7e2","OCC-2512JI15244240","20033148 - C","Ville-Marie","Travaux","Permis émis","2025-12-17T19:00:00Z","2027-09-30T19:59:59Z","Construction/rénovation avec excavation","Docteur-Penfield entre Pins et Docteur-Penfield","Entrepreneur sous contrat avec la Ville de Montréal","Coffrage Alliance Ltée","t","t","t","t","t","t","t","t","t","t","t","t","t","t",,,,,,,,,,,,,,,"2025-12-20T00:01:37Z",-73.58030993331882,45.5067035931278
"6a2affc7ef86e200124e09aa","OCC-2606IN09938618",,"Ville-Marie","Travaux","Permis émis","2026-06-12T20:00:00Z","2026-12-18T18:59:59Z","Construction/rénovation sans excavation","Saint-Laurent entre Le Royer et Notre-Dame","Entreprise","Sidcan Inc.","t","t","t","t","t","t","t","t","t","t","t","t","t","t",,,,,,,,,,,,,,,"2026-06-16T00:01:54Z",-73.55525552606892,45.50611818562429
"67f86cf01c8d820019981183","OCC-2504MW09106849",,"Mercier-Hochelaga-Maisonneuve","Travaux","Permis émis","2025-05-04T20:00:00Z","2026-12-31T18:59:59Z","Réseaux routier - Réfection et travaux corrélatifs","Ruelle","Organisation publique ou son sous-traitant","Renouveau Lafontaine","t","t","t","t","t","t","t","t","t","t","t","t","t","t",,,,,,,,,,,,,,,"2025-04-13T00:01:11Z",-73.53863548987212,45.59449518895372
"67f86ffab8af4e001a39a559","OCC-2504TZ09109827",,"Mercier-Hochelaga-Maisonneuve","Travaux","Permis émis","2025-05-04T20:00:00Z","2026-12-31T18:59:59Z","Réseaux routier - Réfection et travaux corrélatifs","Ruelle","Organisation publique ou son sous-traitant","Renouveau Lafontaine","t","t","t","t","t","t","t","t","t","t","t","t","t","t",,,,,,,,,,,,,,,"2025-04-13T00:01:11Z",-73.5383586441182,45.59439764890148
"68c0703a8f7d590012d58810","OCC-2509JM07646247",,"Villeray-Saint-Michel-Parc-Extension","Travaux","Permis émis","2025-09-08T20:00:00Z","2028-01-01T18:59:59Z","Autre","Everett entre 9e et 9e","Organisation publique ou son sous-traitant","Société de transports de Montréal (STM) Prolongement de la ligne bleue","t","t","t","t","t","t","t","t","t","t","t","t","t","t",,,,,,,,,,,,,,,"2025-09-11T00:01:39Z",-73.6009686632512,45.55867716897964
"69c2efc52f414e0012ea7f1d","OCC-2603CG21291975",,"Ville-Marie","Travaux","Permis émis","2026-03-19T20:00:00Z","2026-12-31T18:59:59Z","Construction/rénovation sans excavation","McGill College entre De Maisonneuve et Président-Kennedy","Entreprise","EPSYLON CONCEPT INC.","t","t","t","t","t","t","t","t","t","t","t","t","t","t",,,,,,,,,,,,,,,"2026-03-27T00:01:45Z",-73.57301264028759,45.50302825491639
"69a5869013001c0012e2945c","OCC-2603LX01371859",,"Villeray-Saint-Michel-Parc-Extension","Travaux","Permis émis","2026-03-01T19:00:00Z","2026-12-31T18:59:59Z","Entretien","Champagneur entre Beaumont et Jean-Talon","Organisation publique ou son sous-traitant","arboclinique inc.","t","f","t","f","t","f","t","f","t","f","f","f","f","f",,,"06:00","18:00","06:00","18:00","06:00","18:00","06:00","18:00","06:00","18:00",,,"2026-03-04T00:02:05Z",-73.62297159430038,45.525778709313286
"69c2f2365f40ae0012c10c5a","OCC-2603XT21292505",,"Ville-Marie","Travaux","Permis émis","2026-03-19T20:00:00Z","2026-10-01T19:59:59Z","Construction/rénovation sans excavation","McGill College entre De Maisonneuve et Président-Kennedy","Entreprise","EPSYLON CONCEPT INC.","t","t","t","t","t","t","t","t","t","t","t","t","t","t",,,,,,,,,,,,,,,"2026-03-27T00:01:45Z",-73.57340250098098,45.50321483046902
"69c400a32f414e0012ea8ea3","OCC-2603DS21410998",,"Verdun","Travaux","Permis émis","2026-03-25T20:00:00Z","2026-10-30T19:59:59Z","Construction/rénovation sans excavation","Ruelle","Organisation publique ou son sous-traitant","Pomerleau Inc.","t","t","t","t","t","t","t","t","t","t","t","t","t","t",,,,,,,,,,,,,,,"2026-03-27T00:01:45Z",-73.5423887731057,45.47264869089504
"6995cb1c1464910012e62185","OCC-2602NU15212602","15881","Montréal-Nord","Travaux","Permis émis","2026-03-31T20:00:00Z","2026-10-30T19:59:59Z","Construction/rénovation sans excavation","Henri-Bourassa entre Larose et Saint-Michel","Entrepreneur sous contrat avec la Ville de Montréal","Magil Construction est du Canada inc.","t","t","t","t","t","t","t","t","t","t","t","t","t","t",,,,,,,,,,,,,,,"2026-09-04T00:02:08Z",-73.65058976483016,45.58261413946266
"6a68c3e6cec631001263ac9b","OCC-2609GI01456107","523101","Montréal-Nord","Travaux","Permis émis","2026-09-07T20:00:00Z","2026-09-30T19:59:59Z","Construction/rénovation avec excavation","Henri-Bourassa entre Wilfrid-Saint-Louis et Saint-Michel","Entrepreneur sous contrat avec la Ville de Montréal","Environnement Routier NRJ Inc.","t","t","t","t","t","t","t","t","t","t","t","t","t","t",,,,,,,,,,,,,,,"2026-09-04T00:02:08Z",-73.65037446295591,45.58288217140945
"6a6cdcd78d88dc00127a66a3","OCC-2609LQ01589443",,"Ahuntsic-Cartierville","Travaux","Permis émis","2026-09-09T20:00:00Z","2026-09-29T19:59:59Z","Entretien","Bois-de-Boulogne entre Dudemaine et De Salaberry","RTU (Réseau technique urbain) ou son sous-traitant
","Hydro-Québec-Entrave courte durée","t","f","t","f","t","f","t","f","t","f","t","f","t","f","09:30","15:30","09:30","15:30","09:30","15:30","09:30","15:30","09:30","15:30","09:30","15:30","09:30","15:30","2026-09-04T00:02:08Z",-73.69240307584096,45.54222373107367
"692885cedee8ef001263e0de","OCC-2511NS23093406",,"Ville-Marie","Travaux","Permis émis","2025-11-27T19:00:00Z","2028-01-11T18:59:59Z","Autre","Atateken entre Square-Amherst et Amherst","Ville de Montréal",,"t","t","t","t","t","t","t","t","t","t","t","t","t","t",,,,,,,,,,,,,,,"2026-03-28T00:01:48Z",-73.56260371612248,45.51991594924002
"685972c72392ad00120dcd9a","OCC-2506VP20788537",,"Saint-Léonard","Travaux","Permis émis","2025-06-23T20:00:00Z","2027-12-01T18:59:59Z","Autre","Mainville entre Jean-Talon et Hautbois","Organisation publique ou son sous-traitant","Société de transports de Montréal (STM) Prolongement de la ligne bleue","t","t","t","t","t","t","t","t","t","t","t","t","t","t",,,,,,,,,,,,,,,"2025-09-13T00:01:44Z",-73.58116113005686,45.584942360763606
"69b42f6d3bccc0001399b24d","OCC-2603MV10965146",,"Ville-Marie","Travaux","Permis émis","2025-11-27T19:00:00Z","2028-01-11T18:59:59Z","Autre","Atateken entre Amherst et Amherst","Ville de Montréal",,"t","t","t","t","t","t","t","t","t","t","t","t","t","t",,,,,,,,,,,,,,,"2026-03-28T00:01:48Z",-73.55592881665658,45.51689101409824
"69a830960713dc0012d6a4f3","OCC-2603DU03264977","1259949001","Côte-des-Neiges-Notre-Dame-de-Grâce","Travaux","Permis émis","2026-03-03T19:00:00Z","2027-03-05T18:59:59Z","Construction/rénovation avec excavation","Doherty entre Somerled et Fielding","Entrepreneur sous contrat avec la Ville de Montréal","Progest Construction","t","t","t","t","t","t","t","t","t","t","t","t","t","t",,,,,,,,,,,,,,,"2026-03-06T00:02:07Z",-73.64649023559785,45.46046104205595
"6a4bc0f3816ebc0012d44115","OCC-2607MP04856695",,"Villeray-Saint-Michel-Parc-Extension","Travaux","Permis émis","2026-06-28T20:00:00Z","2027-01-29T18:59:59Z","Autre","Shaughnessy entre Shelley et 12e","Organisation publique ou son sous-traitant","Société de transports de Montréal (STM) Prolongement de la ligne bleue","t","f","t","f","t","f","t","f","t","f","f","f","f","f",,,"07:00","17:00","07:00","17:00","07:00","17:00","07:00","17:00","07:00","17:00",,,"2026-07-08T00:01:54Z",-73.59976067864918,45.56038796265398
"69a9ae4f0713dc0012d6c85a","OCC-2603IK04146762",,"Villeray-Saint-Michel-Parc-Extension","Travaux","Permis émis","2026-03-04T19:00:00Z","2028-01-01T18:59:59Z","Autre","Jean-Talon entre Pie-IX et Jean-Talon","Organisation publique ou son sous-traitant","Société de transports de Montréal (STM) Prolongement de la ligne bleue","t","t","t","t","t","t","t","t","t","t","t","t","t","t",,,,,,,,,,,,,,,"2026-03-07T00:02:06Z",-73.59071212409074,45.56729586161698
"6a8da0aa8d981b0012f667be","OCC-2609IV01470346",,"Mercier-Hochelaga-Maisonneuve","Travaux","Permis émis","2026-09-09T20:00:00Z","2026-09-10T19:59:59Z","Entretien","Marie-Ange-Bouchard entre Duchesneau et De Contrecoeur","RTU (Réseau technique urbain) ou son sous-traitant
","Hydro-Québec-Entrave courte durée","t","f","t","f","t","f","t","f","t","f","f","f","f","f",,,"08:00","13:00","08:00","13:00","08:00","13:00","08:00","13:00","08:00","13:00",,,"2026-09-04T00:02:08Z",-73.5295978408156,45.61176991123871
"6a8dc8078d88dc00127d113e","OCC-2609JG01547286",,"Côte-des-Neiges-Notre-Dame-de-Grâce","Travaux","Permis émis","2026-09-07T20:00:00Z","2026-09-10T19:59:59Z","Entretien","Côte-des-Neiges entre Mackenzie et Jean-Talon","RTU (Réseau technique urbain) ou son sous-traitant
","Hydro-Québec-Entrave courte durée","t","f","t","f","t","f","t","f","t","f","f","f","f","f",,,"08:00","15:00","08:00","15:00","08:00","15:00","08:00","15:00","08:00","15:00",,,"2026-09-04T00:02:08Z",-73.64128293492433,45.50438789687523
"69c3383e2f414e0012ea8023","OCC-2603RG23117613","503001","Ville-Marie","Travaux","Permis émis","2026-03-29T20:00:00Z","2026-10-30T19:59:59Z","Construction/rénovation avec excavation","Guy entre Guy et René-Lévesque","Entrepreneur sous contrat avec la Ville de Montréal","Roxboro Excavation Inc.","t","t","t","t","t","t","t","t","t","t","t","t","t","t",,,,,,,,,,,,,,,"2026-03-29T00:01:48Z",-73.57777924977961,45.49483670263312
"69c3e8315f40ae0012c117c6","OCC-2603WO23035521","503001","Ville-Marie","Travaux","Permis émis","2026-03-28T20:00:00Z","2026-10-31T19:59:59Z","Construction/rénovation avec excavation","De Maisonneuve entre Guy et Pierce","Entrepreneur sous contrat avec la Ville de Montréal","Roxboro Excavation Inc.","t","t","t","t","t","t","t","t","t","t","t","t","t","t",,,,,,,,,,,,,,,"2026-03-29T00:01:48Z",-73.57964872784834,45.495386311131135
"69c3e8f62f414e0012ea873b","OCC-2603RZ23034331","503001","Ville-Marie","Travaux","Permis émis","2026-03-28T20:00:00Z","2026-10-31T19:59:59Z","Construction/rénovation avec excavation","Guy entre Police et De Maisonneuve","Entrepreneur sous contrat avec la Ville de Montréal","Roxboro Excavation Inc.","t","t","t","t","t","t","t","t","t","t","t","t","t","t",,,,,,,,,,,,,,,"2026-03-29T00:01:48Z",-73.57851751600515,45.49542286452913
"69c41cab2f414e0012ea9467","OCC-2603YE23044527",,"Saint-Léonard","Travaux","Permis émis","2026-03-26T20:00:00Z","2028-01-01T18:59:59Z","Autre","Cannes entre Baunard et Jean-Talon","Organisation publique ou son sous-traitant","Société de transports de Montréal (STM) Prolongement de la ligne bleue","t","t","t","t","t","t","t","t","t","t","t","t","t","t",,,,,,,,,,,,,,,"2026-03-29T00:01:48Z",-73.58466627107468,45.573942332112495
"6a031ecc2dd5770012481f1c","OCC-2605TX09957884","2420779","Mercier-Hochelaga-Maisonneuve","Travaux","Permis émis","2026-04-12T20:00:00Z","2026-11-15T18:59:59Z","Entretien","Robert-Jurie entre Desautels et Arcand","Entrepreneur sous contrat avec la Ville de Montréal","Les entreprises Roseneige","t","f","t","f","t","f","t","f","t","f","f","f","f","f",,,"07:00","19:00","07:00","19:00","07:00","19:00","07:00","19:00","07:00","19:00",,,"2026-05-13T00:01:43Z",-73.54074516853252,45.58476200684798
"6967b7fb70891e00127706ea","OCC-2601NR11795078",,"Rosemont-La Petite-Patrie","Travaux","Permis émis","2026-01-14T19:00:00Z","2027-12-31T18:59:59Z","Autre","Casgrain entre Burelle et Beaubien","Ville de Montréal",,"f","t","f","t","f","t","f","t","f","t","t","t","t","t",,,,,,,,,,,,,,,"2026-01-16T00:01:42Z",-73.60703717266558,45.5312512687605
"6967d02070891e0012770c0f","OCC-2601XA11885589",,"Rosemont-La Petite-Patrie","Travaux","Permis émis","2026-01-17T19:00:00Z","2026-12-17T18:59:59Z","Construction/rénovation avec excavation","Ruelle","Entreprise","HABITATIONS COMMUNAUTAIRES LOGGIA","t","t","t","t","t","t","t","t","t","t","t","t","t","t",,,,,,,,,,,,,,,"2026-01-16T00:01:42Z",-73.58714295735675,45.55489906480974
"6a91a58e8d981b0012f6ed99","OCC-2609IW01491671","502201","Montréal-Nord","Travaux","Permis émis","2026-09-02T20:00:00Z","2026-09-11T19:59:59Z","Construction/rénovation avec excavation","Albert-Hudon entre Maurice-Duplessis et Léger","Entrepreneur sous contrat avec la Ville de Montréal","Duroking Construction","t","f","t","f","t","f","t","f","t","f","f","f","f","f",,,"22:00","05:00","22:00","05:00","22:00","05:00","22:00","05:00","22:00","05:00",,,"2026-09-04T00:02:08Z",-73.6162897780177,45.62205360865531
"6a91a7b48d981b0012f6ef41","OCC-2609SM01476005","2026020","Mercier-Hochelaga-Maisonneuve","Travaux","Permis émis","2026-09-09T20:00:00Z","2026-09-25T19:59:59Z","Autre","Robitaille entre Yves-Prévost et Paul-Pau","Entrepreneur sous contrat avec la Ville de Montréal","Demix construction","t","f","t","f","t","f","t","f","t","f","f","f","f","f",,,"07:00","19:00","07:00","19:00","07:00","19:00","07:00","19:00","07:00","19:00",,,"2026-09-04T00:02:08Z",-73.54278826079118,45.61071384162548
"6a91a8718d981b0012f6efc1","OCC-2609HB01492660","502201","Montréal-Nord","Travaux","Permis émis","2026-09-07T20:00:00Z","2026-09-11T19:59:59Z","Construction/rénovation avec excavation","Maurice-Duplessis entre Albert-Hudon et Maurice-Duplessis","Entrepreneur sous contrat avec la Ville de Montréal","Duroking Construction","t","t","t","t","t","t","t","t","t","t","f","f","f","f",,,,,,,,,,,,,,,"2026-09-04T00:02:08Z",-73.61123318117762,45.619146255734265
"6a91a8e38d88dc00127d9d43","OCC-2609HX01480119","202602","Mercier-Hochelaga-Maisonneuve","Travaux","Permis émis","2026-09-09T20:00:00Z","2026-09-22T19:59:59Z","Autre","Lebrun entre Ontario et Dubuisson","Entrepreneur sous contrat avec la Ville de Montréal","Demix construction","t","f","t","f","t","f","t","f","t","f","f","f","f","f",,,"07:00","19:00","07:00","19:00","07:00","19:00","07:00","19:00","07:00","19:00",,,"2026-09-04T00:02:08Z",-73.5152766985978,45.5976421093461
"6a96e339fa7b4d00129eac20","OCC-2609TX01472678",,"Mercier-Hochelaga-Maisonneuve","Travaux","Permis émis","2026-09-09T20:00:00Z","2026-09-10T19:59:59Z","Entretien","Marie-Ange-Bouchard entre Duchesneau et De Contrecoeur","RTU (Réseau technique urbain) ou son sous-traitant
","Hydro-Québec-Entrave courte durée","t","f","t","f","t","f","t","f","t","f","f","f","f","f",,,"08:00","13:00","08:00","13:00","08:00","13:00","08:00","13:00","08:00","13:00",,,"2026-09-04T00:02:08Z",-73.52962147549687,45.61172765700275
"6a96e24afa7b4d00129eabdb","OCC-2609DK01503159",,"Le Plateau-Mont-Royal","Travaux","Permis émis","2026-09-01T20:00:00Z","2026-09-18T19:59:59Z","Trottoirs - Construction","Rivard entre Duluth et Rachel","Ville de Montréal",,"t","t","t","t","t","t","t","t","t","t","f","f","f","f",,,,,,,,,,,,,,,"2026-09-04T00:02:08Z",-73.57708619546352,45.52213607654056
"681364989f00ad00127ca818","OCC-2505LD00487706",,"Saint-Léonard","Travaux","Permis émis","2025-04-30T20:00:00Z","2028-01-01T18:59:59Z","Autre","Cannes entre 35e et Baunard","Organisation publique ou son sous-traitant","Société de transports de Montréal (STM) Prolongement de la ligne bleue","t","t","t","t","t","t","t","t","t","t","t","t","t","t",,,,,,,,,,,,,,,"2025-05-03T00:01:15Z",-73.58400957008283,45.57363356325759
"6a9731d55cde020012e4b6c2","OCC-2609VX01340346","25008","LaSalle","Travaux","Permis émis","2026-09-01T20:00:00Z","2026-09-30T19:59:59Z","Construction/rénovation sans excavation","Jean-Milot entre D'Amour et Quinlan","Entrepreneur sous contrat avec la Ville de Montréal","Eurovia Québec Grands Projets","t","t","t","t","t","t","t","t","t","t","t","t","t","t",,,,,,,,,,,,,,,"2026-09-04T00:02:08Z",-73.64384921305395,45.429918989391126
"6a9732d05cde020012e4b6ea","OCC-2609JE01322345",,"Villeray-Saint-Michel-Parc-Extension","Travaux","Permis émis","2026-09-04T20:00:00Z","2026-09-11T19:59:59Z","Construction/rénovation sans excavation","Ruelle","Entreprise","SCDP Maçonnerie inc","t","t","t","t","t","t","t","t","t","t","t","t","t","t",,,,,,,,,,,,,,,"2026-09-04T00:02:08Z",-73.63726585109777,45.5423642578066
"6a9734dd5cde020012e4b7a8","OCC-2609VK01344746","25008","LaSalle","Travaux","Permis émis","2026-09-02T20:00:00Z","2026-09-30T19:59:59Z","Construction/rénovation sans excavation","Clément entre Oblats et Bergevin","Entrepreneur sous contrat avec la Ville de Montréal","Eurovia Québec Grands Projets","t","t","t","t","t","t","t","t","t","t","t","t","t","t",,,,,,,,,,,,,,,"2026-09-04T00:02:08Z",-73.65206428074734,45.43430464083792
"6a9739f2fa7b4d00129ec84c","OCC-2609IW01343990","25008","LaSalle","Travaux","Permis émis","2026-09-01T20:00:00Z","2026-09-30T19:59:59Z","Construction/rénovation sans excavation","Jean-Milot entre Laplante et Trudeau","Entrepreneur sous contrat avec la Ville de Montréal","Eurovia Québec Grands Projets","t","t","t","t","t","t","t","t","t","t","t","t","t","t",,,,,,,,,,,,,,,"2026-09-04T00:02:08Z",-73.64065927439191,45.42920497666448
"6a9740005cde020012e4b7f1","OCC-2609HG01303398","25008","LaSalle","Travaux","Permis émis","2026-08-24T20:00:00Z","2026-09-27T19:59:59Z","Construction/rénovation avec excavation","Louis-Fortier entre Jean-Milot et Clément","Entrepreneur sous contrat avec la Ville de Montréal","Eurovia Québec Grands Projets","t","t","t","t","t","t","t","t","t","t","t","t","t","t",,,,,,,,,,,,,,,"2026-09-04T00:02:08Z",-73.64974307775414,45.4313023997282
"6a974c535cde020012e4b820","OCC-2609HX01335406",,"Le Sud-Ouest","Travaux","Permis émis","2026-08-11T20:00:00Z","2026-09-11T19:59:59Z","Construction/rénovation sans excavation","Bassins entre Séminaire et Charbonniers","Entreprise","Le Groupe Lefebvre M.R.P. inc.","t","t","t","t","t","t","t","t","t","t","t","t","t","t",,,,,,,,,,,,,,,"2026-09-04T00:02:08Z",-73.56163692839829,45.48960545247903
"6813c87876af7100126edb84","OCC-2505BK01364185",,"Saint-Léonard","Travaux","Permis émis","2025-05-03T20:00:00Z","2028-01-01T18:59:59Z","Autre","Lacordaire entre Jean-Talon et Paimpol","Organisation publique ou son sous-traitant","Société de transports de Montréal (STM) Prolongement de la ligne bleue","t","t","t","t","t","t","t","t","t","t","t","t","t","t",,,,,,,,,,,,,,,"2025-05-04T00:01:10Z",-73.58264911646557,45.58251164470662
"6813d76c76af7100126edeb4","OCC-2505NS01361279",,"Saint-Léonard","Travaux","Permis émis","2025-05-03T20:00:00Z","2028-01-01T18:59:59Z","Autre","Viau entre Jean-Talon et Cannes","Organisation publique ou son sous-traitant","Société de transports de Montréal (STM) Prolongement de la ligne bleue","t","t","t","t","t","t","t","t","t","t","t","t","t","t",,,,,,,,,,,,,,,"2025-05-04T00:01:10Z",-73.58612334511484,45.57525415570329
"6a9700b0fa7b4d00129eb6b2","OCC-2609OA01508665",,"Verdun","Travaux","Permis émis","2026-09-10T20:00:00Z","2026-09-12T19:59:59Z","Déménagement","Egan entre Bannantyne et Champlain",,,"t","t","t","t","t","t","t","t","t","t","t","t","t","t",,,,,,,,,,,,,,,"2026-09-04T00:02:08Z",-73.58046462717422,45.45230967318889
"6a9773685cde020012e4b857","OCC-2609FR01331936","202503","Rivière-des-Prairies-Pointe-aux-Trembles","Travaux","Permis émis","2026-09-07T20:00:00Z","2026-09-10T19:59:59Z","Feux de signalisation - Ajout/réparation","Rodolphe-Forget entre Henri-Bourassa et Adolphe-Rho","Entrepreneur sous contrat avec la Ville de Montréal","Bruneau Electrique Inc","t","f","t","f","t","f","t","f","t","f","f","f","f","f",,,"07:00","15:00","07:00","15:00","07:00","15:00","07:00","15:00","07:00","15:00",,,"2026-09-04T00:02:08Z",-73.56564823051714,45.63658745572938
"6a981eeffa7b4d00129ed7a6","OCC-2609VH01336034",,"Ahuntsic-Cartierville","Travaux","Permis émis","2026-09-09T20:00:00Z","2026-09-29T19:59:59Z","Autre","Christophe-Colomb entre Louvain et Christophe-Colomb","Organisation publique ou son sous-traitant","Sidcan Inc.","t","f","t","f","t","f","t","f","t","f","t","f","t","f","09:30","15:30","09:30","15:30","09:30","15:30","09:30","15:30","09:30","15:30","09:30","15:30","09:30","15:30","2026-09-04T00:02:08Z",-73.64857525731105,45.55846027827568
"6a98255dfa7b4d00129edb19","OCC-2609YO01557521",,"LaSalle","Travaux","Permis émis","2026-09-08T20:00:00Z","2026-09-25T19:59:59Z","S-3 Infrastructure souterraine majeure - Massifs et conduits","Louis-Joliet entre Bouvier et Bouvier","RTU (Réseau technique urbain) ou son sous-traitant
","Environnement Routier NRJ Inc.","t","t","t","t","t","t","t","t","t","t","f","t","f","t",,,,,,,,,,,,,,,"2026-09-04T00:02:08Z",-73.6165574250857,45.43061986507706
"6a982a845cde020012e4c4c9","OCC-2609HO01532768","1570497","Anjou","Travaux","Permis émis","2026-09-06T20:00:00Z","2026-09-18T19:59:59Z","Égouts et aqueducs - Inspection et nettoyage","Galeries-d'Anjou entre Bélanger et Galeries-d'Anjou","Entrepreneur sous contrat avec la Ville de Montréal","ORTEC ENVIRONNEMENT SERVICES INC","t","f","t","f","t","f","t","f","t","f","f","f","f","f",,,"09:00","15:00","09:00","15:00","09:00","15:00","09:00","15:00","09:00","15:00",,,"2026-09-04T00:02:08Z",-73.56883267507014,45.599303568502734
"6a9832a55cde020012e4c79f","OCC-2609NH01516607",,"Ville-Marie","Travaux","Permis émis","2026-09-07T20:00:00Z","2026-09-11T19:59:59Z","Construction/rénovation sans excavation","Saint-Jacques entre Gauvin et Robert-Bourassa","Entreprise","Maçonnerie Rainville et Frères","t","f","t","f","t","f","t","f","t","f","f","f","f","f",,,"07:00","18:00","07:00","18:00","07:00","18:00","07:00","18:00","07:00","18:00",,,"2026-09-04T00:02:08Z",-73.56147951204744,45.500338548377655
"6a9833cffa7b4d00129ee083","OCC-2609HL01492707",,"Ville-Marie","Travaux","Permis émis","2026-09-06T20:00:00Z","2026-09-13T19:59:59Z","Construction/rénovation sans excavation","Saint-Antoine entre Gauvin et Robert-Bourassa","Entreprise","Maçonnerie Rainville et Frères","t","t","t","t","t","t","t","t","t","t","t","t","t","t",,,,,,,,,,,,,,,"2026-09-04T00:02:08Z",-73.56249322518711,45.5007108946575
"6a9834615cde020012e4c879","OCC-2609YU01491135",,"Le Sud-Ouest","Travaux","Permis émis","2026-09-07T20:00:00Z","2026-09-11T19:59:59Z","Autre","Jolicoeur entre Drake et Angers","RTU (Réseau technique urbain) ou son sous-traitant
","Lanauco","t","f","t","f","t","f","t","f","t","f","f","f","f","f",,,"06:00","16:00","06:00","16:00","06:00","16:00","06:00","16:00","06:00","16:00",,,"2026-09-04T00:02:08Z",-73.58313527561927,45.45667725930051
"6a9835545cde020012e4c8e1","OCC-2609TF01587301",,"Ahuntsic-Cartierville","Travaux","Permis émis","2026-09-09T20:00:00Z","2026-09-11T19:59:59Z","Toiture - Rénovation","Hamelin entre Jacques-Noré et Gouin","Entreprise","couvreur Rhéaume Lajeunesse inc.","t","t","t","t","t","t","t","t","t","t","f","f","f","f",,,,,,,,,,,,,,,"2026-09-04T00:02:08Z",-73.65874965806609,45.5725742893869
"6a9835ebfa7b4d00129ee159","OCC-2609ZH01395341",,"Côte-des-Neiges-Notre-Dame-de-Grâce","Travaux","Permis émis","2026-08-22T20:00:00Z","2026-09-27T19:59:59Z","S-3 Infrastructure souterraine majeure - Puits d'accès","Côte-Saint-Luc entre Montgomery et King-Edward","RTU (Réseau technique urbain) ou son sous-traitant
","Environnement Routier NRJ Inc.","t","t","t","t","t","t","t","t","t","t","t","t","t","t",,,,,,,,,,,,,,,"2026-09-04T00:02:08Z",-73.65026987279082,45.46905767452038
"6a9837b75cde020012e4c9b6","OCC-2609IB01548197",,"St-Laurent","Travaux","Permis émis","2026-08-26T20:00:00Z","2026-09-11T19:59:59Z","S-2 Infrastructure souterraine mineure ou équipement hors-sol - Réseaux de gaz ","Stinson entre Hodge et Montpellier","RTU (Réseau technique urbain) ou son sous-traitant
","Marathon Division Gaz","t","f","t","f","t","f","t","f","t","f","f","f","f","f",,,"07:00","16:00","07:00","16:00","07:00","16:00","07:00","16:00","07:00","16:00",,,"2026-09-04T00:02:08Z",-73.66369711303392,45.52132585666449
"6a9837f75cde020012e4c9d9","OCC-2609UZ01547748",,"St-Laurent","Travaux","Permis émis","2026-08-09T20:00:00Z","2026-09-11T19:59:59Z","S-2 Infrastructure souterraine mineure ou équipement hors-sol - Réseaux de gaz ","Ness entre Côte-de-Liesse et McArthur","RTU (Réseau technique urbain) ou son sous-traitant
","Marathon Division Gaz","t","f","t","f","t","f","t","f","t","f","f","f","f","f",,,"07:00","16:00","07:00","16:00","07:00","16:00","07:00","16:00","07:00","16:00",,,"2026-09-04T00:02:08Z",-73.69858745740049,45.48302392998175
"6a983948fa7b4d00129ee37e","OCC-2609KW01472429","2026004","Ahuntsic-Cartierville","Travaux","Permis émis","2026-09-01T20:00:00Z","2026-09-25T19:59:59Z","Égouts et aqueducs - Excavation","Bruchési entre Sauriol et Prieur","Entrepreneur sous contrat avec la Ville de Montréal","Demix construction","t","t","t","t","t","t","t","t","t","t","t","t","t","t",,,,,,,,,,,,,,,"2026-09-04T00:02:08Z",-73.6480498276126,45.57483829667784
"6a983ce0fa7b4d00129ee478","OCC-2609HJ01557168",,"LaSalle","Travaux","Permis émis","2026-09-07T20:00:00Z","2026-09-11T19:59:59Z","Autre","Leclerc entre Thierry et Miller","RTU (Réseau technique urbain) ou son sous-traitant
","Lanauco","t","f","t","f","t","f","t","f","t","f","f","f","f","f",,,"06:00","16:00","06:00","16:00","06:00","16:00","06:00","16:00","06:00","16:00",,,"2026-09-04T00:02:08Z",-73.61022716533726,45.43356932724231
"6a983febfa7b4d00129ee531","OCC-2609LC01573110",,"Côte-des-Neiges-Notre-Dame-de-Grâce","Travaux","Permis émis","2026-09-07T20:00:00Z","2026-09-11T19:59:59Z","Autre","Darlington entre Côte-Sainte-Catherine et De Soissons","RTU (Réseau technique urbain) ou son sous-traitant
","Lanauco","t","f","t","f","t","f","t","f","t","f","f","f","f","f",,,"10:00","14:00","10:00","14:00","10:00","14:00","10:00","14:00","10:00","14:00",,,"2026-09-04T00:02:08Z",-73.62335099486283,45.50647707451433
"6a983ff5fa7b4d00129ee535","OCC-2609MN01500208",,"Le Sud-Ouest","Travaux","Permis émis","2026-09-09T20:00:00Z","2026-09-25T19:59:59Z","Construction/rénovation avec excavation","De Montmorency entre Saint-Patrick et De Montmorency","Organisation publique ou son sous-traitant","Hydro-Québec","t","t","t","t","t","t","t","t","t","t","t","t","t","t",,,,,,,,,,,,,,,"2026-09-04T00:02:08Z",-73.56222055090596,45.48667991410595
"6a9843cefa7b4d00129ee607","OCC-2609KZ01516982","2314","Anjou","Travaux","Permis émis","2026-09-06T20:00:00Z","2026-09-11T19:59:59Z","Construction/rénovation sans excavation","Henri-Bourassa entre Renaude-Lapointe et Henri-Bourassa","Entrepreneur sous contrat avec la Ville de Montréal","Eurovia Québec Grands Projets","t","f","t","f","t","f","t","f","t","f","f","f","f","f",,,"09:00","15:00","09:00","15:00","09:00","15:00","09:00","15:00","09:00","15:00",,,"2026-09-04T00:02:08Z",-73.598402210714,45.614022677779886
"6a9843fcfa7b4d00129ee61a","OCC-2609NJ01578081","524102","Mercier-Hochelaga-Maisonneuve","Travaux","Permis émis","2026-09-02T20:00:00Z","2026-09-18T19:59:59Z","Égouts et aqueducs - Excavation","Pierre-Chevrier entre Carignan et Pépinière","Entrepreneur sous contrat avec la Ville de Montréal","Services d'infrastructures Vortex","t","t","t","t","t","t","t","t","t","t","t","t","t","t",,,,,,,,,,,,,,,"2026-09-04T00:02:08Z",-73.54678364325957,45.5801270634562
"6a984bd45cde020012e4ce80","OCC-2609ZG01551915",,"Ville-Marie","Travaux","Permis émis","2026-09-07T20:00:00Z","2026-09-11T19:59:59Z","Construction/rénovation sans excavation","Square-Victoria entre Saint-Jacques et Saint-Antoine","Entreprise","Groupe Atwill-Morin inc.","t","t","t","t","t","t","t","t","t","t","f","f","f","f",,,,,,,,,,,,,,,"2026-09-04T00:02:08Z",-73.56121608480775,45.50162380874466
"6a984bfbfa7b4d00129ee7da","OCC-2609NZ01451669",,"Villeray-Saint-Michel-Parc-Extension","Travaux","Permis émis","2026-09-09T20:00:00Z","2026-09-10T19:59:59Z","Construction/rénovation sans excavation","Casgrain entre Villeray et Gounod","Entreprise","Escalier MTL inc.","t","f","t","f","t","f","t","f","t","f","f","f","f","f",,,"07:00","16:00","07:00","16:00","07:00","16:00","07:00","16:00","07:00","16:00",,,"2026-09-04T00:02:08Z",-73.62736644633063,45.5390547900128
"6a975b5f5cde020012e4b848","OCC-2609ES01518470",,"Rosemont-La Petite-Patrie","Travaux","Permis émis","2026-09-02T20:00:00Z","2026-10-03T19:59:59Z","Construction/rénovation sans excavation","De Gaspé entre Bellechasse et Burelle",,,"t","t","t","t","t","t","t","t","t","t","t","t","t","t",,,,,,,,,,,,,,,"2026-09-04T00:02:08Z",-73.60413692032579,45.53061355823944
"6a038cd84737cd001222cb4b","OCC-2605ZD10867052","1773089","Villeray-Saint-Michel-Parc-Extension","Travaux","Permis émis","2026-05-17T20:00:00Z","2026-12-18T18:59:59Z","Égouts et aqueducs - Excavation","Louvain entre Louvain et Saint-Michel","Entrepreneur sous contrat avec la Ville de Montréal","9329-0146 Québec inc.","t","t","t","t","t","t","t","t","t","t","t","t","t","t",,,,,,,,,,,,,,,"2026-05-15T00:01:58Z",-73.63217492172669,45.57104613928951
"6a1ec4f6ef86e200124c8c2c","OCC-2606JF01296629",,"Lachine","Travaux","Permis émis","2026-06-02T20:00:00Z","2027-03-09T18:59:59Z","Autre","Ruelle","Entreprise","PRAXIS CONSTRUCTION INC.","t","t","t","t","t","t","t","t","t","t","t","t","t","t",,,,,,,,,,,,,,,"2026-06-04T00:01:47Z",-73.68157114973289,45.4357040372222
"6a903dcc8d88dc00127d675b","OCC-2609NW01375328",,"Saint-Léonard","Travaux","Permis émis","2026-09-03T20:00:00Z","2026-09-15T19:59:59Z","Autre","Poitou entre Alsace et Doussin",,,"t","t","t","t","t","t","t","t","t","t","t","t","t","t",,,,,,,,,,,,,,,"2026-09-04T00:02:08Z",-73.61137963919646,45.59649318278264
"6a9206c48d981b0012f705cd","OCC-2609RS01418336","202407","Mercier-Hochelaga-Maisonneuve","Travaux","Permis émis","2026-09-02T20:00:00Z","2026-09-11T19:59:59Z","Feux de signalisation - Ajout/réparation","Dickson entre Sherbrooke et De Jumonville","Entrepreneur sous contrat avec la Ville de Montréal","Bruneau Electrique Inc","t","f","t","f","t","f","t","f","t","f","f","f","f","f",,,"07:00","15:00","07:00","15:00","07:00","15:00","07:00","15:00","07:00","15:00",,,"2026-09-04T00:02:08Z",-73.54909273697074,45.57363725087365
"6a9571418d88dc00127dbf3f","OCC-2609ZI01554334",,"Ville-Marie","Travaux","Permis émis","2026-08-02T20:00:00Z","2026-09-16T19:59:59Z","Construction/rénovation sans excavation","Redpath entre Sherbrooke et Redpath-Court","Entreprise","St-Denis Thompson","t","t","t","t","t","t","t","t","t","t","t","t","t","t",,,,,,,,,,,,,,,"2026-09-04T00:02:08Z",-73.58095605537001,45.49819084599896
"6a9571f68d981b0012f70de4","OCC-2609GC01555013",,"Ville-Marie","Travaux","Permis émis","2026-08-16T20:00:00Z","2026-09-16T19:59:59Z","Construction/rénovation sans excavation","Redpath entre Sherbrooke et Redpath-Court","Entreprise","St-Denis Thompson","t","t","t","t","t","t","t","t","t","t","t","t","t","t",,,,,,,,,,,,,,,"2026-09-04T00:02:08Z",-73.58069523825169,45.498084561369005
"6a9572338d88dc00127dbf64","OCC-2609RB01553752",,"Ville-Marie","Travaux","Permis émis","2026-08-02T20:00:00Z","2026-09-16T19:59:59Z","Construction/rénovation sans excavation","Redpath entre Sherbrooke et Redpath-Court","Entreprise","St-Denis Thompson","t","t","t","t","t","t","t","t","t","t","t","t","t","t",,,,,,,,,,,,,,,"2026-09-04T00:02:08Z",-73.5809919187142,45.49828920574219
"6a903c188d88dc00127d66c5","OCC-2609GO01330447",,"Ville-Marie","Travaux","Permis émis","2026-09-08T20:00:00Z","2026-09-11T19:59:59Z","Construction/rénovation sans excavation","Mansfield entre René-Lévesque et Sainte-Catherine","Entreprise","Magil Construction est du Canada inc.","t","t","t","t","t","t","t","t","t","t","f","f","f","f",,,,,,,,,,,,,,,"2026-09-04T00:02:08Z",-73.571012046978,45.50102707218387
"6a9581648d88dc00127dc4eb","OCC-2609CV01334758",,"Le Sud-Ouest","Travaux","Permis émis","2026-09-01T20:00:00Z","2026-12-18T18:59:59Z","Construction/rénovation sans excavation","Montagne entre Rioux et Ottawa","Entreprise","Soresto Montréal Centre Inc.","t","f","t","f","t","f","t","f","t","f","f","f","f","f",,,"07:00","18:00","07:00","18:00","07:00","18:00","07:00","18:00","07:00","18:00",,,"2026-09-04T00:02:08Z",-73.56063761413058,45.49206534881546
"6a95a9c78d88dc00127dd29e","OCC-2609CO01558336",,"Lachine","Travaux","Permis émis","2026-09-09T20:00:00Z","2026-09-10T19:59:59Z","Entretien","Norman entre Richer et 12e","RTU (Réseau technique urbain) ou son sous-traitant
","Hydro-Québec-Entrave courte durée","t","f","t","f","t","f","t","f","t","f","f","f","f","f",,,"18:00","22:00","18:00","22:00","18:00","22:00","18:00","22:00","18:00","22:00",,,"2026-09-04T00:02:08Z",-73.66616802245342,45.4480097781698
"6a43d00834772f0012a7ec7f","OCC-2607BV02210245",,"Ville-Marie","Travaux","Permis émis","2026-07-06T20:00:00Z","2026-09-30T19:59:59Z","Construction/rénovation sans excavation","Drummond entre Mountain et Docteur-Penfield","Entreprise","St-Denis Thompson","t","t","t","t","t","t","t","t","t","t","t","t","t","t",,,,,,,,,,,,,,,"2026-07-05T00:01:59Z",-73.5795863010876,45.50127473151655
"6a95b5258d981b0012f72089","OCC-2609NW01390299",,"Le Plateau-Mont-Royal","Travaux","Permis émis","2026-09-07T20:00:00Z","2026-09-10T19:59:59Z","Égouts et aqueducs - Inspection et nettoyage","Bernard entre Saint-Laurent et Cloutier","Ville de Montréal",,"t","f","t","f","t","f","t","f","t","f","f","f","f","f",,,"09:00","15:00","09:00","15:00","09:00","15:00","09:00","15:00","09:00","15:00",,,"2026-09-04T00:02:08Z",-73.6020761972832,45.52772005733009
"6a95c8b78d981b0012f728e5","OCC-2609YF01518236","524204","Villeray-Saint-Michel-Parc-Extension","Travaux","Permis émis","2026-07-19T20:00:00Z","2026-09-18T19:59:59Z","Autre","Boyer entre Villeray et Gounod","Entrepreneur sous contrat avec la Ville de Montréal","FER-PAL CONSTRUCTION LTD.","t","t","t","t","t","t","t","t","t","t","t","t","t","t",,,,,,,,,,,,,,,"2026-09-04T00:02:08Z",-73.62140099238563,45.545564317751335
"6a95d0ba8d88dc00127ddfa7","OCC-2609UR01374891",,"Ville-Marie","Travaux","Permis émis","2026-09-06T20:00:00Z","2026-09-16T19:59:59Z","Réseaux routier - Réfection et travaux corrélatifs","Fullum entre Marchand et Larivière","RTU (Réseau technique urbain) ou son sous-traitant
","La Cie de Pavage Broadway Ltée","t","f","t","f","t","f","t","f","t","f","f","f","f","f",,,"08:00","16:00","08:00","16:00","08:00","16:00","08:00","16:00","08:00","16:00",,,"2026-09-04T00:02:08Z",-73.55673913174354,45.53113932036004
"6a95d4248d981b0012f72c91","OCC-2609AZ01377239",,"Ville-Marie","Travaux","Permis émis","2026-09-06T20:00:00Z","2026-09-16T19:59:59Z","Réseaux routier - Réfection et travaux corrélatifs","Parthenais entre Larivière et Rouen","RTU (Réseau technique urbain) ou son sous-traitant
","La Cie de Pavage Broadway Ltée","t","f","t","f","t","f","t","f","t","f","f","f","f","f",,,"08:00","16:00","08:00","16:00","08:00","16:00","08:00","16:00","08:00","16:00",,,"2026-09-04T00:02:08Z",-73.55881021701886,45.530754309361456
"6a95f0df8d981b0012f730bc","OCC-2609AO01369226","542606","Le Plateau-Mont-Royal","Travaux","Permis émis","2026-09-06T20:00:00Z","2026-09-11T19:59:59Z","Autre","Érables entre Rachel et Marie-Anne","Entrepreneur sous contrat avec la Ville de Montréal","Les Entrepreneurs Bucaro","t","f","t","f","t","f","t","f","t","f","f","f","f","f",,,"07:00","19:00","07:00","19:00","07:00","19:00","07:00","19:00","07:00","19:00",,,"2026-09-04T00:02:08Z",-73.56819772865876,45.534048677439486
"6a970f7afa7b4d00129ebabc","OCC-2609IX01475161","407210","Ahuntsic-Cartierville","Travaux","Permis émis","2026-09-08T20:00:00Z","2026-09-18T19:59:59Z","Feux de signalisation - Ajout/réparation","De Salaberry entre Acadie et Frigon","Entrepreneur sous contrat avec la Ville de Montréal","Demix construction","t","f","t","f","t","f","t","f","t","f","f","f","f","f",,,"09:30","15:00","09:30","15:00","09:30","15:00","09:30","15:00","09:30","15:00",,,"2026-09-04T00:02:08Z",-73.69601179446222,45.54060824623972
"6a971b7dfa7b4d00129ebfd4","OCC-2609ZU01321697",,"Mercier-Hochelaga-Maisonneuve","Travaux","Permis émis","2026-08-23T20:00:00Z","2026-09-11T19:59:59Z","S-2 Infrastructure souterraine mineure ou équipement hors-sol - Réseaux électriques, télécommunications ou câbles des distributions ","Théodore entre Bénard et Rouen","CSEM (Commission des services électriques de Montréal) ou son sous-traitant
","Telecon","t","f","t","f","t","f","t","f","t","f","f","f","f","f",,,"07:00","17:00","07:00","17:00","07:00","17:00","07:00","17:00","07:00","17:00",,,"2026-09-04T00:02:08Z",-73.53935088856508,45.558705107940106
"6a971f1e5cde020012e4b0f6","OCC-2609EQ01314262",,"Ville-Marie","Travaux","Permis émis","2026-09-04T20:00:00Z","2026-09-10T19:59:59Z","Égouts et aqueducs - Excavation","Robert-Bourassa entre Belmont et René-Lévesque","Ville de Montréal",,"t","f","t","f","t","f","t","f","t","f","t","f","t","f","00:01","23:59","09:30","15:30","09:30","15:30","09:30","15:30","09:30","15:30","09:30","15:30","00:01","23:59","2026-09-04T00:02:08Z",-73.56724106579316,45.501486915490645
"6a972151fa7b4d00129ec2af","OCC-2609QE01332590","25008","LaSalle","Travaux","Permis émis","2026-09-01T20:00:00Z","2026-09-30T19:59:59Z","Construction/rénovation sans excavation","Jean-Milot entre Trudeau et Comte","Entrepreneur sous contrat avec la Ville de Montréal","Eurovia Québec Grands Projets","t","t","t","t","t","t","t","t","t","t","t","t","t","t",,,,,,,,,,,,,,,"2026-09-04T00:02:08Z",-73.64169801588457,45.42943530742927
"6a980c41fa7b4d00129ecf6a","OCC-2609JA01375163",,"Le Sud-Ouest","Travaux","Permis émis","2026-09-07T20:00:00Z","2026-09-11T19:59:59Z","Toiture - Rénovation","Eadie entre Église et Galt","Entreprise","Les couvreurs Duro-Toit inc.","t","f","t","f","t","f","t","f","t","f","f","f","f","f",,,"07:00","19:00","07:00","19:00","07:00","19:00","07:00","19:00","07:00","19:00",,,"2026-09-04T00:02:08Z",-73.59007134772541,45.46350899451486
"6a9810c4fa7b4d00129ed078","OCC-2609QS01345044",,"Côte-des-Neiges-Notre-Dame-de-Grâce","Travaux","Permis émis","2026-09-01T20:00:00Z","2026-09-10T19:59:59Z","Entretien","Crowley entre Décarie et Prud'homme","RTU (Réseau technique urbain) ou son sous-traitant
","Hydro-Québec-Entrave courte durée","t","f","t","f","t","f","t","f","t","f","f","f","f","f",,,"08:00","16:00","08:00","16:00","08:00","16:00","08:00","16:00","08:00","16:00",,,"2026-09-04T00:02:08Z",-73.60451068181233,45.47202733020501
"6a9815e5fa7b4d00129ed1e1","OCC-2609CN01342457",,"Ville-Marie","Travaux","Permis émis","2026-09-06T20:00:00Z","2026-09-21T19:59:59Z","Toiture - Rénovation","Ruelle","Entreprise","92244474 Québec inc.","t","t","t","t","t","t","t","t","t","t","t","t","t","t",,,,,,,,,,,,,,,"2026-09-04T00:02:08Z",-73.5600833483116,45.52890234501895
"6a981723fa7b4d00129ed22c","OCC-2609CE01316137","262000","Pierrefonds-Roxboro","Travaux","Permis émis","2026-09-07T20:00:00Z","2026-10-23T19:59:59Z","Égouts et aqueducs - Excavation","Gouin entre Cageux et Coursol","Entrepreneur sous contrat avec la Ville de Montréal","J. Piccioni inc.","t","f","t","f","t","f","t","f","t","f","f","f","f","f",,,"07:00","17:00","07:00","17:00","07:00","17:00","07:00","17:00","07:00","17:00",,,"2026-09-04T00:02:08Z",-73.88932922207553,45.4659249445778
"6a98177dfa7b4d00129ed2aa","OCC-2609TS01392721",,"Le Plateau-Mont-Royal","Travaux","Permis émis","2026-09-06T20:00:00Z","2026-09-18T19:59:59Z","Construction/rénovation sans excavation","D'Iberville entre Rachel et Marie-Anne","Entreprise","Groupe GANO Inc.","t","f","t","f","t","f","t","f","t","f","f","f","f","f",,,"07:00","16:00","07:00","16:00","07:00","16:00","07:00","16:00","07:00","16:00",,,"2026-09-04T00:02:08Z",-73.565284660997,45.53753406706047
"6a98198d5cde020012e4bd2b","OCC-2609FK01554942",,"Le Sud-Ouest","Travaux","Permis émis","2026-09-09T20:00:00Z","2026-09-10T19:59:59Z","Entretien","Hibernia entre Wellington et Rushbrooke","RTU (Réseau technique urbain) ou son sous-traitant
","Hydro-Québec-Entrave courte durée","t","f","t","f","t","f","t","f","t","f","f","f","f","f",,,"12:00","16:00","12:00","16:00","12:00","16:00","12:00","16:00","12:00","16:00",,,"2026-09-04T00:02:08Z",-73.56078138976498,45.47601738138416
"6a981a7d5cde020012e4bdc5","OCC-2609WQ01334684","519504","Le Plateau-Mont-Royal","Travaux","Permis émis","2026-09-02T20:00:00Z","2026-09-18T19:59:59Z","Autre","Clark entre Pins et Saint-Cuthbert","Entrepreneur sous contrat avec la Ville de Montréal","FER-PAL CONSTRUCTION LTD.","t","t","t","t","t","t","t","t","t","t","t","t","t","t",,,,,,,,,,,,,,,"2026-09-04T00:02:08Z",-73.5766888383623,45.51509684434784
"6a981cf55cde020012e4be5d","OCC-2609AW01469448",,"Montréal-Nord","Travaux","Permis émis","2026-09-08T20:00:00Z","2026-09-10T19:59:59Z","Égouts et aqueducs - Excavation","Albert-Duquesne entre Albert-Duquesne et Sainte-Colette","Ville de Montréal",,"t","t","t","t","t","t","t","t","t","t","f","f","f","f",,,,,,,,,,,,,,,"2026-09-04T00:02:08Z",-73.63080739661903,45.60944636586199
"6a9858125cde020012e4d1fa","OCC-2609FE01511628",,"Ville-Marie","Travaux","Permis émis","2026-08-30T20:00:00Z","2026-09-11T19:59:59Z","Construction/rénovation sans excavation","De La Gauchetière entre Saint-Denis et Notre-Dame-de-Lourdes","Entreprise","Construction Savco","t","f","t","f","t","f","t","f","t","f","f","f","f","f",,,"07:00","17:00","07:00","17:00","07:00","17:00","07:00","17:00","07:00","17:00",,,"2026-09-04T00:02:08Z",-73.55685427477063,45.51235625470429
"6a9858b3fa7b4d00129eead6","OCC-2609NA01553923",,"Le Plateau-Mont-Royal","Travaux","Permis émis","2026-09-02T20:00:00Z","2026-09-10T19:59:59Z","Égouts et aqueducs - Excavation","Rivard entre Marie-Anne et Marie-Anne","Ville de Montréal",,"t","t","t","t","t","t","t","t","t","t","t","t","t","t",,,,,,,,,,,,,,,"2026-09-04T00:02:08Z",-73.58118683913264,45.52398149114433
"6a985ba75cde020012e4d28e","OCC-2609JS01521540",,"Côte-des-Neiges-Notre-Dame-de-Grâce","Travaux","Permis émis","2026-09-01T20:00:00Z","2026-10-02T19:59:59Z","Construction/rénovation sans excavation","Côte-des-Neiges entre Ridgewood et Decelles","Entreprise","Trochaines","t","t","t","t","t","t","t","t","t","t","t","t","t","t",,,,,,,,,,,,,,,"2026-09-04T00:02:08Z",-73.61381285516889,45.49527186209303
"6a985def5cde020012e4d3af","OCC-2609QM01583396",,"Rivière-des-Prairies-Pointe-aux-Trembles","Travaux","Permis émis","2026-09-07T20:00:00Z","2026-09-10T19:59:59Z","Égouts et aqueducs - Inspection et nettoyage","De La Rousselière entre Forsyth et Sherbrooke","Ville de Montréal",,"t","f","t","f","t","f","t","f","t","f","f","f","f","f",,,"08:00","15:00","08:00","15:00","08:00","15:00","08:00","15:00","08:00","15:00",,,"2026-09-04T00:02:08Z",-73.50464365270953,45.66935395586217
"6a986072fa7b4d00129eed7c","OCC-2609VP01570887",,"Rivière-des-Prairies-Pointe-aux-Trembles","Travaux","Permis émis","2026-09-09T20:00:00Z","2026-09-11T19:59:59Z","Autre","Notre-Dame entre Léonard-Chaigneau et Sherbrooke","RTU (Réseau technique urbain) ou son sous-traitant
","Lanauco","t","f","t","f","t","f","t","f","t","f","f","f","f","f",,,"07:00","16:00","07:00","16:00","07:00","16:00","07:00","16:00","07:00","16:00",,,"2026-09-04T00:02:08Z",-73.48743683115096,45.69522309340696
"6a9864a5fa7b4d00129eee9e","OCC-2609SY01537883",,"Rosemont-La Petite-Patrie","Travaux","Permis émis","2026-09-07T20:00:00Z","2026-09-10T19:59:59Z","Construction/rénovation sans excavation","Saint-Denis entre Beaubien et Saint-Zotique","Entreprise","LES BALCONS ET ESCALIERS IDÉALS INC.","t","f","t","f","t","f","t","f","t","f","f","f","f","f",,,"07:00","17:00","07:00","17:00","07:00","17:00","07:00","17:00","07:00","17:00",,,"2026-09-04T00:02:08Z",-73.60770900704453,45.53518248488447
"6a986a775cde020012e4d7e8","OCC-2609WB01555122",,"Lachine","Travaux","Permis émis","2026-09-07T20:00:00Z","2026-09-11T19:59:59Z","Construction/rénovation sans excavation","6e entre Musée et Saint-Louis","Entreprise","Corsim Construction Inc.","t","f","t","f","t","f","t","f","t","f","f","f","f","f",,,"07:00","17:00","07:00","17:00","07:00","17:00","07:00","17:00","07:00","17:00",,,"2026-09-04T00:02:08Z",-73.66932275997773,45.43276878558546
"6a986dd1fa7b4d00129ef208","OCC-2609HE01538434",,"Lachine","Travaux","Permis émis","2026-09-07T20:00:00Z","2026-09-11T19:59:59Z","Construction/rénovation sans excavation","6e entre Musée et Saint-Louis","Entreprise","ATELIER ET DÉVELOPPEMENTS AP INC.","t","f","t","f","t","f","t","f","t","f","f","f","f","f",,,"07:00","17:00","07:00","17:00","07:00","17:00","07:00","17:00","07:00","17:00",,,"2026-09-04T00:02:08Z",-73.66927532150436,45.43284112721933
"6a9872a0fa7b4d00129ef3ee","OCC-2609OH01636401",,"Rosemont-La Petite-Patrie","Travaux","Permis émis","2026-09-02T20:00:00Z","2026-10-16T19:59:59Z","Autre","2e entre Masson et Dandurand","Entreprise","Béton Fondation Plus","t","f","t","f","t","f","t","f","t","f","f","f","f","f",,,"07:00","17:00","07:00","17:00","07:00","17:00","07:00","17:00","07:00","17:00",,,"2026-09-04T00:02:08Z",-73.57891767506857,45.546688746812286
"6a9875aafa7b4d00129ef59f","OCC-2609AC01576030",,"Rivière-des-Prairies-Pointe-aux-Trembles","Travaux","Permis émis","2026-09-07T20:00:00Z","2026-09-11T19:59:59Z","Autre","42e entre Prince-Arthur et Cherrier","RTU (Réseau technique urbain) ou son sous-traitant
","Lanauco","t","f","t","f","t","f","t","f","t","f","f","f","f","f",,,"07:00","16:00","07:00","16:00","07:00","16:00","07:00","16:00","07:00","16:00",,,"2026-09-04T00:02:08Z",-73.51279428507912,45.66597424013446
"6a9878eafa7b4d00129ef685","OCC-2609PD01639688",,"Rosemont-La Petite-Patrie","Travaux","Permis émis","2026-09-07T20:00:00Z","2026-09-11T19:59:59Z","Autre","De Saint-Vallier entre Beaubien et Saint-Zotique","RTU (Réseau technique urbain) ou son sous-traitant
","Lanauco","t","f","t","f","t","f","t","f","t","f","f","f","f","f",,,"06:00","16:00","06:00","16:00","06:00","16:00","06:00","16:00","06:00","16:00",,,"2026-09-04T00:02:08Z",-73.60534768416935,45.53529262874426
"6a1db5c7ef86e200124c7093","OCC-2606EA01497283","S-AC-2026-001","Ahuntsic-Cartierville","Travaux","Permis émis","2026-06-07T20:00:00Z","2026-12-31T18:59:59Z","Égouts et aqueducs - Excavation","Larose entre Prieur et Henri-Bourassa","Entrepreneur sous contrat avec la Ville de Montréal","Les Entreprises Michaudville","t","t","t","t","t","t","t","t","t","t","t","t","t","t",,,,,,,,,,,,,,,"2026-06-04T00:01:47Z",-73.65106297139678,45.58062747091749
"6a7b30f18d981b0012f4cc7c","OCC-2608UC09264460","201202","Saint-Léonard","Travaux","Permis émis","2026-08-10T20:00:00Z","2026-09-18T19:59:59Z","Construction/rénovation avec excavation","Grandes-Prairies entre Toulon et Lacordaire","Entrepreneur sous contrat avec la Ville de Montréal","Les entreprises Roseneige","t","t","t","t","t","t","t","t","t","t","t","t","t","t",,,,,,,,,,,,,,,"2026-08-13T00:01:54Z",-73.61379867907122,45.59598132319548
"69ca8c9cca06ac00124a1ee6","OCC-2603DF25589903","503001","Ville-Marie","Travaux","Permis émis","2026-03-29T20:00:00Z","2026-11-01T18:59:59Z","Construction/rénovation sans excavation","De Maisonneuve entre Mackay et Guy","Entrepreneur sous contrat avec la Ville de Montréal","Roxboro Excavation Inc.","t","t","t","t","t","t","t","t","t","t","t","t","t","t",,,,,,,,,,,,,,,"2026-04-01T00:01:47Z",-73.57915383996547,45.4962732968603
"69ca8f441b9d4a00123b5193","OCC-2603LS25595772","503001","Ville-Marie","Travaux","Permis émis","2026-03-29T20:00:00Z","2026-10-31T19:59:59Z","Construction/rénovation sans excavation","Sherbrooke entre Saint-Mathieu et Saint-Marc","Entrepreneur sous contrat avec la Ville de Montréal","Roxboro Excavation Inc.","t","t","t","t","t","t","t","t","t","t","t","t","t","t",,,,,,,,,,,,,,,"2026-04-01T00:01:47Z",-73.58291508466868,45.495116330707326
"69cab3771b9d4a00123b5b44","OCC-2603ES25796376","445710","Villeray-Saint-Michel-Parc-Extension","Travaux","Permis émis","2026-03-30T20:00:00Z","2026-10-01T19:59:59Z","Construction/rénovation sans excavation","Berri entre De Castelnau et Faillon","Entrepreneur sous contrat avec la Ville de Montréal","Les Entreprises Michaudville","t","t","t","t","t","t","t","t","t","t","t","t","t","t",,,,,,,,,,,,,,,"2026-04-01T00:01:47Z",-73.61721673296144,45.539840734997966
"69cab52dca06ac00124a29b0","OCC-2603PI25700967","503001","Ville-Marie","Travaux","Permis émis","2026-03-29T20:00:00Z","2026-10-31T19:59:59Z","Construction/rénovation avec excavation","Montagne entre René-Lévesque et Sainte-Catherine","Entrepreneur sous contrat avec la Ville de Montréal","Roxboro Excavation Inc.","t","t","t","t","t","t","t","t","t","t","t","t","t","t",,,,,,,,,,,,,,,"2026-04-01T00:01:47Z",-73.57481859637484,45.49777941055763
"6a0476992dd57700124852ac","OCC-2605ES10838756",,"Le Plateau-Mont-Royal","Travaux","Permis émis","2026-04-14T20:00:00Z","2026-09-30T19:59:59Z","Autre","De Brébeuf entre Marie-Anne et Mont-Royal","CSEM (Commission des services électriques de Montréal) ou son sous-traitant
","CMS Entrepreneurs Généraux Inc.","t","t","t","t","t","t","t","t","t","t","t","t","t","t",,,,,,,,,,,,,,,"2026-05-15T00:01:58Z",-73.57785118951826,45.529286204961146
"69baf8972f414e0012e9fed9","OCC-2603AT25588668","129078","Ville-Marie","Travaux","Permis émis","2026-04-11T20:00:00Z","2026-11-14T18:59:59Z","Entretien","De Bleury entre Mayor et De Maisonneuve","Entrepreneur sous contrat avec la Ville de Montréal","NORDIKEAU INC","t","t","t","t","t","t","t","t","t","t","t","t","t","t",,,,,,,,,,,,,,,"2026-04-01T00:01:47Z",-73.56844331462709,45.50705726561758
"69bafb2e2f414e0012e9ffb0","OCC-2603CT25589144","129078","Ville-Marie","Travaux","Permis émis","2026-04-11T20:00:00Z","2026-11-14T18:59:59Z","Entretien","Clark entre De Maisonneuve et De Maisonneuve","Entrepreneur sous contrat avec la Ville de Montréal","NORDIKEAU INC","t","t","t","t","t","t","t","t","t","t","t","t","t","t",,,,,,,,,,,,,,,"2026-04-01T00:01:47Z",-73.56627457431765,45.51023449718839
"6a1ed4bcf588d70012156518","OCC-2606PW01425005","1774097","Outremont","Travaux","Permis émis","2026-06-21T20:00:00Z","2027-01-27T18:59:59Z","Construction/rénovation avec excavation","Dunlop entre Lajoie et Van Horne","Entrepreneur sous contrat avec la Ville de Montréal","Urbex Construction INC","t","t","t","t","t","t","t","t","t","t","t","t","t","t",,,,,,,,,,,,,,,"2026-06-04T00:01:47Z",-73.61757769824122,45.51396482594214
"6a048c054737cd001222e1ad","OCC-2605XK10896240",,"Ville-Marie","Travaux","Permis émis","2026-05-12T20:00:00Z","2028-01-11T18:59:59Z","Autre","Atateken entre Amherst et Amherst","Ville de Montréal",,"t","t","t","t","t","t","t","t","t","t","t","t","t","t",,,,,,,,,,,,,,,"2026-05-15T00:01:58Z",-73.55599289253493,45.51703821705906
"6a99c15cfa7b4d00129f2a6d","OCC-2609KA02411572",,"Ville-Marie","Travaux","Permis émis","2026-09-11T20:00:00Z","2026-09-12T19:59:59Z","Entretien","Cathédrale entre Saint-Antoine et De La Gauchetière","Entreprise","Toromont CAT (Québec)","f","f","f","f","f","f","f","f","f","f","t","f","f","f","06:00","16:00",,,,,,,,,,,,,"2026-09-05T00:02:06Z",-73.56650191322079,45.49778547960121
"6a99c22a5cde020012e5098c","OCC-2609AS02516344",,"Rosemont-La Petite-Patrie","Travaux","Permis émis","2026-09-10T20:00:00Z","2026-09-15T19:59:59Z","S-2 Infrastructure souterraine mineure ou équipement hors-sol - Réseaux de gaz ","De Chambly entre Sherbrooke et Rachel","RTU (Réseau technique urbain) ou son sous-traitant
","Énergir","t","f","t","f","t","f","t","f","t","f","t","f","f","f","07:00","19:00","07:00","19:00","07:00","19:00","07:00","19:00","07:00","19:00","07:00","19:00",,,"2026-09-05T00:02:06Z",-73.55731282475747,45.54949903379858
"6a99d116fa7b4d00129f3090","OCC-2609UG02518098",,"Rosemont-La Petite-Patrie","Travaux","Permis émis","2026-09-08T20:00:00Z","2026-09-11T19:59:59Z","Autre","Pie-IX entre Sherbrooke et Pie-IX","RTU (Réseau technique urbain) ou son sous-traitant
","Telecon","t","f","t","f","t","f","t","f","t","f","f","f","f","f",,,"07:00","17:00","07:00","17:00","07:00","17:00","07:00","17:00","07:00","17:00",,,"2026-09-05T00:02:06Z",-73.55594872165085,45.55496143188182
"69cbf58f1b9d4a00123b787b","OCC-2603LZ26556695","503001","Ville-Marie","Travaux","Permis émis","2026-03-30T20:00:00Z","2026-11-01T18:59:59Z","Construction/rénovation avec excavation","Mackay entre René-Lévesque et De Maisonneuve","Entrepreneur sous contrat avec la Ville de Montréal","Roxboro Excavation Inc.","t","t","t","t","t","t","t","t","t","t","t","t","t","t",,,,,,,,,,,,,,,"2026-04-02T00:01:54Z",-73.5766066126705,45.49566922211867
"69cbf7aa1b9d4a00123b78a1","OCC-2603TI26559839","503001","Ville-Marie","Travaux","Permis émis","2026-03-30T20:00:00Z","2026-11-01T18:59:59Z","Construction/rénovation avec excavation","Saint-Mathieu entre De Maisonneuve et Sherbrooke","Entrepreneur sous contrat avec la Ville de Montréal","Roxboro Excavation Inc.","t","t","t","t","t","t","t","t","t","t","t","t","t","t",,,,,,,,,,,,,,,"2026-04-02T00:01:54Z",-73.58152105091754,45.4951434242936
"6a43b5e534772f0012a7e55c","OCC-2607CF04939331","524102","Mercier-Hochelaga-Maisonneuve","Travaux","Permis émis","2026-07-06T20:00:00Z","2026-09-11T19:59:59Z","Égouts et aqueducs - Excavation","Chouinard entre Repentigny et Langelier","Entrepreneur sous contrat avec la Ville de Montréal","Services d'infrastructures Vortex","t","t","t","t","t","t","t","t","t","t","t","t","t","t",,,,,,,,,,,,,,,"2026-07-08T00:01:54Z",-73.55434357823431,45.585146608307895
"69bb021a5f40ae0012c08b7e","OCC-2604NY00685377","129078","Ville-Marie","Travaux","Permis émis","2026-04-11T20:00:00Z","2026-11-21T18:59:59Z","Entretien","Viger","Entrepreneur sous contrat avec la Ville de Montréal","NORDIKEAU INC","t","t","t","t","t","t","t","t","t","t","t","t","t","t",,,,,,,,,,,,,,,"2026-04-03T00:01:37Z",-73.55499494298839,45.51189962825219
"6a95bedc8d981b0012f72461","OCC-2609XN02266806","521907","St-Laurent","Travaux","Permis émis","2026-09-07T20:00:00Z","2026-09-11T19:59:59Z","Autre","Gohier entre Côte-Vertu et Rochon","Entrepreneur sous contrat avec la Ville de Montréal","Construction N.R.C. Inc","t","f","t","f","t","f","t","f","t","f","f","f","f","f",,,"10:00","15:00","10:00","15:00","10:00","15:00","10:00","15:00","10:00","15:00",,,"2026-09-05T00:02:06Z",-73.68368367788642,45.51350887912966
"69bc21672f414e0012ea1929","OCC-2604NH01365188",,"Lachine","Travaux","Permis émis","2026-04-01T20:00:00Z","2026-11-30T18:59:59Z","Réseaux routier - Réfection et travaux corrélatifs","Non-nommée entre  et 13","Organisation publique ou son sous-traitant","Construction Demathieu & Bard (CDB) inc.","t","t","t","t","t","t","t","t","t","t","t","t","t","t",,,,,,,,,,,,,,,"2026-04-04T00:01:46Z",-73.70615291140977,45.47188563351674
"6a95d9218d981b0012f72dc5","OCC-2609FZ02208363","1777459","Le Plateau-Mont-Royal","Travaux","Permis émis","2026-09-07T20:00:00Z","2026-10-23T19:59:59Z","Construction/rénovation avec excavation","Ruelle","Entrepreneur sous contrat avec la Ville de Montréal","Les Entreprises PNP Inc.","t","t","t","t","t","t","t","t","t","t","t","t","t","t",,,,,,,,,,,,,,,"2026-09-05T00:02:06Z",-73.58490307809117,45.52544973541085
"6a95dad48d88dc00127de299","OCC-2609RD02264918",,"St-Laurent","Travaux","Permis émis","2026-09-07T20:00:00Z","2026-09-11T19:59:59Z","Construction/rénovation avec excavation","Henri-Bourassa entre Grenet et Marcel-Laurin","Entreprise","GROUPE MONTONI (1995) DIVISION CONSTRUCTION INC.","t","f","t","f","t","f","t","f","t","f","f","f","f","f",,,"06:00","16:00","06:00","16:00","06:00","16:00","06:00","16:00","06:00","16:00",,,"2026-09-05T00:02:06Z",-73.70644159707734,45.52285750622615
"6a971b62fa7b4d00129ebfc8","OCC-2609ME02301644",,"Le Sud-Ouest","Travaux","Permis émis","2026-09-08T20:00:00Z","2026-09-10T19:59:59Z","Autre","15-20 entre 15 et 15","Organisation publique ou son sous-traitant","Groupe Signature sur le Saint-Laurent s.e.n.c.","t","f","t","f","t","f","t","f","t","f","f","f","f","f",,,"22:00","02:00","22:00","02:00","22:00","02:00","22:00","02:00","22:00","02:00",,,"2026-09-05T00:02:06Z",-73.55973066376754,45.47166231238867
"6a971b2b5cde020012e4af93","OCC-2609RU02247809",,"Mercier-Hochelaga-Maisonneuve","Travaux","Permis émis","2026-09-07T20:00:00Z","2026-10-02T19:59:59Z","Autre","Sherbrooke entre Assomption et Dickson","Entreprise","OGESCO CONSTRUCTION INC.","t","f","t","f","t","f","t","f","t","f","f","f","f","f",,,"07:00","15:00","07:00","15:00","07:00","15:00","07:00","15:00","07:00","15:00",,,"2026-09-05T00:02:06Z",-73.55030103152018,45.57129429345408
"6a97219ffa7b4d00129ec310","OCC-2609KN02211467",,"Villeray-Saint-Michel-Parc-Extension","Travaux","Permis émis","2026-09-06T20:00:00Z","2026-09-16T19:59:59Z","Réseaux routier - Réfection et travaux corrélatifs","Belges entre Leman et Liège","RTU (Réseau technique urbain) ou son sous-traitant
","La Cie de Pavage Broadway Ltée","t","f","t","f","t","f","t","f","t","f","f","f","f","f",,,"08:00","16:00","08:00","16:00","08:00","16:00","08:00","16:00","08:00","16:00",,,"2026-09-05T00:02:06Z",-73.63159759545498,45.54669373950818
"6a972469fa7b4d00129ec409","OCC-2609OB02220828",,"Villeray-Saint-Michel-Parc-Extension","Travaux","Permis émis","2026-09-06T20:00:00Z","2026-09-16T19:59:59Z","Réseaux routier - Réfection et travaux corrélatifs","Henri-Julien entre Jarry et Guizot","RTU (Réseau technique urbain) ou son sous-traitant
","La Cie de Pavage Broadway Ltée","t","f","t","f","t","f","t","f","t","f","f","f","f","f",,,"08:00","16:00","08:00","16:00","08:00","16:00","08:00","16:00","08:00","16:00",,,"2026-09-05T00:02:06Z",-73.63169824947468,45.541842183651966
"6a9728855cde020012e4b4be","OCC-2609GD02222627",,"Villeray-Saint-Michel-Parc-Extension","Travaux","Permis émis","2026-09-06T20:00:00Z","2026-09-16T19:59:59Z","Réseaux routier - Réfection et travaux corrélatifs","Wiseman entre Ogilvy et Saint-Roch","RTU (Réseau technique urbain) ou son sous-traitant
","La Cie de Pavage Broadway Ltée","t","f","t","f","t","f","t","f","t","f","f","f","f","f",,,"08:00","16:00","08:00","16:00","08:00","16:00","08:00","16:00","08:00","16:00",,,"2026-09-05T00:02:06Z",-73.62773901224492,45.526494786626415
"6a972a88fa7b4d00129ec66f","OCC-2609KT02223627",,"Villeray-Saint-Michel-Parc-Extension","Travaux","Permis émis","2026-09-06T20:00:00Z","2026-09-16T19:59:59Z","Réseaux routier - Réfection et travaux corrélatifs","De L'Épée entre Liège et Crémazie","RTU (Réseau technique urbain) ou son sous-traitant
","La Cie de Pavage Broadway Ltée","t","f","t","f","t","f","t","f","t","f","f","f","f","f",,,"08:00","16:00","08:00","16:00","08:00","16:00","08:00","16:00","08:00","16:00",,,"2026-09-05T00:02:06Z",-73.64394775692928,45.5337395892797
"6a9ff6f23469270012300e15","OCC-2609EX06521795",,"Le Sud-Ouest","Travaux","Permis émis","2026-09-07T20:00:00Z","2026-09-11T19:59:59Z","Construction/rénovation sans excavation","Saint-Ambroise entre Bourget et Turgeon","Entreprise","CONSTRUCTION MODULOR INC.","t","f","t","f","t","f","t","f","t","f","f","f","f","f",,,"07:00","16:00","07:00","16:00","07:00","16:00","07:00","16:00","07:00","16:00",,,"2026-09-09T00:02:02Z",-73.57817365774329,45.477366740221385
"6a97300ffa7b4d00129ec729","OCC-2609YK02226382",,"Villeray-Saint-Michel-Parc-Extension","Travaux","Permis émis","2026-09-06T20:00:00Z","2026-09-16T19:59:59Z","Réseaux routier - Réfection et travaux corrélatifs","Jean-Talon entre Christophe-Colomb et De La Roche","RTU (Réseau technique urbain) ou son sous-traitant
","La Cie de Pavage Broadway Ltée","t","f","t","f","t","f","t","f","t","f","f","f","f","f",,,"09:00","15:00","09:00","15:00","09:00","15:00","09:00","15:00","09:00","15:00",,,"2026-09-05T00:02:06Z",-73.61175703913307,45.54287974427762
"6a9776b25cde020012e4b86d","OCC-2609PT02212299","202503","Côte-des-Neiges-Notre-Dame-de-Grâce","Travaux","Permis émis","2026-09-07T20:00:00Z","2026-09-10T19:59:59Z","Feux de signalisation - Ajout/réparation","Décarie entre Saint-Jacques et Crowley","Entrepreneur sous contrat avec la Ville de Montréal","Bruneau Electrique Inc","t","f","t","f","t","f","t","f","t","f","f","f","f","f",,,"09:30","15:30","09:30","15:30","09:30","15:30","09:30","15:30","09:30","15:30",,,"2026-09-05T00:02:06Z",-73.60298990991282,45.47177013527858
"6a9808ae5cde020012e4b93d","OCC-2609TB02256056",,"Rosemont-La Petite-Patrie","Travaux","Permis émis","2026-09-09T20:00:00Z","2026-09-10T19:59:59Z","Entretien","De Gaspé entre Beaubien et Saint-Zotique","RTU (Réseau technique urbain) ou son sous-traitant
","Hydro-Québec-Entrave courte durée","t","f","t","f","t","f","t","f","t","f","f","f","f","f",,,"09:00","15:00","09:00","15:00","09:00","15:00","09:00","15:00","09:00","15:00",,,"2026-09-05T00:02:06Z",-73.60760067425176,45.53226198153338
"6a9818c8fa7b4d00129ed2fe","OCC-2609RN02197691",,"Mercier-Hochelaga-Maisonneuve","Travaux","Permis émis","2026-09-09T20:00:00Z","2026-09-10T19:59:59Z","Entretien","Notre-Dame entre Taillon et Bilaudeau","RTU (Réseau technique urbain) ou son sous-traitant
","G-TEK INC.","t","f","t","f","t","f","t","f","t","f","f","f","f","f",,,"09:00","16:00","09:00","16:00","09:00","16:00","09:00","16:00","09:00","16:00",,,"2026-09-05T00:02:06Z",-73.5119406261708,45.60746030793008
"6a0388572dd57700124847ca","OCC-2605TA11899140","1773089","Villeray-Saint-Michel-Parc-Extension","Travaux","Permis émis","2026-05-18T20:00:00Z","2026-12-18T18:59:59Z","Égouts et aqueducs - Excavation","2e entre Legendre et Champdoré","Entrepreneur sous contrat avec la Ville de Montréal","9329-0146 Québec inc.","t","t","t","t","t","t","t","t","t","t","t","t","t","t",,,,,,,,,,,,,,,"2026-05-16T00:02:05Z",-73.63344725463206,45.56968133275144
"6a98198dfa7b4d00129ed365","OCC-2609TW02422004",,"Villeray-Saint-Michel-Parc-Extension","Travaux","Permis émis","2026-09-08T20:00:00Z","2026-09-10T19:59:59Z","Égouts et aqueducs - Inspection et nettoyage","Jarry entre Léonard-De Vinci et 18e","Ville de Montréal",,"t","f","t","f","t","f","t","f","t","f","f","f","f","f",,,"09:00","15:00","09:00","15:00","09:00","15:00","09:00","15:00","09:00","15:00",,,"2026-09-05T00:02:06Z",-73.6049988628232,45.56889261180154
"6a981d875cde020012e4bebe","OCC-2609WH02216009","260002","St-Laurent","Travaux","Permis émis","2026-09-02T20:00:00Z","2026-09-18T19:59:59Z","Trottoirs - Construction","Marette entre Vittorio-Fiorucci et Henri-Bourassa","Entrepreneur sous contrat avec la Ville de Montréal","PAVAGES MULTIPRO INC.","t","t","t","t","t","t","t","t","t","t","t","t","t","t",,,,,,,,,,,,,,,"2026-09-05T00:02:06Z",-73.72646072570168,45.51159910204349
"6a981fa25cde020012e4c029","OCC-2609TS02225039",,"Lachine","Travaux","Permis émis","2026-09-10T20:00:00Z","2026-09-11T19:59:59Z","Entretien","Dixie entre 37e et 40e","RTU (Réseau technique urbain) ou son sous-traitant
","Hydro-Québec-Entrave courte durée","t","f","t","f","t","f","t","f","t","f","f","f","f","f",,,"08:00","16:00","08:00","16:00","08:00","16:00","08:00","16:00","08:00","16:00",,,"2026-09-05T00:02:06Z",-73.69957963680304,45.43931041017466
"6a98261afa7b4d00129edb79","OCC-2609XY02216623","260002","St-Laurent","Travaux","Permis émis","2026-09-02T20:00:00Z","2026-09-18T19:59:59Z","Trottoirs - Construction","Saint-Germain entre Collège et Église","Entrepreneur sous contrat avec la Ville de Montréal","PAVAGES MULTIPRO INC.","t","t","t","t","t","t","t","t","t","t","t","t","t","t",,,,,,,,,,,,,,,"2026-09-05T00:02:06Z",-73.67450746010766,45.5108754789714
"6a982945fa7b4d00129edcd2","OCC-2609JR02217683","260002","St-Laurent","Travaux","Permis émis","2026-09-02T20:00:00Z","2026-09-18T19:59:59Z","Trottoirs - Construction","Henri-Bourassa entre Marcel-Laurin et Henri-Bourassa","Entrepreneur sous contrat avec la Ville de Montréal","PAVAGES MULTIPRO INC.","t","f","t","f","t","f","t","f","t","f","t","f","t","f","09:00","15:00","09:00","15:00","09:00","15:00","09:00","15:00","09:00","15:00","09:00","15:00","09:00","15:00","2026-09-05T00:02:06Z",-73.7095159705398,45.52100661414251
"6a982b565cde020012e4c4ff","OCC-2609KW02210028","445710","Villeray-Saint-Michel-Parc-Extension","Travaux","Permis émis","2026-09-06T20:00:00Z","2026-09-11T19:59:59Z","Construction/rénovation sans excavation","De Castelnau entre De Chateaubriand et Saint-Hubert","Entrepreneur sous contrat avec la Ville de Montréal","Les Entreprises Michaudville","t","f","t","f","t","f","t","f","t","f","f","f","f","f",,,"07:00","19:00","07:00","19:00","07:00","19:00","07:00","19:00","07:00","19:00",,,"2026-09-05T00:02:06Z",-73.61543551323217,45.54132396694011
"6a982c065cde020012e4c53a","OCC-2609KR02218441","26002","St-Laurent","Travaux","Permis émis","2026-09-02T20:00:00Z","2026-09-18T19:59:59Z","Trottoirs - Construction","Frederick-Banting entre Alfred-Nobel et Marie-Curie","Entrepreneur sous contrat avec la Ville de Montréal","PAVAGES MULTIPRO INC.","t","t","t","t","t","t","t","t","t","t","t","t","t","t",,,,,,,,,,,,,,,"2026-09-05T00:02:06Z",-73.76783099745921,45.48172609558902
"6a982e73fa7b4d00129ede95","OCC-2609NM02219914","26002","St-Laurent","Travaux","Permis émis","2026-09-02T20:00:00Z","2026-09-18T19:59:59Z","Trottoirs - Construction","Latour entre Robertson et Rochon","Entrepreneur sous contrat avec la Ville de Montréal","PAVAGES MULTIPRO INC.","t","t","t","t","t","t","t","t","t","t","t","t","t","t",,,,,,,,,,,,,,,"2026-09-05T00:02:06Z",-73.67486027026735,45.52321491761913
"6a071d79ad5e37001258e295","OCC-2605SG12597706","514701","Verdun","Travaux","Permis émis","2026-05-14T20:00:00Z","2026-11-15T18:59:59Z","Autre","3e entre LaSalle et Wellington","Entrepreneur sous contrat avec la Ville de Montréal","Demix construction","t","t","t","t","t","t","t","t","t","t","t","t","t","t",,,,,,,,,,,,,,,"2026-05-17T00:01:50Z",-73.56734903388715,45.45723735691193
"6a982fbf5cde020012e4c68f","OCC-2609NK02220393","26002","St-Laurent","Travaux","Permis émis","2026-09-02T20:00:00Z","2026-09-18T19:59:59Z","Trottoirs - Construction","Marc-Blain entre Cohen et Levy","Entrepreneur sous contrat avec la Ville de Montréal","PAVAGES MULTIPRO INC.","t","t","t","t","t","t","t","t","t","t","t","t","t","t",,,,,,,,,,,,,,,"2026-09-05T00:02:06Z",-73.73109633302536,45.49271884975175
"6a9831d5fa7b4d00129edf8f","OCC-2609GH02220940","26002","St-Laurent","Travaux","Permis émis","2026-09-02T20:00:00Z","2026-09-18T19:59:59Z","Trottoirs - Construction","Somerset entre Barnes et Vimy","Entrepreneur sous contrat avec la Ville de Montréal","PAVAGES MULTIPRO INC.","t","t","t","t","t","t","t","t","t","t","t","t","t","t",,,,,,,,,,,,,,,"2026-09-05T00:02:06Z",-73.7171762350218,45.523399616199086
"6a983527fa7b4d00129ee0e9","OCC-2609KD02234525","524103","St-Laurent","Travaux","Permis émis","2026-09-03T20:00:00Z","2026-09-11T19:59:59Z","Autre","Église entre Décarie et Buchanan","Entrepreneur sous contrat avec la Ville de Montréal","FER-PAL CONSTRUCTION LTD.","t","t","t","t","t","t","t","t","t","t","t","t","t","t",,,,,,,,,,,,,,,"2026-09-05T00:02:06Z",-73.68031730103206,45.51008378070505
"6a983d205cde020012e4cb54","OCC-2609AP02231437","26002","St-Laurent","Travaux","Permis émis","2026-09-02T20:00:00Z","2026-09-18T19:59:59Z","Trottoirs - Construction","Connaught entre Poirier et Cambridge","Entrepreneur sous contrat avec la Ville de Montréal","PAVAGES MULTIPRO INC.","t","t","t","t","t","t","t","t","t","t","t","t","t","t",,,,,,,,,,,,,,,"2026-09-05T00:02:06Z",-73.6992700593057,45.52018864872581
"6a983de85cde020012e4cbab","OCC-2609KR02226678","26002","St-Laurent","Travaux","Permis émis","2026-09-02T20:00:00Z","2026-09-18T19:59:59Z","Trottoirs - Construction","Connaught entre Poirier et Cambridge","Entrepreneur sous contrat avec la Ville de Montréal","PAVAGES MULTIPRO INC.","t","t","t","t","t","t","t","t","t","t","t","t","t","t",,,,,,,,,,,,,,,"2026-09-05T00:02:06Z",-73.69938612013789,45.52026241264112
"6a983f21fa7b4d00129ee4f2","OCC-2609GC02232547","26002","St-Laurent","Travaux","Permis émis","2026-09-02T20:00:00Z","2026-09-18T19:59:59Z","Trottoirs - Construction","Thimens entre Todd et Cavendish","Entrepreneur sous contrat avec la Ville de Montréal","PAVAGES MULTIPRO INC.","t","t","t","t","t","t","t","t","t","t","t","t","t","t",,,,,,,,,,,,,,,"2026-09-05T00:02:06Z",-73.70483849899892,45.50331179900459
"6a9840eafa7b4d00129ee55d","OCC-2609IQ02271675","26002","St-Laurent","Travaux","Permis émis","2026-09-02T20:00:00Z","2026-09-18T19:59:59Z","Trottoirs - Construction","Méditerranée entre De Saint-Exupéry et Cognac","Entrepreneur sous contrat avec la Ville de Montréal","PAVAGES MULTIPRO INC.","t","t","t","t","t","t","t","t","t","t","t","t","t","t",,,,,,,,,,,,,,,"2026-09-05T00:02:06Z",-73.70510267131888,45.51536779214113
"6a9842305cde020012e4ccae","OCC-2609EL02273215","26002","St-Laurent","Travaux","Permis émis","2026-09-02T20:00:00Z","2026-09-18T19:59:59Z","Trottoirs - Construction","Côte-Vertu entre Grimard et Jules-Poitras","Entrepreneur sous contrat avec la Ville de Montréal","PAVAGES MULTIPRO INC.","t","f","t","f","t","f","t","f","t","f","t","f","t","f","09:00","16:00","09:30","15:00","09:30","15:00","09:30","15:00","09:30","15:00","09:30","15:00","09:00","16:00","2026-09-05T00:02:06Z",-73.67033609049015,45.52672590202096
"6a98433dfa7b4d00129ee5e3","OCC-2609UD02282447","26002","St-Laurent","Travaux","Permis émis","2026-09-02T20:00:00Z","2026-09-18T19:59:59Z","Trottoirs - Construction","Alexis-Nihon entre Stevens et Église","Entrepreneur sous contrat avec la Ville de Montréal","PAVAGES MULTIPRO INC.","t","t","t","t","t","t","t","t","t","t","t","t","t","t",,,,,,,,,,,,,,,"2026-09-05T00:02:06Z",-73.68783724419487,45.503291567693935
"6a984425fa7b4d00129ee64a","OCC-2609UH02283077","26002","St-Laurent","Travaux","Permis émis","2026-09-02T20:00:00Z","2026-09-18T19:59:59Z","Trottoirs - Construction","Alexis-Nihon entre Stevens et Église","Entrepreneur sous contrat avec la Ville de Montréal","PAVAGES MULTIPRO INC.","t","t","t","t","t","t","t","t","t","t","t","t","t","t",,,,,,,,,,,,,,,"2026-09-05T00:02:06Z",-73.68799089224164,45.50339245367586
"6a9845515cde020012e4cd6e","OCC-2609QH02284073","26002","St-Laurent","Travaux","Permis émis","2026-09-02T20:00:00Z","2026-09-18T19:59:59Z","Trottoirs - Construction","Harfangs entre Pirée et Acajou","Entrepreneur sous contrat avec la Ville de Montréal","PAVAGES MULTIPRO INC.","t","t","t","t","t","t","t","t","t","t","t","t","t","t",,,,,,,,,,,,,,,"2026-09-05T00:02:06Z",-73.70672902825503,45.51025731040616
"6a9845f15cde020012e4cdae","OCC-2609XC02285612","26002","St-Laurent","Travaux","Permis émis","2026-09-02T20:00:00Z","2026-09-18T19:59:59Z","Trottoirs - Construction","Lippé entre McWillis et Cazeneuve","Entrepreneur sous contrat avec la Ville de Montréal","PAVAGES MULTIPRO INC.","t","t","t","t","t","t","t","t","t","t","t","t","t","t",,,,,,,,,,,,,,,"2026-09-05T00:02:06Z",-73.70042457808945,45.50333226195563
"6a9848e1fa7b4d00129ee752","OCC-2609NB02250343",,"Mercier-Hochelaga-Maisonneuve","Travaux","Permis émis","2026-09-08T20:00:00Z","2026-09-10T19:59:59Z","Construction/rénovation sans excavation","Louis-Veuillot entre Hochelaga et Desaulniers","Entreprise","Escalier MTL inc.","t","f","t","f","t","f","t","f","t","f","f","f","f","f",,,"07:00","16:00","07:00","16:00","07:00","16:00","07:00","16:00","07:00","16:00",,,"2026-09-05T00:02:06Z",-73.53735925190617,45.57190241605681
"6a984d3a5cde020012e4ceab","OCC-2609YU02314028","26002","St-Laurent","Travaux","Permis émis","2026-09-02T20:00:00Z","2026-09-18T19:59:59Z","Trottoirs - Construction","O'Brien entre Cléroux et Henri-Bourassa","Entrepreneur sous contrat avec la Ville de Montréal","PAVAGES MULTIPRO INC.","t","f","t","f","t","f","t","f","t","f","t","f","t","f","09:00","15:00","09:00","15:00","09:00","15:00","09:00","15:00","09:00","15:00","09:00","15:00","09:00","15:00","2026-09-05T00:02:06Z",-73.69723332327303,45.52636940685048
"6a9852655cde020012e4cf3a","OCC-2609EN02314534","26002","St-Laurent","Travaux","Permis émis","2026-09-02T20:00:00Z","2026-09-18T19:59:59Z","Trottoirs - Construction","Montpellier entre Montpellier et Montpellier","Entrepreneur sous contrat avec la Ville de Montréal","PAVAGES MULTIPRO INC.","t","t","t","t","t","t","t","t","t","t","t","t","t","t",,,,,,,,,,,,,,,"2026-09-05T00:02:06Z",-73.66935142187609,45.51960189942108
"6a98532b5cde020012e4cf5b","OCC-2609IZ02315008","26002","St-Laurent","Travaux","Permis émis","2026-09-02T20:00:00Z","2026-09-18T19:59:59Z","Trottoirs - Construction","Filion entre Guertin et Henri-Bourassa","Entrepreneur sous contrat avec la Ville de Montréal","PAVAGES MULTIPRO INC.","t","t","t","t","t","t","t","t","t","t","t","t","t","t",,,,,,,,,,,,,,,"2026-09-05T00:02:06Z",-73.69410434090794,45.52702651377899
"6a985442fa7b4d00129ee95f","OCC-2609LU02315594","26002","St-Laurent","Travaux","Permis émis","2026-09-02T20:00:00Z","2026-09-18T19:59:59Z","Trottoirs - Construction","Crépeau entre Lawlor et Quintin","Entrepreneur sous contrat avec la Ville de Montréal","PAVAGES MULTIPRO INC.","t","t","t","t","t","t","t","t","t","t","t","t","t","t",,,,,,,,,,,,,,,"2026-09-05T00:02:06Z",-73.6690700182253,45.53145065609179
"6a9854e1fa7b4d00129ee996","OCC-2609FJ02319735","26002","St-Laurent","Travaux","Permis émis","2026-09-02T20:00:00Z","2026-09-18T19:59:59Z","Trottoirs - Construction","William-Chapman entre Roger-Lemelin et Claude-Henri-Grignon","Entrepreneur sous contrat avec la Ville de Montréal","PAVAGES MULTIPRO INC.","t","t","t","t","t","t","t","t","t","t","t","t","t","t",,,,,,,,,,,,,,,"2026-09-05T00:02:06Z",-73.72838630353847,45.508432586834026
"6a9839665cde020012e4ca40","OCC-2609UV02263591",,"Le Plateau-Mont-Royal","Travaux","Permis émis","2026-09-08T20:00:00Z","2026-09-18T19:59:59Z","Égouts et aqueducs - Excavation","Dorion entre Gauthier et Rachel","Ville de Montréal",,"t","t","t","t","t","t","t","t","t","t","t","t","t","t",,,,,,,,,,,,,,,"2026-09-05T00:02:06Z",-73.56713804663177,45.5310958586914
"6a985590fa7b4d00129ee9c4","OCC-2609EQ02320341","26002","St-Laurent","Travaux","Permis émis","2026-09-02T20:00:00Z","2026-09-18T19:59:59Z","Trottoirs - Construction","Pitfield entre Bois-Franc et Botham","Entrepreneur sous contrat avec la Ville de Montréal","PAVAGES MULTIPRO INC.","t","t","t","t","t","t","t","t","t","t","t","t","t","t",,,,,,,,,,,,,,,"2026-09-05T00:02:06Z",-73.74545139567631,45.49636719300028
"6a985668fa7b4d00129eea0f","OCC-2609OW02320828","26002","St-Laurent","Travaux","Permis émis","2026-09-02T20:00:00Z","2026-09-18T19:59:59Z","Trottoirs - Construction","Poirier entre Décarie et Painter Circle","Entrepreneur sous contrat avec la Ville de Montréal","PAVAGES MULTIPRO INC.","t","t","t","t","t","t","t","t","t","t","t","t","t","t",,,,,,,,,,,,,,,"2026-09-05T00:02:06Z",-73.69406761804274,45.5213590479818
"6a98579f5cde020012e4d1e3","OCC-2609SG02321574","26002","St-Laurent","Travaux","Permis émis","2026-09-02T20:00:00Z","2026-09-18T19:59:59Z","Trottoirs - Construction","Côte-de-Liesse entre Liesse et Graveline","Entrepreneur sous contrat avec la Ville de Montréal","PAVAGES MULTIPRO INC.","t","f","t","f","t","f","t","f","t","f","t","f","t","f","09:00","16:00","07:00","15:00","07:00","15:00","07:00","15:00","07:00","15:00","07:00","15:00","09:00","16:00","2026-09-05T00:02:06Z",-73.70336470760132,45.47661985323892
"6a073ee5ad5e37001258efd1","OCC-2605AC12690308",,"St-Laurent","Travaux","Permis émis","2026-05-17T20:00:00Z","2026-12-31T18:59:59Z","Autre","Décarie entre Decelles et MacDonald","Organisation publique ou son sous-traitant","Société de Transport de Montréal","t","t","t","t","t","t","t","t","t","t","t","t","t","t",,,,,,,,,,,,,,,"2026-05-17T00:01:50Z",-73.68160328815424,45.51363024358369
"6a994eeefa7b4d00129f03cb","OCC-2609ZF02358970",,"Côte-des-Neiges-Notre-Dame-de-Grâce","Travaux","Permis émis","2026-09-10T20:00:00Z","2026-09-11T19:59:59Z","Entretien","West Hill entre Sherbrooke et Monkland","RTU (Réseau technique urbain) ou son sous-traitant
","Hydro-Québec-Entrave courte durée","t","f","t","f","t","f","t","f","t","f","f","f","f","f",,,"08:00","16:00","08:00","16:00","08:00","16:00","08:00","16:00","08:00","16:00",,,"2026-09-05T00:02:06Z",-73.62802109900399,45.46629218933512
"6a9950d35cde020012e4e322","OCC-2609WR02359966",,"Côte-des-Neiges-Notre-Dame-de-Grâce","Travaux","Permis émis","2026-09-10T20:00:00Z","2026-09-11T19:59:59Z","Entretien","Madison entre Notre-Dame-de-Grâce et Godfrey","RTU (Réseau technique urbain) ou son sous-traitant
","Hydro-Québec-Entrave courte durée","t","f","t","f","t","f","t","f","t","f","f","f","f","f",,,"08:00","16:00","08:00","16:00","08:00","16:00","08:00","16:00","08:00","16:00",,,"2026-09-05T00:02:06Z",-73.62592048874097,45.46622007790161
"6a9951235cde020012e4e326","OCC-2609HL02360370",,"Côte-des-Neiges-Notre-Dame-de-Grâce","Travaux","Permis émis","2026-09-10T20:00:00Z","2026-09-11T19:59:59Z","Entretien","Benny entre Godfrey et Monkland","RTU (Réseau technique urbain) ou son sous-traitant
","Hydro-Québec-Entrave courte durée","t","f","t","f","t","f","t","f","t","f","f","f","f","f",,,"08:00","16:00","08:00","16:00","08:00","16:00","08:00","16:00","08:00","16:00",,,"2026-09-05T00:02:06Z",-73.62910677715331,45.46595948959017
"6a995d1ffa7b4d00129f0486","OCC-2609UE02165892",,"Le Plateau-Mont-Royal","Travaux","Permis émis","2026-09-06T20:00:00Z","2026-09-11T19:59:59Z","Construction/rénovation sans excavation","Saint-Hubert entre Marie-Anne et Mont-Royal","Entreprise","Les Entreprises Cam Construction inc","t","f","t","f","t","f","t","f","t","f","f","f","f","f",,,"07:00","16:00","07:00","16:00","07:00","16:00","07:00","16:00","07:00","16:00",,,"2026-09-05T00:02:06Z",-73.57987512069413,45.52493420633542
"6a995f1dfa7b4d00129f04c5","OCC-2609TO02249129","523901","Anjou","Travaux","Permis émis","2026-09-07T20:00:00Z","2026-09-14T19:59:59Z","Autre","Galeries-d'Anjou entre Jarry et Baudrière","Entrepreneur sous contrat avec la Ville de Montréal","Laurin Laurin (Bell, VL, EC, HQ)","t","t","t","t","t","t","t","t","t","t","t","t","t","t",,,,,,,,,,,,,,,"2026-09-05T00:02:06Z",-73.57548720384368,45.60198068000693
"6a996046fa7b4d00129f04ed","OCC-2609HE02257078","524005","Rosemont-La Petite-Patrie","Travaux","Permis émis","2026-09-07T20:00:00Z","2026-09-11T19:59:59Z","Égouts et aqueducs - Réhabilitation","Chambord entre Saint-Zotique et Bélanger","Entrepreneur sous contrat avec la Ville de Montréal","CGI Environnement Inc.","t","f","t","f","t","f","t","f","t","f","f","f","f","f",,,"07:00","19:00","07:00","19:00","07:00","19:00","07:00","19:00","07:00","19:00",,,"2026-09-05T00:02:06Z",-73.60438834284047,45.54213271675957
"6a04d9084737cd0012230145","OCC-2605AZ12514962",,"Côte-des-Neiges-Notre-Dame-de-Grâce","Travaux","Permis émis","2026-05-30T20:00:00Z","2026-10-31T19:59:59Z","Autre","Royal entre Sherbrooke et Côte-Saint-Antoine","Ville de Montréal",,"t","t","t","t","t","t","t","t","t","t","t","t","t","t",,,,,,,,,,,,,,,"2026-05-17T00:01:50Z",-73.61963391524343,45.46886936629425
"6a04da742dd5770012487d8b","OCC-2605ZA12513669",,"Côte-des-Neiges-Notre-Dame-de-Grâce","Travaux","Permis émis","2026-05-30T20:00:00Z","2026-10-31T19:59:59Z","Autre","Madison entre Sherbrooke et Notre-Dame-de-Grâce","Ville de Montréal",,"t","t","t","t","t","t","t","t","t","t","t","t","t","t",,,,,,,,,,,,,,,"2026-05-17T00:01:50Z",-73.62528264196482,45.465911924605706
"6a9960fd5cde020012e4e4af","OCC-2609RU02221538",,"Villeray-Saint-Michel-Parc-Extension","Travaux","Permis émis","2026-09-07T20:00:00Z","2026-09-10T19:59:59Z","Construction/rénovation sans excavation","Ruelle","Entreprise","Les Entreprises Cam Construction inc","t","f","t","f","t","f","t","f","t","f","f","f","f","f",,,"07:00","16:00","07:00","16:00","07:00","16:00","07:00","16:00","07:00","16:00",,,"2026-09-05T00:02:06Z",-73.62504178636914,45.54179249054664
"6a996120fa7b4d00129f0520","OCC-2609NR02255429","524005","Rosemont-La Petite-Patrie","Travaux","Permis émis","2026-09-08T20:00:00Z","2026-09-11T19:59:59Z","Égouts et aqueducs - Réhabilitation","Henri-Julien entre Marmier et Bellechasse","Entrepreneur sous contrat avec la Ville de Montréal","CGI Environnement Inc.","t","f","t","f","t","f","t","f","t","f","f","f","f","f",,,"07:00","19:00","07:00","19:00","07:00","19:00","07:00","19:00","07:00","19:00",,,"2026-09-05T00:02:06Z",-73.6014778549974,45.53075654002841
"6a9961f2fa7b4d00129f0554","OCC-2609LO02251456","524005","Rosemont-La Petite-Patrie","Travaux","Permis émis","2026-09-08T20:00:00Z","2026-09-11T19:59:59Z","Égouts et aqueducs - Réhabilitation","26e entre Rosemont et Beaubien","Entrepreneur sous contrat avec la Ville de Montréal","CGI Environnement Inc.","t","f","t","f","t","f","t","f","t","f","f","f","f","f",,,"07:00","19:00","07:00","19:00","07:00","19:00","07:00","19:00","07:00","19:00",,,"2026-09-05T00:02:06Z",-73.57378327950232,45.56371199168365
"6a05d3c04737cd00122314d2","OCC-2605RO12616176","503001","Ville-Marie","Travaux","Permis émis","2026-05-15T20:00:00Z","2026-10-31T19:59:59Z","Construction/rénovation sans excavation","Mackay entre Sainte-Catherine et De Maisonneuve","Entrepreneur sous contrat avec la Ville de Montréal","Roxboro Excavation Inc.","t","t","t","t","t","t","t","t","t","t","t","t","t","t",,,,,,,,,,,,,,,"2026-05-17T00:01:50Z",-73.57748852770631,45.49600641889947
"6a0613fa2dd577001248ab39","OCC-2605TV12675645","1774526","Ahuntsic-Cartierville","Travaux","Permis émis","2026-05-19T20:00:00Z","2026-09-14T19:59:59Z","Autre","Ruelle","Entrepreneur sous contrat avec la Ville de Montréal","Arbre NB inc.","t","f","t","f","t","f","t","f","t","f","f","f","f","f",,,"07:00","17:00","07:00","17:00","07:00","17:00","07:00","17:00","07:00","17:00",,,"2026-05-17T00:01:50Z",-73.65507731081068,45.53813775339745
"6a9963e75cde020012e4e548","OCC-2609DP02352759",,"Ville-Marie","Travaux","Permis émis","2026-09-03T20:00:00Z","2026-09-14T19:59:59Z","S-3 Infrastructure souterraine majeure - Puits d'accès","Saint-Laurent entre De Maisonneuve et Ontario","CSEM (Commission des services électriques de Montréal) ou son sous-traitant
","CMS Entrepreneurs Généraux Inc.","t","t","t","t","t","t","t","t","t","t","t","t","t","t",,,,,,,,,,,,,,,"2026-09-05T00:02:06Z",-73.56640667085547,45.51103549881525
"6a061fed2dd577001248b165","OCC-2605OA12516238","25007","Ville-Marie","Travaux","Permis émis","2026-05-14T20:00:00Z","2026-09-30T19:59:59Z","Construction/rénovation sans excavation","Kimberley entre Président-Kennedy et Président-Kennedy","Entrepreneur sous contrat avec la Ville de Montréal","Ceveco inc","t","t","t","t","t","t","t","t","t","t","t","t","t","t",,,,,,,,,,,,,,,"2026-05-17T00:01:50Z",-73.56815992724832,45.50948206967202
"6a996926fa7b4d00129f0786","OCC-2609XE02200621",,"Ville-Marie","Travaux","Permis émis","2026-08-31T20:00:00Z","2026-09-11T19:59:59Z","S-2 Infrastructure souterraine mineure ou équipement hors-sol - Réseaux de gaz ","De La Gauchetière entre Beaver Hall et Robert-Bourassa","RTU (Réseau technique urbain) ou son sous-traitant
","Marathon Division Gaz","t","t","t","t","t","t","t","t","t","t","f","f","f","f",,,,,,,,,,,,,,,"2026-09-05T00:02:06Z",-73.56444707004553,45.501940266262
"6a996c85fa7b4d00129f08ba","OCC-2609UJ02189952",,"Le Plateau-Mont-Royal","Travaux","Permis émis","2026-09-01T20:00:00Z","2026-09-11T19:59:59Z","Construction/rénovation sans excavation","Saint-Dominique entre Sherbrooke et Lavers","Entreprise","BROCCOLINI CONSTRUCTION INC. REF: PROJET LE MUSÉE","t","f","t","f","t","f","t","f","t","f","f","f","f","f",,,"07:00","16:00","07:00","16:00","07:00","16:00","07:00","16:00","07:00","16:00",,,"2026-09-05T00:02:06Z",-73.57108546945015,45.51388333087794
"6a996cb8fa7b4d00129f08fa","OCC-2609SN02202988",,"Côte-des-Neiges-Notre-Dame-de-Grâce","Travaux","Permis émis","2026-09-02T20:00:00Z","2026-09-11T19:59:59Z","Construction/rénovation sans excavation","Oxford entre De Maisonneuve et Sherbrooke","Entreprise","Fortex Construction Inc","t","f","t","f","t","f","t","f","t","f","f","f","f","f",,,"06:00","16:00","06:00","16:00","06:00","16:00","06:00","16:00","06:00","16:00",,,"2026-09-05T00:02:06Z",-73.61424884041773,45.471046082666085
"6a9970315cde020012e4e99e","OCC-2609VL02239680",,"Ville-Marie","Travaux","Permis émis","2026-09-02T20:00:00Z","2026-10-01T19:59:59Z","Construction/rénovation sans excavation","Saint-Denis entre Christin et Sainte-Catherine","Entreprise","St-Denis Thompson","t","f","t","f","t","f","t","f","t","f","f","f","f","f",,,"06:00","14:00","06:00","14:00","06:00","14:00","06:00","14:00","06:00","14:00",,,"2026-09-05T00:02:06Z",-73.55931367626562,45.51326960713476
"6a9971d2fa7b4d00129f0ac0","OCC-2609HX02246142","202432","Anjou","Travaux","Permis émis","2026-09-07T20:00:00Z","2026-09-15T19:59:59Z","Construction/rénovation avec excavation","Bombardier entre Riverains et Galeries-d'Anjou","Entrepreneur sous contrat avec la Ville de Montréal","Bruneau Electrique Inc","t","t","t","t","t","t","t","t","t","t","t","t","t","t",,,,,,,,,,,,,,,"2026-09-05T00:02:06Z",-73.58689908446908,45.60659004770645
"6a997244fa7b4d00129f0af4","OCC-2609MJ02217364","1778629","Le Sud-Ouest","Travaux","Permis émis","2026-09-08T20:00:00Z","2026-10-02T19:59:59Z","Trottoirs - Construction","Newman entre Jolicoeur et De Montmagny","Entrepreneur sous contrat avec la Ville de Montréal","Les Entreprises Michaudville","t","t","t","t","t","t","t","t","t","t","t","t","t","t",,,,,,,,,,,,,,,"2026-09-05T00:02:06Z",-73.6029311794727,45.45532801030275
"6a997806fa7b4d00129f0d67","OCC-2609XK02426083","26005","Ville-Marie","Travaux","Permis émis","2026-09-03T20:00:00Z","2026-09-14T19:59:59Z","Trottoirs - Construction","René-Lévesque entre Stanley et Crescent","Entrepreneur sous contrat avec la Ville de Montréal","COJALAC INC.","t","t","t","t","t","t","t","t","t","t","t","t","t","t",,,,,,,,,,,,,,,"2026-09-05T00:02:06Z",-73.57207093753773,45.49704485123224
"6a9978c35cde020012e4ed4a","OCC-2609RJ02228821",,"Rosemont-La Petite-Patrie","Travaux","Permis émis","2026-09-10T20:00:00Z","2026-09-11T19:59:59Z","Construction/rénovation sans excavation","Ruelle","Entreprise","Les Entreprises Cam Construction inc","t","f","t","f","t","f","t","f","t","f","f","f","f","f",,,"07:00","12:00","07:00","12:00","07:00","12:00","07:00","12:00","07:00","12:00",,,"2026-09-05T00:02:06Z",-73.60243325349103,45.5438104094455
"6a9979dc5cde020012e4ede2","OCC-2609OG02226350","527002","Rosemont-La Petite-Patrie","Travaux","Permis émis","2026-09-02T20:00:00Z","2026-09-15T19:59:59Z","Construction/rénovation sans excavation","3e entre 6e et Saint-Zotique","Entrepreneur sous contrat avec la Ville de Montréal","Pavages Métropolitain Inc.","t","t","t","t","t","t","t","t","t","t","f","f","f","f",,,,,,,,,,,,,,,"2026-09-05T00:02:06Z",-73.59215112734324,45.55304879388809
"6a997b0d5cde020012e4ee97","OCC-2609JW02246594","527002","Rosemont-La Petite-Patrie","Travaux","Permis émis","2026-09-02T20:00:00Z","2026-09-15T19:59:59Z","Construction/rénovation sans excavation","3e entre 6e et Saint-Zotique","Entrepreneur sous contrat avec la Ville de Montréal","Pavages Métropolitain Inc.","t","t","t","t","t","t","t","t","t","t","f","f","f","f",,,,,,,,,,,,,,,"2026-09-05T00:02:06Z",-73.5921788484627,45.55315139981042
"6a997b1efa7b4d00129f0f56","OCC-2609JO02252979","26005","Ville-Marie","Travaux","Permis émis","2026-09-03T20:00:00Z","2026-09-14T19:59:59Z","Trottoirs - Construction","Saint-Pierre entre Marguerite-D'Youville et D'Youville","Entrepreneur sous contrat avec la Ville de Montréal","COJALAC INC.","t","t","t","t","t","t","t","t","t","t","t","t","t","t",,,,,,,,,,,,,,,"2026-09-05T00:02:06Z",-73.55519858054315,45.50082073056842
"6a997b625cde020012e4ef03","OCC-2609IN02246505",,"Ahuntsic-Cartierville","Travaux","Permis émis","2026-09-07T20:00:00Z","2026-09-10T19:59:59Z","Égouts et aqueducs - Excavation","Gouin entre Fort-Lorette et Jésuites","Ville de Montréal",,"t","t","t","t","t","t","t","t","t","t","f","f","f","f",,,,,,,,,,,,,,,"2026-09-05T00:02:06Z",-73.66043513006382,45.56870812061147
"6a997baafa7b4d00129f0fab","OCC-2609YC02247302","527002","Rosemont-La Petite-Patrie","Travaux","Permis émis","2026-09-02T20:00:00Z","2026-09-15T19:59:59Z","Construction/rénovation sans excavation","6e entre Saint-Zotique et Paradis","Entrepreneur sous contrat avec la Ville de Montréal","Pavages Métropolitain Inc.","t","t","t","t","t","t","t","t","t","t","f","f","f","f",,,,,,,,,,,,,,,"2026-09-05T00:02:06Z",-73.59311541684042,45.55355749526519
"6a997c2bfa7b4d00129f0fce","OCC-2609CA02245647","527002","Rosemont-La Petite-Patrie","Travaux","Permis émis","2026-09-02T20:00:00Z","2026-09-15T19:59:59Z","Construction/rénovation sans excavation","6e entre Saint-Zotique et Paradis","Entrepreneur sous contrat avec la Ville de Montréal","Pavages Métropolitain Inc.","t","t","t","t","t","t","t","t","t","t","f","f","f","f",,,,,,,,,,,,,,,"2026-09-05T00:02:06Z",-73.59305953341364,45.55360221517066
"6a997fcd5cde020012e4f0a6","OCC-2609FO02250503",,"Le Sud-Ouest","Travaux","Permis émis","2026-09-09T20:00:00Z","2026-10-16T19:59:59Z","Construction/rénovation avec excavation","Richmond entre Richmond et Basin","Organisation publique ou son sous-traitant","Hydro-Québec","t","t","t","t","t","t","t","t","t","t","t","t","t","t",,,,,,,,,,,,,,,"2026-09-05T00:02:06Z",-73.56433901123164,45.4871183492977
"6a9981fefa7b4d00129f140b","OCC-2609XQ02244403",,"Le Plateau-Mont-Royal","Travaux","Permis émis","2026-08-30T20:00:00Z","2026-09-11T19:59:59Z","Construction/rénovation sans excavation","Ruelle","Entreprise","LES ENTREPRISES DOMINIC PAYETTE LTÉE","t","t","t","t","t","t","t","t","t","t","f","f","f","f",,,,,,,,,,,,,,,"2026-09-05T00:02:06Z",-73.57297343562101,45.513663263248986
"6a7ce01a8d981b0012f51028","OCC-2608SD11741758","524102","Mercier-Hochelaga-Maisonneuve","Travaux","Permis émis","2026-08-16T20:00:00Z","2026-11-06T18:59:59Z","Égouts et aqueducs - Excavation","De Saint-Just entre Tellier et Dubuisson","Entrepreneur sous contrat avec la Ville de Montréal","Services d'infrastructures Vortex","t","t","t","t","t","t","t","t","t","t","t","t","t","t",,,,,,,,,,,,,,,"2026-08-16T00:01:54Z",-73.52095810993106,45.59071119466618
"6a998840fa7b4d00129f171b","OCC-2609PS02289701",,"Ville-Marie","Travaux","Permis émis","2026-09-06T20:00:00Z","2026-09-30T19:59:59Z","Réseaux routier - Réfection et travaux corrélatifs","Atateken entre Amherst et Amherst","Ville de Montréal",,"t","f","t","f","t","f","t","f","t","f","t","f","t","f","09:30","14:30","09:30","14:30","09:30","14:30","09:30","14:30","09:30","14:30","09:30","14:30","09:30","14:30","2026-09-05T00:02:06Z",-73.55681871140132,45.51729641294588
"6a99890afa7b4d00129f1769","OCC-2609VL02265753",,"Ville-Marie","Travaux","Permis émis","2026-09-07T20:00:00Z","2026-09-10T19:59:59Z","Construction/rénovation sans excavation","Visitation entre La Fontaine et La Fontaine","Entreprise","LES BALCONS ET ESCALIERS IDÉALS INC.","t","f","t","f","t","f","t","f","t","f","f","f","f","f",,,"07:00","17:00","07:00","17:00","07:00","17:00","07:00","17:00","07:00","17:00",,,"2026-09-05T00:02:06Z",-73.56011535437186,45.52146323414157
"6a998a20fa7b4d00129f17d7","OCC-2609PJ02265146",,"Rosemont-La Petite-Patrie","Travaux","Permis émis","2026-09-02T20:00:00Z","2026-09-21T19:59:59Z","Construction/rénovation sans excavation","De Lorimier entre Rosemont et Bellechasse","Entreprise","Groupe Di Paolo Inc","t","f","t","f","t","f","t","f","t","f","f","f","f","f",,,"07:00","15:00","07:00","15:00","07:00","15:00","07:00","15:00","07:00","15:00",,,"2026-09-05T00:02:06Z",-73.58942912858151,45.54321954287048
"6a998cff5cde020012e4f7aa","OCC-2609MJ02393154",,"Villeray-Saint-Michel-Parc-Extension","Travaux","Permis émis","2026-09-04T20:00:00Z","2026-09-10T19:59:59Z","Construction/rénovation sans excavation","D'Iberville entre Villeray et Tillemont","Entreprise","Groupe Manovra inc.","t","t","t","t","t","t","t","t","t","t","t","t","t","t",,,,,,,,,,,,,,,"2026-09-05T00:02:06Z",-73.61107715328981,45.55756214408743
"6a998e2f5cde020012e4f7db","OCC-2609AT02275522",,"Rosemont-La Petite-Patrie","Travaux","Permis émis","2026-08-31T20:00:00Z","2026-09-25T19:59:59Z","Autre","4e entre Masson et Dandurand","Entreprise","Béton Fondation Plus","t","f","t","f","t","f","t","f","t","f","f","f","f","f",,,"07:00","17:00","07:00","17:00","07:00","17:00","07:00","17:00","07:00","17:00",,,"2026-09-05T00:02:06Z",-73.57787039781351,45.54762727890366
"6a9b02d734692700122ffb33","OCC-2609VZ03247919",,"Anjou","Travaux","Permis émis","2026-09-11T20:00:00Z","2026-09-26T19:59:59Z","Autre","Louis-H.-La Fontaine entre Mail et Curé-Clermont","Organisation publique ou son sous-traitant","Société de transports de Montréal (STM) Prolongement de la ligne bleue","f","t","f","t","f","t","f","t","f","t","t","t","t","t",,,,,,,,,,,,,,,"2026-09-06T00:02:08Z",-73.54796995633636,45.59708440300964
"6a0349ac4737cd001222b3e5","OCC-2605SM10137593","317601","Rivière-des-Prairies-Pointe-aux-Trembles","Travaux","Permis émis","2026-05-12T20:00:00Z","2026-10-13T19:59:59Z","Construction/rénovation avec excavation","5e entre Notre-Dame et Prince-Albert","Entrepreneur sous contrat avec la Ville de Montréal","Duroking Construction","t","t","t","t","t","t","t","t","t","t","t","t","t","t",,,,,,,,,,,,,,,"2026-05-13T00:01:43Z",-73.49218590482113,45.63652052107898
"6a034b1d4737cd001222b48b","OCC-2605KR10141346","317601","Rivière-des-Prairies-Pointe-aux-Trembles","Travaux","Permis émis","2026-05-12T20:00:00Z","2026-10-13T19:59:59Z","Construction/rénovation avec excavation","Notre-Dame entre 6e et 8e","Entrepreneur sous contrat avec la Ville de Montréal","Duroking Construction","t","t","t","t","t","t","t","t","t","t","t","t","t","t",,,,,,,,,,,,,,,"2026-05-13T00:01:43Z",-73.49149704103674,45.6376352155096
"6a5a8d0045ae010012f32ff8","OCC-2609WB01364003","1734948","Côte-des-Neiges-Notre-Dame-de-Grâce","Travaux","Permis émis","2026-09-07T20:00:00Z","2026-09-18T19:59:59Z","Trottoirs - Construction","Jean-Brillant entre Decelles et Côte-des-Neiges","Entrepreneur sous contrat avec la Ville de Montréal","Les Excavations Super Inc.","t","f","t","f","t","f","t","f","t","f","t","f","t","f","10:00","18:00","07:00","15:30","07:00","15:30","07:00","15:30","07:00","15:30","07:00","15:30","10:00","18:00","2026-09-04T00:02:08Z",-73.62109579683931,45.49680035522941
"695d62078fcf4c0012e97ba5","OCC-2601KN05708904",,"Ville-Marie","Travaux","Permis émis","2026-01-06T19:00:00Z","2027-01-06T18:59:59Z","Autre","De Boisbriand entre Saint-Dominique et De Bullion","Organisation publique ou son sous-traitant","Partenariat du Quartier des spectacles","t","t","t","t","t","t","t","t","t","t","t","t","t","t",,,,,,,,,,,,,,,"2026-01-09T00:01:48Z",-73.56328766233324,45.51135530873206
"6a74e7158d981b0012f47a2b","OCC-2608EX05695274","317601","Rivière-des-Prairies-Pointe-aux-Trembles","Travaux","Permis émis","2026-08-09T20:00:00Z","2026-09-11T19:59:59Z","Construction/rénovation avec excavation","9e entre Notre-Dame et Prince-Albert","Entrepreneur sous contrat avec la Ville de Montréal","Duroking Construction","t","t","t","t","t","t","t","t","t","t","t","t","t","t",,,,,,,,,,,,,,,"2026-08-09T00:01:56Z",-73.4921588741168,45.639115720537006
"6a834d238d981b0012f57a6a","OCC-2609EP01542880",,"Le Sud-Ouest","Travaux","Permis émis","2026-09-07T20:00:00Z","2026-09-11T19:59:59Z","Construction/rénovation avec excavation","Notre-Dame entre Fauteux et Vinet","Entreprise","Fortis Construction","t","t","t","t","t","t","t","t","t","t","f","f","f","f",,,,,,,,,,,,,,,"2026-09-04T00:02:08Z",-73.5740586122897,45.483594676670656
"69614cd3c9812500123fede9","OCC-2601XE07587853",,"Villeray-Saint-Michel-Parc-Extension","Travaux","Permis émis","2026-01-04T19:00:00Z","2029-01-01T18:59:59Z","Autre","Jean-Talon entre 6e et 8e","Organisation publique ou son sous-traitant","Société de transports de Montréal (STM) Prolongement de la ligne bleue","t","t","t","t","t","t","t","t","t","t","t","t","t","t",,,,,,,,,,,,,,,"2026-01-11T00:01:48Z",-73.59963184301094,45.55623883207324
"6a8f2dcc8d88dc00127d461a","OCC-2609AU01548770",,"Le Plateau-Mont-Royal","Travaux","Permis émis","2026-09-09T20:00:00Z","2026-09-10T19:59:59Z","Autre","Ruelle","Entreprise","Arboriculture Koala ltée","t","f","t","f","t","f","t","f","t","f","f","f","f","f",,,"07:00","18:00","07:00","18:00","07:00","18:00","07:00","18:00","07:00","18:00",,,"2026-09-04T00:02:08Z",-73.60811993431179,45.527089617933946
"6a161618ef86e200124bb90e","OCC-2607DB02413192","1652355","St-Laurent","Travaux","Permis émis","2026-07-02T20:00:00Z","2026-12-31T18:59:59Z","Autre","Marcel-Laurin entre Beaudet et Église","Entrepreneur sous contrat avec la Ville de Montréal","Énergère Inc.","t","f","t","f","t","f","t","f","t","f","f","f","f","f",,,"07:00","17:00","07:00","17:00","07:00","17:00","07:00","17:00","07:00","17:00",,,"2026-07-05T00:01:59Z",-73.68301416618831,45.507049085427646
"6a9727ca5cde020012e4b455","OCC-2609GE01337191","25008","LaSalle","Travaux","Permis émis","2026-09-01T20:00:00Z","2026-09-30T19:59:59Z","Construction/rénovation sans excavation","Jean-Milot entre Comte et D'Amour","Entrepreneur sous contrat avec la Ville de Montréal","Eurovia Québec Grands Projets","t","t","t","t","t","t","t","t","t","t","t","t","t","t",,,,,,,,,,,,,,,"2026-09-04T00:02:08Z",-73.64285727202743,45.42969308195593
"6a972e3afa7b4d00129ec6fb","OCC-2609RV01426335",,"Rosemont-La Petite-Patrie","Travaux","Permis émis","2026-09-07T20:00:00Z","2026-09-11T19:59:59Z","Autre","28e entre Rosemont et Bellechasse","RTU (Réseau technique urbain) ou son sous-traitant
","Lanauco","t","f","t","f","t","f","t","f","t","f","f","f","f","f",,,"06:00","16:00","06:00","16:00","06:00","16:00","06:00","16:00","06:00","16:00",,,"2026-09-04T00:02:08Z",-73.5714301658114,45.56448481412728
"6a972e76fa7b4d00129ec6ff","OCC-2609DT01324840","15978","Ville-Marie","Travaux","Permis émis","2026-08-10T20:00:00Z","2026-09-11T19:59:59Z","Construction/rénovation sans excavation","Ontario entre Havre et Gascon","Entrepreneur sous contrat avec la Ville de Montréal","Norgereq Ltée","t","t","t","t","t","t","t","t","t","t","t","t","t","t",,,,,,,,,,,,,,,"2026-09-04T00:02:08Z",-73.55216211457169,45.53411342222071
"6a033abd4737cd001222ada2","OCC-2605GH10029413","2420779","Villeray-Saint-Michel-Parc-Extension","Travaux","Permis émis","2026-04-12T20:00:00Z","2026-11-30T18:59:59Z","Entretien","Ruelle","Entrepreneur sous contrat avec la Ville de Montréal","Les entreprises Roseneige","t","f","t","f","t","f","t","f","t","f","f","f","f","f",,,"07:00","19:00","07:00","19:00","07:00","19:00","07:00","19:00","07:00","19:00",,,"2026-05-15T00:01:58Z",-73.62570736696648,45.530868486353775
"6a1eda12f588d700121566df","OCC-2606HJ01417491","1774097","Outremont","Travaux","Permis émis","2026-06-21T20:00:00Z","2027-01-27T18:59:59Z","Construction/rénovation avec excavation","Dunlop entre Lajoie et Van Horne","Entrepreneur sous contrat avec la Ville de Montréal","Urbex Construction INC","t","t","t","t","t","t","t","t","t","t","t","t","t","t",,,,,,,,,,,,,,,"2026-06-04T00:01:47Z",-73.6173331951585,45.51392079384172
"6a99c5aa5cde020012e50aab","OCC-2609KV02423031",,"Côte-des-Neiges-Notre-Dame-de-Grâce","Travaux","Permis émis","2026-09-07T20:00:00Z","2026-09-11T19:59:59Z","Construction/rénovation sans excavation","Troie entre Decelles et Gatineau","Entreprise","Construction J.G Lessard & Fils Inc.","t","t","t","t","t","t","t","t","t","t","f","f","f","f",,,,,,,,,,,,,,,"2026-09-05T00:02:06Z",-73.61732571970694,45.49609574900438
"6a04d76c2dd5770012487c4c","OCC-2605EN11877226","503001","Ville-Marie","Travaux","Permis émis","2026-05-15T20:00:00Z","2026-10-31T19:59:59Z","Construction/rénovation avec excavation","Sainte-Catherine entre Saint-Mathieu et Towers","Entrepreneur sous contrat avec la Ville de Montréal","Roxboro Excavation Inc.","t","t","t","t","t","t","t","t","t","t","t","t","t","t",,,,,,,,,,,,,,,"2026-05-16T00:02:05Z",-73.58013528215211,45.49298607438256
"6a0610e14737cd0012232fc1","OCC-2605MY11889545",,"Rosemont-La Petite-Patrie","Travaux","Permis émis","2026-05-13T20:00:00Z","2026-11-01T18:59:59Z","Autre","Augustin-Frigon entre William-Tremblay et Mont-Royal","Organisation publique ou son sous-traitant","Milieu de vie Masson Village","t","t","t","t","t","t","t","t","t","t","t","t","t","t",,,,,,,,,,,,,,,"2026-05-16T00:02:05Z",-73.56544999114047,45.5428417830851
"6a82f9038d981b0012f560fb","OCC-2609YP02367690","2422","Ville-Marie","Travaux","Permis émis","2026-09-06T20:00:00Z","2026-10-12T19:59:59Z","Égouts et aqueducs - Excavation","De Champlain entre Sainte-Rose et De Maisonneuve","Entrepreneur sous contrat avec la Ville de Montréal","Les Entreprises Michaudville","t","t","t","t","t","t","t","t","t","t","t","t","t","t",,,,,,,,,,,,,,,"2026-09-05T00:02:06Z",-73.5530013544878,45.52183386229133
"6a873c758d981b0012f5f3db","OCC-2609GH02321590","2602","Villeray-Saint-Michel-Parc-Extension","Travaux","Permis émis","2026-09-07T20:00:00Z","2026-10-09T19:59:59Z","Autre","De Chateaubriand entre Liège et Crémazie","Entrepreneur sous contrat avec la Ville de Montréal","Les Pavages Céka","t","f","t","f","t","f","t","f","t","f","t","f","f","f","09:00","17:00","07:00","19:00","07:00","19:00","07:00","19:00","07:00","19:00","07:00","19:00",,,"2026-09-05T00:02:06Z",-73.63473322447254,45.54823537168992
"6a57bd6a45ae010012f2e496","OCC-2609ZR02428432",,"Villeray-Saint-Michel-Parc-Extension","Travaux","Permis émis","2026-09-11T20:00:00Z","2026-09-12T19:59:59Z","Déménagement","Pie-IX entre Jean-Rivard et Pie-IX",,,"f","f","f","f","f","f","f","f","f","f","t","f","f","f","09:00","15:00",,,,,,,,,,,,,"2026-09-05T00:02:06Z",-73.60915225759626,45.5745079073346
"6a6a33e703484400126435a0","OCC-2609AY02327331","26005","St-Laurent","Travaux","Permis émis","2026-09-06T20:00:00Z","2026-10-02T19:59:59Z","Trottoirs - Construction","Ernest-Hemingway entre Amelia-Earhart et Cavendish","Entrepreneur sous contrat avec la Ville de Montréal","Ramcor Construction inc","t","t","t","t","t","t","t","t","t","t","t","t","t","t",,,,,,,,,,,,,,,"2026-09-05T00:02:06Z",-73.71502986314495,45.50874457218968
"6a4c06c434772f0012a88fd7","OCC-2607AS05043926",,"Ville-Marie","Travaux","Permis émis","2026-05-01T20:00:00Z","2026-09-30T19:59:59Z","Construction/rénovation sans excavation","René-Lévesque entre Saint-Christophe et Saint-André","Entreprise","St-Denis Thompson","t","t","t","t","t","t","t","t","t","t","t","t","t","t",,,,,,,,,,,,,,,"2026-07-08T00:01:54Z",-73.55622125727183,45.51520936981203
"6a8c40818d981b0012f632c1","OCC-2609LM02305711",,"Villeray-Saint-Michel-Parc-Extension","Travaux","Permis émis","2026-09-08T20:00:00Z","2026-09-18T19:59:59Z","Construction/rénovation sans excavation","Henri-Julien entre Villeray et Gounod",,,"t","t","t","t","t","t","t","t","t","t","t","t","t","t",,,,,,,,,,,,,,,"2026-09-05T00:02:06Z",-73.62614523583937,45.54026091990912
"6a8c48888d88dc00127cd7ad","OCC-2609OG02475137","2023110","Le Sud-Ouest","Travaux","Permis émis","2026-05-30T20:00:00Z","2026-12-18T18:59:59Z","Construction/rénovation avec excavation","Wellington entre Wellington et Wellington","Entrepreneur sous contrat avec la Ville de Montréal","Constructions ConCreate ltée.","t","t","t","t","t","t","t","t","t","t","t","t","t","t",,,,,,,,,,,,,,,"2026-09-05T00:02:06Z",-73.55840408747231,45.48248040176306
"6a1efff7ef86e200124ca406","OCC-2606UO01510270","503001","Ville-Marie","Travaux","Permis émis","2026-06-02T20:00:00Z","2026-11-15T18:59:59Z","Construction/rénovation sans excavation","Montagne entre René-Lévesque et Sainte-Catherine","Entrepreneur sous contrat avec la Ville de Montréal","Roxboro Excavation Inc.","t","t","t","t","t","t","t","t","t","t","t","t","t","t",,,,,,,,,,,,,,,"2026-06-04T00:01:47Z",-73.57470306994435,45.49768536424245
"6a9041108d981b0012f6c1b4","OCC-2609XE02224327",,"Le Plateau-Mont-Royal","Travaux","Permis émis","2026-09-09T20:00:00Z","2026-09-11T19:59:59Z","S-1 Infrastructure souterraine existante","Saint-Laurent entre Mont-Royal et Villeneuve","RTU (Réseau technique urbain) ou son sous-traitant
","Telecon","t","f","t","f","t","f","t","f","t","f","f","f","f","f",,,"07:00","16:00","07:00","16:00","07:00","16:00","07:00","16:00","07:00","16:00",,,"2026-09-05T00:02:06Z",-73.58663394861986,45.5198652079978
"6a8613108d88dc00127c775e","OCC-2608MK17096557",,"Le Sud-Ouest","Travaux","Permis émis","2026-08-21T20:00:00Z","2026-09-30T19:59:59Z","Construction/rénovation sans excavation","Bassins entre Richmond et Basin","Entreprise","Omnia Technologies inc.","t","t","t","t","t","t","t","t","t","t","t","t","t","t",,,,,,,,,,,,,,,"2026-08-22T00:01:56Z",-73.56559123309873,45.48722375348117
"6a90e71c8d88dc00127d8b85","OCC-2609EJ02429400",,"St-Laurent","Travaux","Permis émis","2026-09-07T20:00:00Z","2026-09-15T19:59:59Z","Construction/rénovation sans excavation","Ruelle",,,"t","t","t","t","t","t","t","t","t","t","t","t","t","t",,,,,,,,,,,,,,,"2026-09-05T00:02:06Z",-73.67592984925163,45.50806951889295
"69cc23a8ca06ac00124a51c9","OCC-2604ZS01560979","445710","Villeray-Saint-Michel-Parc-Extension","Travaux","Permis émis","2026-04-01T20:00:00Z","2026-10-01T19:59:59Z","Construction/rénovation sans excavation","Saint-Denis entre Jean-Talon et De Castelnau","Entrepreneur sous contrat avec la Ville de Montréal","Les Entreprises Michaudville","t","t","t","t","t","t","t","t","t","t","t","t","t","t",,,,,,,,,,,,,,,"2026-04-04T00:01:46Z",-73.61700056414718,45.53903785935948
"69c152145f40ae0012c0d84f","OCC-2604OW01477823",,"Saint-Léonard","Travaux","Permis émis","2026-04-19T20:00:00Z","2027-11-30T18:59:59Z","Autre","Pascal-Gagnon entre Métropolitain et Champ-d'Eau","Organisation publique ou son sous-traitant","COFFREX INC.","t","t","t","t","t","t","t","t","t","t","t","t","t","t",,,,,,,,,,,,,,,"2026-04-04T00:01:46Z",-73.57375031630983,45.59753142142669
"6a919b4b8d88dc00127d9826","OCC-2609HM02157195",,"Ville-Marie","Travaux","Permis émis","2026-09-09T20:00:00Z","2026-09-15T19:59:59Z","Construction/rénovation sans excavation","Notre-Dame-de-Lourdes entre De La Gauchetière et René-Lévesque","Entreprise","Construction Savco","t","f","t","f","t","f","t","f","t","f","f","f","f","f",,,"07:00","17:00","07:00","17:00","07:00","17:00","07:00","17:00","07:00","17:00",,,"2026-09-05T00:02:06Z",-73.55679146351758,45.51246416462613
"6a96ecf65cde020012e4a139","OCC-2609NU02220282",,"Villeray-Saint-Michel-Parc-Extension","Travaux","Permis émis","2026-09-07T20:00:00Z","2026-09-10T19:59:59Z","Entretien","24e entre Crémazie et Jarry","RTU (Réseau technique urbain) ou son sous-traitant
","Ali Excavation","t","t","t","t","t","t","t","t","t","t","f","f","f","f",,,,,,,,,,,,,,,"2026-09-05T00:02:06Z",-73.59947889524503,45.5715505869622
"6a96f4505cde020012e4a3f3","OCC-2609TY02169894",,"Le Plateau-Mont-Royal","Travaux","Permis émis","2026-09-08T20:00:00Z","2026-09-18T19:59:59Z","Trottoirs - Construction","Masson entre Chabot et Bordeaux","Ville de Montréal",,"t","t","t","t","t","t","t","t","t","t","f","f","f","f",,,,,,,,,,,,,,,"2026-09-05T00:02:06Z",-73.58252122367934,45.53885081805361
"6a9700145cde020012e4a6a5","OCC-2609VA02169837",,"Ville-Marie","Travaux","Permis émis","2026-09-07T20:00:00Z","2026-09-21T19:59:59Z","Trottoirs - Construction","Trafalgar-Heights entre Trafalgar-Heights et Belvedere Circle","Ville de Montréal",,"t","t","t","t","t","t","t","t","t","t","t","t","t","t",,,,,,,,,,,,,,,"2026-09-05T00:02:06Z",-73.60000116573615,45.49338495298072
"6a985e1d5cde020012e4d3ba","OCC-2609JR02217969","26004","St-Laurent","Travaux","Permis émis","2026-09-02T20:00:00Z","2026-10-30T19:59:59Z","Égouts et aqueducs - Excavation","Decelles entre Alexis-Nihon et Alexis-Nihon","Entrepreneur sous contrat avec la Ville de Montréal","Excavation Gricon","t","t","t","t","t","t","t","t","t","t","t","t","t","t",,,,,,,,,,,,,,,"2026-09-05T00:02:06Z",-73.69098208073677,45.5051271925321
"6a98611cfa7b4d00129eeda2","OCC-2609RA02321965","26002","St-Laurent","Travaux","Permis émis","2026-09-02T20:00:00Z","2026-09-18T19:59:59Z","Trottoirs - Construction","Hébert entre Côte-de-Liesse et Grou","Entrepreneur sous contrat avec la Ville de Montréal","PAVAGES MULTIPRO INC.","t","t","t","t","t","t","t","t","t","t","t","t","t","t",,,,,,,,,,,,,,,"2026-09-05T00:02:06Z",-73.66222428941226,45.51041407423091
"6a9862fa5cde020012e4d544","OCC-2609IS02322454","26002","St-Laurent","Travaux","Permis émis","2026-09-02T20:00:00Z","2026-09-18T19:59:59Z","Trottoirs - Construction","Liesse entre Côte-Vertu et Saint-François","Entrepreneur sous contrat avec la Ville de Montréal","PAVAGES MULTIPRO INC.","t","t","t","t","t","t","t","t","t","t","t","t","t","t",,,,,,,,,,,,,,,"2026-09-05T00:02:06Z",-73.72019760992107,45.48542605512236
"6a9863cf5cde020012e4d58e","OCC-2609RC02323100","26002","St-Laurent","Travaux","Permis émis","2026-09-02T20:00:00Z","2026-09-18T19:59:59Z","Trottoirs - Construction","Morin entre Ouimet et Décarie","Entrepreneur sous contrat avec la Ville de Montréal","PAVAGES MULTIPRO INC.","t","t","t","t","t","t","t","t","t","t","t","t","t","t",,,,,,,,,,,,,,,"2026-09-05T00:02:06Z",-73.67934383224747,45.51299143497988
"6a9865405cde020012e4d61f","OCC-2609PR02323759","26002","St-Laurent","Travaux","Permis émis","2026-09-02T20:00:00Z","2026-09-18T19:59:59Z","Trottoirs - Construction","Côte-de-Liesse entre Côte-de-Liesse et Barr","Entrepreneur sous contrat avec la Ville de Montréal","PAVAGES MULTIPRO INC.","t","f","t","f","t","f","t","f","t","f","t","f","t","f","09:00","16:00","07:00","15:00","07:00","15:00","07:00","15:00","07:00","15:00","07:00","15:00","09:00","16:00","2026-09-05T00:02:06Z",-73.69008624169297,45.48657531860448
"6a9866215cde020012e4d669","OCC-2609QF02324226","26002","St-Laurent","Travaux","Permis émis","2026-09-02T20:00:00Z","2026-09-18T19:59:59Z","Trottoirs - Construction","Rochon entre Latour et Raimbault","Entrepreneur sous contrat avec la Ville de Montréal","PAVAGES MULTIPRO INC.","t","t","t","t","t","t","t","t","t","t","t","t","t","t",,,,,,,,,,,,,,,"2026-09-05T00:02:06Z",-73.67507500752033,45.52315185390507
"6a9866cb5cde020012e4d6d8","OCC-2609MG02328241","26002","St-Laurent","Travaux","Permis émis","2026-09-02T20:00:00Z","2026-09-18T19:59:59Z","Trottoirs - Construction","Marc-Blain entre Cohen et Levy","Entrepreneur sous contrat avec la Ville de Montréal","PAVAGES MULTIPRO INC.","t","t","t","t","t","t","t","t","t","t","t","t","t","t",,,,,,,,,,,,,,,"2026-09-05T00:02:06Z",-73.73098495499048,45.4927680961471
"6a986848fa7b4d00129ef000","OCC-2609NK02207059",,"Ahuntsic-Cartierville","Travaux","Permis émis","2026-09-07T20:00:00Z","2026-09-10T19:59:59Z","Égouts et aqueducs - Excavation","Arthur-Lismer entre Bois-de-Boulogne et Acadie","Ville de Montréal",,"t","t","t","t","t","t","t","t","t","t","f","f","f","f",,,,,,,,,,,,,,,"2026-09-05T00:02:06Z",-73.66880473815839,45.53616082167926
"6a98696b5cde020012e4d793","OCC-2609YJ02208034",,"Ahuntsic-Cartierville","Travaux","Permis émis","2026-09-07T20:00:00Z","2026-09-10T19:59:59Z","Égouts et aqueducs - Excavation","Arthur-Lismer entre Bois-de-Boulogne et Acadie","Ville de Montréal",,"t","t","t","t","t","t","t","t","t","t","f","f","f","f",,,,,,,,,,,,,,,"2026-09-05T00:02:06Z",-73.66879161935573,45.535598286869046
"6a9869ddfa7b4d00129ef068","OCC-2609NO02421013","26001","Ville-Marie","Travaux","Permis émis","2026-09-08T20:00:00Z","2026-09-18T19:59:59Z","Égouts et aqueducs - Excavation","Fullum entre La Fontaine et Lalonde","Entrepreneur sous contrat avec la Ville de Montréal","Demix construction","t","t","t","t","t","t","t","t","t","t","t","t","t","t",,,,,,,,,,,,,,,"2026-09-05T00:02:06Z",-73.5532557882965,45.52959076524397
"6a986b935cde020012e4d846","OCC-2609IF02238840","2314","Rosemont-La Petite-Patrie","Travaux","Permis émis","2026-09-02T20:00:00Z","2026-09-18T19:59:59Z","Construction/rénovation avec excavation","Sherbrooke entre De Léry et Préfontaine","Entrepreneur sous contrat avec la Ville de Montréal","Eurovia Québec Grands Projets","t","t","t","t","t","t","t","t","t","t","t","t","t","t",,,,,,,,,,,,,,,"2026-09-05T00:02:06Z",-73.55811230701218,45.54211328763929
"6a986bea5cde020012e4d86d","OCC-2609LW02209077",,"Ahuntsic-Cartierville","Travaux","Permis émis","2026-09-07T20:00:00Z","2026-09-10T19:59:59Z","Égouts et aqueducs - Excavation","René-Bauset entre Léon-Ledieu et François-Audet","Ville de Montréal",,"t","t","t","t","t","t","t","t","t","t","f","f","f","f",,,,,,,,,,,,,,,"2026-09-05T00:02:06Z",-73.6694239975082,45.53865557573305
"6a9b06cd34692700122ffd3f","OCC-2609QN03245423",,"Le Plateau-Mont-Royal","Travaux","Permis émis","2026-08-20T20:00:00Z","2026-09-14T19:59:59Z","Autre","Marie-Anne entre Bordeaux et De Lorimier","Entreprise","SEI DRAIN ET PAYSAGEMENT INC.","t","f","t","f","t","f","t","f","t","f","f","f","f","f",,,"07:00","17:00","07:00","17:00","07:00","17:00","07:00","17:00","07:00","17:00",,,"2026-09-06T00:02:08Z",-73.57058897601773,45.53358146652008
"6a9b063c34692700122ffd1b","OCC-2609IN03247061",,"Côte-des-Neiges-Notre-Dame-de-Grâce","Travaux","Permis émis","2026-09-06T20:00:00Z","2026-09-26T19:59:59Z","S-3 Infrastructure souterraine majeure - Massifs et conduits","Côte-Saint-Luc entre Walkley et Rosedale","RTU (Réseau technique urbain) ou son sous-traitant
","Environnement Routier NRJ Inc.","t","t","t","t","t","t","t","t","t","t","t","t","t","t",,,,,,,,,,,,,,,"2026-09-06T00:02:08Z",-73.65022036485536,45.46906987019592
"6a9b0b1334692700122ffe7c","OCC-2609QV03250891","1778629","Le Sud-Ouest","Travaux","Permis émis","2026-09-08T20:00:00Z","2026-10-02T19:59:59Z","Trottoirs - Construction","Knox entre Hibernia et Pacific","Entrepreneur sous contrat avec la Ville de Montréal","Les Entreprises Michaudville","t","t","t","t","t","t","t","t","t","t","t","t","t","t",,,,,,,,,,,,,,,"2026-09-06T00:02:08Z",-73.56304799146396,45.478637983174245
"6a9b108eb102770012655983","OCC-2609ZL03266702",,"Le Sud-Ouest","Travaux","Permis émis","2026-09-07T20:00:00Z","2026-09-11T19:59:59Z","Construction/rénovation sans excavation","Vinet entre Fauteux et Notre-Dame","Entreprise","Fortis Construction","t","f","t","f","t","f","t","f","t","f","f","f","f","f",,,"05:00","17:00","05:00","17:00","05:00","17:00","05:00","17:00","05:00","17:00",,,"2026-09-06T00:02:08Z",-73.57411694680785,45.48317828720461
"6a9b1578b102770012655a75","OCC-2609HD03312422",,"Le Sud-Ouest","Travaux","Permis émis","2026-09-07T20:00:00Z","2026-09-11T19:59:59Z","Construction/rénovation avec excavation","Couvent entre Saint-Antoine et De Richelieu","Entreprise","CS Construction","t","t","t","t","t","t","t","t","t","t","f","f","f","f",,,,,,,,,,,,,,,"2026-09-06T00:02:08Z",-73.58794378706828,45.47975166767408
"6a84739c8d88dc00127c4236","OCC-2608LP15322807","212605","Le Sud-Ouest","Travaux","Permis émis","2026-08-25T20:00:00Z","2026-10-23T19:59:59Z","Trottoirs - Construction","Châteauguay entre Laprairie et Ropery","Entrepreneur sous contrat avec la Ville de Montréal","COJALAC INC.","t","t","t","t","t","t","t","t","t","t","t","t","t","t",,,,,,,,,,,,,,,"2026-09-06T00:02:08Z",-73.56572668964843,45.47960716861674
"6a986de1fa7b4d00129ef23c","OCC-2609WY02210848",,"Ahuntsic-Cartierville","Travaux","Permis émis","2026-09-07T20:00:00Z","2026-09-10T19:59:59Z","Égouts et aqueducs - Excavation","Gouin entre De Salaberry et Poincaré","Ville de Montréal",,"t","t","t","t","t","t","t","t","t","t","f","f","f","f",,,,,,,,,,,,,,,"2026-09-05T00:02:06Z",-73.69296657514286,45.546082471637725
"6a986ea4fa7b4d00129ef2a2","OCC-2609RB02248001","407210","Ahuntsic-Cartierville","Travaux","Permis émis","2026-09-08T20:00:00Z","2026-09-18T19:59:59Z","Feux de signalisation - Ajout/réparation","De Salaberry entre Acadie et Frigon","Entrepreneur sous contrat avec la Ville de Montréal","Demix construction","t","f","t","f","t","f","t","f","t","f","f","f","f","f",,,"09:30","15:00","09:30","15:00","09:30","15:00","09:30","15:00","09:30","15:00",,,"2026-09-05T00:02:06Z",-73.69589059246113,45.54052842851694
"6a9876f8fa7b4d00129ef623","OCC-2609AC02473987",,"Mercier-Hochelaga-Maisonneuve","Travaux","Permis émis","2026-09-03T20:00:00Z","2026-10-12T19:59:59Z","S-3 Infrastructure souterraine majeure - Puits d'accès","Saint-Clément entre Bénard et Rouen","CSEM (Commission des services électriques de Montréal) ou son sous-traitant
","Construction N.R.C. Inc","t","t","t","t","t","t","t","t","t","t","t","t","t","t",,,,,,,,,,,,,,,"2026-09-05T00:02:06Z",-73.53881653604036,45.560137849379416
"6a987a61fa7b4d00129ef6c0","OCC-2609JV02223247",,"Villeray-Saint-Michel-Parc-Extension","Travaux","Permis émis","2026-09-08T20:00:00Z","2026-09-16T19:59:59Z","Construction/rénovation sans excavation","8e entre Deville et Robert","Entreprise","Toitures Trois Étoiles","t","t","t","t","t","t","t","t","t","t","t","t","t","t",,,,,,,,,,,,,,,"2026-09-05T00:02:06Z",-73.61986437177032,45.56561468090552
"6a9882a75cde020012e4e001","OCC-2609OY02146322",,"Verdun","Travaux","Permis émis","2026-09-03T20:00:00Z","2026-09-10T19:59:59Z","Construction/rénovation sans excavation","Orée-du-Bois entre Orée-du-Bois et Orée-du-Bois","Entreprise","Services paysagers Dominique Filion","t","f","t","f","t","f","t","f","t","f","f","f","f","f",,,"07:00","17:00","07:00","17:00","07:00","17:00","07:00","17:00","07:00","17:00",,,"2026-09-05T00:02:06Z",-73.55258545184496,45.45101210995012
"6a9883175cde020012e4e01b","OCC-2609DP02219004","1778629","Le Sud-Ouest","Travaux","Permis émis","2026-09-08T20:00:00Z","2026-10-02T19:59:59Z","Trottoirs - Construction","Coleraine entre Hibernia et Charlevoix","Entrepreneur sous contrat avec la Ville de Montréal","Les Entreprises Michaudville","t","t","t","t","t","t","t","t","t","t","t","t","t","t",,,,,,,,,,,,,,,"2026-09-05T00:02:06Z",-73.56292359144473,45.476459090244624
"6a9884255cde020012e4e03e","OCC-2609JC02425543",,"Côte-des-Neiges-Notre-Dame-de-Grâce","Travaux","Permis émis","2026-09-07T20:00:00Z","2026-09-10T19:59:59Z","Égouts et aqueducs - Inspection et nettoyage","Côte-des-Neiges entre Dupuis et Côte-Sainte-Catherine","Ville de Montréal",,"t","f","t","f","t","f","t","f","t","f","f","f","f","f",,,"07:00","15:00","07:00","15:00","07:00","15:00","07:00","15:00","07:00","15:00",,,"2026-09-05T00:02:06Z",-73.62636422789294,45.49822011629916
"6a9995d65cde020012e4f9fc","OCC-2609HQ02295043",,"Le Sud-Ouest","Travaux","Permis émis","2026-09-04T20:00:00Z","2026-09-11T19:59:59Z","Autre","Inspecteur entre Saint-Paul et Saint-Maurice","Organisation publique ou son sous-traitant","Tisseur Inc.","t","t","t","t","t","t","t","t","t","t","t","t","t","t",,,,,,,,,,,,,,,"2026-09-05T00:02:06Z",-73.5613277617282,45.49679532927912
"6a9996a8fa7b4d00129f1c39","OCC-2609YD02429530","405720","Le Sud-Ouest","Travaux","Permis émis","2026-09-07T20:00:00Z","2026-09-13T19:59:59Z","Autre","Murray entre Ottawa et William","Entrepreneur sous contrat avec la Ville de Montréal","Les Excavations Super Inc.","t","t","t","t","t","t","t","t","t","t","t","t","t","t",,,,,,,,,,,,,,,"2026-09-05T00:02:06Z",-73.56125167489134,45.493414293849376
"6a9997d85cde020012e4fab3","OCC-2609WZ02300767",,"Le Sud-Ouest","Travaux","Permis émis","2026-05-08T20:00:00Z","2026-12-06T18:59:59Z","Construction/rénovation avec excavation","Laprairie entre Saint-Charles et Augustin-Cantin","Organisation publique ou son sous-traitant","HABITATION LAPRAIRIE","t","t","t","t","t","t","t","t","t","t","t","t","t","t",,,,,,,,,,,,,,,"2026-09-05T00:02:06Z",-73.56674296520194,45.48147485900491
"6a9998665cde020012e4faef","OCC-2609VL02301387",,"Le Sud-Ouest","Travaux","Permis émis","2026-04-09T20:00:00Z","2026-12-06T18:59:59Z","Construction/rénovation avec excavation","Laprairie entre Centre et Saint-Charles","Organisation publique ou son sous-traitant","HABITATION LAPRAIRIE","t","t","t","t","t","t","t","t","t","t","t","t","t","t",,,,,,,,,,,,,,,"2026-09-05T00:02:06Z",-73.56626202322794,45.48108821113711
"6a9998a4fa7b4d00129f1d24","OCC-2609EA02302310",,"Le Sud-Ouest","Travaux","Permis émis","2026-01-06T19:00:00Z","2026-12-06T18:59:59Z","Construction/rénovation avec excavation","Centre entre Island et Laprairie","Organisation publique ou son sous-traitant","HABITATION LAPRAIRIE","t","t","t","t","t","t","t","t","t","t","t","t","t","t",,,,,,,,,,,,,,,"2026-09-05T00:02:06Z",-73.56538226903469,45.48094910483203
"6a999b94fa7b4d00129f1dd1","OCC-2609UA02374737",,"Mercier-Hochelaga-Maisonneuve","Travaux","Permis émis","2026-09-03T20:00:00Z","2026-09-26T19:59:59Z","Construction/rénovation avec excavation","Dickson entre Boileau et Marseille","Organisation publique ou son sous-traitant","Hydro-Québec","t","t","t","t","t","t","t","t","t","t","t","t","t","t",,,,,,,,,,,,,,,"2026-09-05T00:02:06Z",-73.54371954900144,45.5718056194261
"6a999c2a5cde020012e4fc4e","OCC-2609AZ02310830",,"Ville-Marie","Travaux","Permis émis","2026-09-06T20:00:00Z","2026-09-30T19:59:59Z","Réseaux routier - Réfection et travaux corrélatifs","Atateken entre Robin et Robin","Ville de Montréal",,"t","f","t","f","t","f","t","f","t","f","t","f","t","f","09:30","14:30","09:30","14:30","09:30","14:30","09:30","14:30","09:30","14:30","09:30","14:30","09:30","14:30","2026-09-05T00:02:06Z",-73.5608121710357,45.519133086180254
"6a999c2c5cde020012e4fc65","OCC-2609SI02376064",,"Mercier-Hochelaga-Maisonneuve","Travaux","Permis émis","2026-09-03T20:00:00Z","2026-09-26T19:59:59Z","Construction/rénovation avec excavation","Dickson entre Chauveau et Sherbrooke","Organisation publique ou son sous-traitant","Hydro-Québec","t","t","t","t","t","t","t","t","t","t","t","t","t","t",,,,,,,,,,,,,,,"2026-09-05T00:02:06Z",-73.54732780035204,45.57291196378387
"6a91e3c28d88dc00127dafdb","OCC-2609VI02380978",,"Le Plateau-Mont-Royal","Travaux","Permis émis","2026-09-10T20:00:00Z","2026-09-11T19:59:59Z","Construction/rénovation sans excavation","De Bullion entre Sherbrooke et Prince-Arthur","Entreprise","MONSIEUR CALFEUTRAGE RIVE-SUD INC.","t","f","t","f","t","f","t","f","t","f","f","f","f","f",,,"07:00","17:00","07:00","17:00","07:00","17:00","07:00","17:00","07:00","17:00",,,"2026-09-05T00:02:06Z",-73.57013816971885,45.5146565149411
"6a99a2565cde020012e4fe08","OCC-2609KV02326907",,"Rosemont-La Petite-Patrie","Travaux","Permis émis","2026-08-26T20:00:00Z","2026-09-25T19:59:59Z","Autre","Ruelle","Entreprise","Béton Fondation Plus","t","f","t","f","t","f","t","f","t","f","f","f","f","f",,,"07:00","17:00","07:00","17:00","07:00","17:00","07:00","17:00","07:00","17:00",,,"2026-09-05T00:02:06Z",-73.57802972759085,45.54738716531831
"6a99a2cb5cde020012e4fe68","OCC-2609TB02352719",,"Ahuntsic-Cartierville","Travaux","Permis émis","2026-09-07T20:00:00Z","2026-09-11T19:59:59Z","Autre","Saint-Laurent entre Sauvé et Sauriol","Entreprise","LM SODARO INC.","t","f","t","f","t","f","t","f","t","f","f","f","f","f",,,"07:00","16:00","07:00","16:00","07:00","16:00","07:00","16:00","07:00","16:00",,,"2026-09-05T00:02:06Z",-73.66022122956188,45.54715434985468
"6a99a3e3fa7b4d00129f20cc","OCC-2609NP02418726",,"Mercier-Hochelaga-Maisonneuve","Travaux","Permis émis","2026-09-04T20:00:00Z","2026-10-10T19:59:59Z","Construction/rénovation avec excavation","Émile-Legrand entre Pierre-De Coubertin et Marseille","Organisation publique ou son sous-traitant","Hydro-Québec","t","t","t","t","t","t","t","t","t","t","t","t","t","t",,,,,,,,,,,,,,,"2026-09-05T00:02:06Z",-73.53619274196647,45.58580282771988
"6a99a4a0fa7b4d00129f20d0","OCC-2609ZY02333310","504201","Ahuntsic-Cartierville","Travaux","Permis émis","2026-08-29T20:00:00Z","2026-09-11T19:59:59Z","Construction/rénovation avec excavation","Gouin entre Saint-Laurent et Saint-Urbain","Entrepreneur sous contrat avec la Ville de Montréal","Duroking Construction","t","t","t","t","t","t","t","t","t","t","t","t","t","t",,,,,,,,,,,,,,,"2026-09-05T00:02:06Z",-73.67496004435479,45.55097995433477
"6a99a779fa7b4d00129f2191","OCC-2609SI02376173",,"Ahuntsic-Cartierville","Travaux","Permis émis","2026-09-09T20:00:00Z","2026-09-10T19:59:59Z","Entretien","Saint-Michel entre Port-Royal et Sauvé","RTU (Réseau technique urbain) ou son sous-traitant
","Hydro-Québec-Entrave courte durée","t","f","t","f","t","f","t","f","t","f","f","f","f","f",,,"16:00","19:00","16:00","19:00","16:00","19:00","16:00","19:00","16:00","19:00",,,"2026-09-05T00:02:06Z",-73.63735607454208,45.57622950928212
"6a997a605cde020012e4ee2f","OCC-2609UD02343729",,"Le Plateau-Mont-Royal","Travaux","Permis émis","2026-09-09T20:00:00Z","2026-09-10T19:59:59Z","Construction/rénovation sans excavation","Garnier entre Latreille et Mont-Royal","Entreprise","Les Entreprises Cam Construction inc","t","f","t","f","t","f","t","f","t","f","f","f","f","f",,,"07:00","16:00","07:00","16:00","07:00","16:00","07:00","16:00","07:00","16:00",,,"2026-09-05T00:02:06Z",-73.57588192559957,45.53061322611536
"6a99acf25cde020012e500f5","OCC-2609BJ02460733","871652","LaSalle","Travaux","Permis émis","2026-09-04T20:00:00Z","2026-10-09T19:59:59Z","Égouts et aqueducs - Excavation","Broadway entre 5e et 7e","Entrepreneur sous contrat avec la Ville de Montréal","Eurovia Québec Construction","t","t","t","t","t","t","t","t","t","t","t","t","t","t",,,,,,,,,,,,,,,"2026-09-05T00:02:06Z",-73.60140763513002,45.43092711865046
"6a99aeeafa7b4d00129f2375","OCC-2609KO02366303","524105","Lachine","Travaux","Permis émis","2026-06-21T20:00:00Z","2026-09-18T19:59:59Z","Égouts et aqueducs - Réhabilitation","55e entre Victoria et 55e","Entrepreneur sous contrat avec la Ville de Montréal","Services d'infrastructures Vortex","t","t","t","t","t","t","t","t","t","t","t","t","t","t",,,,,,,,,,,,,,,"2026-09-05T00:02:06Z",-73.71941766249545,45.44543555257182
"6a99b6bcfa7b4d00129f274b","OCC-2609BL02390355","2026001","Ahuntsic-Cartierville","Travaux","Permis émis","2026-09-03T20:00:00Z","2026-09-11T19:59:59Z","Égouts et aqueducs - Excavation","Henri-Bourassa entre Larose et J.-J.-Gagnier","Entrepreneur sous contrat avec la Ville de Montréal","Les Entreprises Michaudville","t","t","t","t","t","t","t","t","t","t","t","t","t","t",,,,,,,,,,,,,,,"2026-09-05T00:02:06Z",-73.65135046322537,45.58160822033672
"6a99b7e25cde020012e505ca","OCC-2609CA02396849",,"Ville-Marie","Travaux","Permis émis","2026-09-08T20:00:00Z","2026-09-10T19:59:59Z","Construction/rénovation sans excavation","Robert-Bourassa entre Belmont et René-Lévesque","Entreprise","Construction PCL Inc.","t","f","t","f","t","f","t","f","t","f","f","f","f","f",,,"05:00","14:00","05:00","14:00","05:00","14:00","05:00","14:00","05:00","14:00",,,"2026-09-05T00:02:06Z",-73.5667968086236,45.50131872774044
"6a99b8a0fa7b4d00129f2813","OCC-2609VW02389686","26005","Ville-Marie","Travaux","Permis émis","2026-09-03T20:00:00Z","2026-09-14T19:59:59Z","Trottoirs - Construction","Logan entre D'Iberville et Frontenac","Entrepreneur sous contrat avec la Ville de Montréal","COJALAC INC.","t","t","t","t","t","t","t","t","t","t","t","t","t","t",,,,,,,,,,,,,,,"2026-09-05T00:02:06Z",-73.5486785804529,45.5308988795494
"6a99b8a05cde020012e505f8","OCC-2609ZR02418003","26005","Ville-Marie","Travaux","Permis émis","2026-09-03T20:00:00Z","2026-09-14T19:59:59Z","Trottoirs - Construction","Poupart entre Ambroise-Casale et Cadot","Entrepreneur sous contrat avec la Ville de Montréal","COJALAC INC.","t","t","t","t","t","t","t","t","t","t","t","t","t","t",,,,,,,,,,,,,,,"2026-09-05T00:02:06Z",-73.54544953389332,45.52866212362709
"6a9ada6634692700122fef5a","OCC-2609SE03192059",,"Côte-des-Neiges-Notre-Dame-de-Grâce","Travaux","Permis émis","2026-09-10T20:00:00Z","2026-09-11T19:59:59Z","Autre","West Hill entre West Hill et Fielding","RTU (Réseau technique urbain) ou son sous-traitant
","Lanauco","t","f","t","f","t","f","t","f","t","f","f","f","f","f",,,"06:00","16:00","06:00","16:00","06:00","16:00","06:00","16:00","06:00","16:00",,,"2026-09-06T00:02:08Z",-73.63836180046859,45.470808164866085
"6a9adb9234692700122fefe5","OCC-2609MK03267121",,"Ville-Marie","Travaux","Permis émis","2026-09-09T20:00:00Z","2026-09-10T19:59:59Z","Construction/rénovation sans excavation","136 entre 720 et 720","Entreprise","CORPORATION MAISON LUCIEN-L'ALLIER, MONTRÉAL","t","f","t","f","t","f","t","f","t","f","f","f","f","f",,,"07:00","17:00","07:00","17:00","07:00","17:00","07:00","17:00","07:00","17:00",,,"2026-09-06T00:02:08Z",-73.57030102548342,45.49354517745583
"6a9add14b102770012654a57","OCC-2609CH03253241","505801","Mercier-Hochelaga-Maisonneuve","Travaux","Permis émis","2026-09-07T20:00:00Z","2026-09-11T19:59:59Z","Construction/rénovation avec excavation","Ontario entre Pie-IX et Desjardins","Entrepreneur sous contrat avec la Ville de Montréal","Pomerleau Inc.","t","t","t","t","t","t","t","t","t","t","f","f","f","f",,,,,,,,,,,,,,,"2026-09-06T00:02:08Z",-73.54111007516448,45.55050264364834
"6a9ade85b102770012654b19","OCC-2609IS03279814",,"Côte-des-Neiges-Notre-Dame-de-Grâce","Travaux","Permis émis","2026-09-08T20:00:00Z","2026-09-10T19:59:59Z","Autre","Northcliffe entre Notre-Dame-de-Grâce et Brillon","Entreprise","Clotures Des Patriotes","t","f","t","f","t","f","t","f","t","f","f","f","f","f",,,"08:00","14:00","08:00","14:00","08:00","14:00","08:00","14:00","08:00","14:00",,,"2026-09-06T00:02:08Z",-73.61642446606142,45.47843605978992
"6a9ae32bb102770012654d62","OCC-2609TH03152898","1234","Anjou","Travaux","Permis émis","2026-09-07T20:00:00Z","2026-09-10T19:59:59Z","Construction/rénovation sans excavation","Louis-H.-La Fontaine entre Saint-Zotique et Roseraies","Entrepreneur sous contrat avec la Ville de Montréal","Transelec Common Inc.","t","t","t","t","t","t","t","t","t","t","f","f","f","f",,,,,,,,,,,,,,,"2026-09-06T00:02:08Z",-73.55760880743884,45.60056627183563
"6a9ae60c34692700122ff3dd","OCC-2609DG03200058",,"Ville-Marie","Travaux","Permis émis","2026-09-09T20:00:00Z","2026-09-10T19:59:59Z","S-2 Infrastructure souterraine mineure ou équipement hors-sol - Réseaux électriques, télécommunications ou câbles des distributions ","Sherbrooke entre Victoria et McGill College","RTU (Réseau technique urbain) ou son sous-traitant
","Beanfield Metroconnect","t","f","t","f","t","f","t","f","t","f","f","f","f","f",,,"08:00","19:00","08:00","19:00","08:00","19:00","08:00","19:00","08:00","19:00",,,"2026-09-06T00:02:08Z",-73.5745119890881,45.50379864871271
"6a9ae6d3b102770012654e97","OCC-2609TZ03231727",,"Ville-Marie","Travaux","Permis émis","2026-09-07T20:00:00Z","2026-09-12T19:59:59Z","Autre","Sainte-Catherine entre Sanguinet et Saint-Denis","Organisation publique ou son sous-traitant","SDC Quartier latin","t","t","t","t","t","t","t","t","t","t","t","t","t","t",,,,,,,,,,,,,,,"2026-09-06T00:02:08Z",-73.56071984991699,45.51354598138485
"6a9aef1db1027700126550d0","OCC-2609XF03236415",,"Rosemont-La Petite-Patrie","Travaux","Permis émis","2026-09-07T20:00:00Z","2026-09-11T19:59:59Z","Construction/rénovation sans excavation","De La Roche entre Rosemont et Bellechasse","Entreprise","Construction J.G Lessard & Fils Inc.","t","t","t","t","t","t","t","t","t","t","f","f","f","f",,,,,,,,,,,,,,,"2026-09-06T00:02:08Z",-73.5964867304717,45.53659370595405
"6a9af052b10277001265511e","OCC-2609UQ03220801",,"Le Plateau-Mont-Royal","Travaux","Permis émis","2026-09-03T20:00:00Z","2026-10-31T19:59:59Z","Entretien","Coloniale entre Sherbrooke et Lavers","RTU (Réseau technique urbain) ou son sous-traitant
","Hydro-Québec-Entrave courte durée","t","t","t","t","t","t","t","t","t","t","t","t","t","t",,,,,,,,,,,,,,,"2026-09-06T00:02:08Z",-73.57073645708522,45.51428128665549
"6a9af165b102770012655143","OCC-2609PE03234722",,"Ville-Marie","Travaux","Permis émis","2026-09-04T20:00:00Z","2026-10-02T19:59:59Z","S-3 Infrastructure souterraine majeure - Puits d'accès","Lincoln entre Saint-Marc et Chomedey","CSEM (Commission des services électriques de Montréal) ou son sous-traitant
","CMS Entrepreneurs Généraux Inc.","t","t","t","t","t","t","t","t","t","t","t","t","t","t",,,,,,,,,,,,,,,"2026-09-06T00:02:08Z",-73.58374980042349,45.4931008346272
"6a9af28b34692700122ff6cc","OCC-2609RH03191563","2226","Côte-des-Neiges-Notre-Dame-de-Grâce","Travaux","Permis émis","2026-09-09T20:00:00Z","2026-09-10T19:59:59Z","Trottoirs - Construction","Saint-Jacques entre Cavendish et Saint-Jacques","Entrepreneur sous contrat avec la Ville de Montréal","Excavations Darche inc.","t","f","t","f","t","f","t","f","t","f","f","f","f","f",,,"09:00","16:00","09:00","16:00","09:00","16:00","09:00","16:00","09:00","16:00",,,"2026-09-06T00:02:08Z",-73.62510328709438,45.46111048712925
"6a98330bfa7b4d00129ee013","OCC-2609XJ03036266",,"Ville-Marie","Travaux","Permis émis","2026-09-11T20:00:00Z","2026-09-13T19:59:59Z","Construction/rénovation sans excavation","Saint-Jacques entre Gauvin et Robert-Bourassa","Entreprise","Maçonnerie Rainville et Frères","f","f","f","f","f","f","f","f","f","f","t","t","t","t",,,,,,,,,,,,,,,"2026-09-06T00:02:08Z",-73.56146730044632,45.50030935390529
"6a88b14a8d88dc00127cc49c","OCC-2609BR03129240",,"Le Plateau-Mont-Royal","Travaux","Permis émis","2026-09-11T20:00:00Z","2026-09-12T19:59:59Z","Entretien","Parthenais entre Sherbrooke et Rachel","RTU (Réseau technique urbain) ou son sous-traitant
","Hydro-Québec-Entrave courte durée","f","f","f","f","f","f","f","f","f","f","t","f","f","f","07:00","17:00",,,,,,,,,,,,,"2026-09-06T00:02:08Z",-73.56502805925487,45.53402588803669
"6a88b1f88d88dc00127cc4aa","OCC-2609NX03136642",,"Le Plateau-Mont-Royal","Travaux","Permis émis","2026-09-11T20:00:00Z","2026-09-12T19:59:59Z","Entretien","Érables entre Sherbrooke et Gauthier","RTU (Réseau technique urbain) ou son sous-traitant
","Hydro-Québec-Entrave courte durée","f","f","f","f","f","f","f","f","f","f","t","f","f","f","07:00","17:00",,,,,,,,,,,,,"2026-09-06T00:02:08Z",-73.56460076612079,45.5323705248456
"6a9844f6fa7b4d00129ee67d","OCC-2609BM03144217",,"Montréal-Nord","Travaux","Permis émis","2026-09-09T20:00:00Z","2026-09-11T19:59:59Z","Autre","Racette entre Henri-Bourassa et Gare",,,"t","t","t","t","t","t","t","t","t","t","f","f","f","f",,,,,,,,,,,,,,,"2026-09-06T00:02:08Z",-73.63149636747777,45.60471119894093
"68b70124640f320012840747","OCC-2609HB03060494",,"Ville-Marie","Travaux","Permis émis","2026-09-07T20:00:00Z","2026-09-11T19:59:59Z","Construction/rénovation sans excavation","Jeanne-Mance entre Viger et De La Gauchetière","Entreprise","MAÇONNERIE S.D.L. INC.","t","t","t","t","t","t","t","t","t","t","f","f","f","f",,,,,,,,,,,,,,,"2026-09-06T00:02:08Z",-73.56159893552085,45.505097114945606
"6a985df1fa7b4d00129eecbc","OCC-2609EV03033226",,"Rosemont-La Petite-Patrie","Travaux","Permis émis","2026-09-07T20:00:00Z","2026-09-11T19:59:59Z","Construction/rénovation sans excavation","André-Laurendeau entre Rachel et William-Tremblay","Entreprise","Couvreur GP inc","t","f","t","f","t","f","t","f","t","f","f","f","f","f",,,"07:00","12:00","07:00","12:00","07:00","12:00","07:00","12:00","07:00","12:00",,,"2026-09-06T00:02:08Z",-73.56328075496045,45.54316062800528
"69caace21b9d4a00123b5a22","OCC-2603HZ25733690",,"Verdun","Travaux","Permis émis","2026-03-30T20:00:00Z","2026-10-30T19:59:59Z","Construction/rénovation avec excavation","Poudrière entre Henri-Duhamel et Henri-Duhamel","Entreprise","Les Constructions Lalonde & Bélisle Inc.","t","t","t","t","t","t","t","t","t","t","t","t","t","t",,,,,,,,,,,,,,,"2026-04-01T00:01:47Z",-73.56837046849478,45.472424372907525
"69b80eae3bccc0001399d0e9","OCC-2603LN25530592",,"Lachine","Travaux","Permis émis","2026-03-30T20:00:00Z","2026-11-30T18:59:59Z","Réseaux routier - Réfection et travaux corrélatifs","Ruelle","Organisation publique ou son sous-traitant","Construction Demathieu & Bard (CDB) inc.","t","t","t","t","t","t","t","t","t","t","t","t","t","t",,,,,,,,,,,,,,,"2026-04-01T00:01:47Z",-73.70973759671658,45.47174296815032
"69b811accdfabb0012a85bb7","OCC-2603VE25531136",,"Lachine","Travaux","Permis émis","2026-03-30T20:00:00Z","2026-11-30T18:59:59Z","Réseaux routier - Réfection et travaux corrélatifs","Ruelle","Organisation publique ou son sous-traitant","Construction Demathieu & Bard (CDB) inc.","t","t","t","t","t","t","t","t","t","t","t","t","t","t",,,,,,,,,,,,,,,"2026-04-01T00:01:47Z",-73.70896499212584,45.47236600015625
"68cb038a8f7d590012d69e45","OCC-2509VO15120709",,"Ville-Marie","Travaux","Permis émis","2025-11-24T19:00:00Z","2026-11-24T18:59:59Z","Construction/rénovation sans excavation","Cathédrale entre Saint-Jacques et Saint-Antoine","Organisation publique ou son sous-traitant","Service public et approvisionnement  Canada","t","t","t","t","t","t","t","t","t","t","t","t","t","t",,,,,,,,,,,,,,,"2025-09-20T00:02:10Z",-73.5658338298498,45.49712131294234
"68cb05f5a9e0000012ae1cfe","OCC-2509VO15121995",,"Ville-Marie","Travaux","Permis émis","2025-11-24T19:00:00Z","2026-11-24T18:59:59Z","Construction/rénovation sans excavation","Peel entre Saint-Jacques et Saint-Antoine","Organisation publique ou son sous-traitant","Service public et approvisionnement  Canada","t","t","t","t","t","t","t","t","t","t","t","t","t","t",,,,,,,,,,,,,,,"2025-09-20T00:02:10Z",-73.56561529965956,45.49669906238488
"69c6a4b7ca06ac001249fb75","OCC-2603SA25507190","317601","Rivière-des-Prairies-Pointe-aux-Trembles","Travaux","Permis émis","2026-04-01T20:00:00Z","2026-10-02T19:59:59Z","Construction/rénovation avec excavation","Saint-Jean-Baptiste entre René-Lévesque et De Montigny","Entrepreneur sous contrat avec la Ville de Montréal","Duroking Construction","t","t","t","t","t","t","t","t","t","t","t","t","t","t",,,,,,,,,,,,,,,"2026-04-01T00:01:47Z",-73.50253788164,45.64190915230435
"69c6a64f1b9d4a00123b2bfa","OCC-2603MA25507718","317601","Rivière-des-Prairies-Pointe-aux-Trembles","Travaux","Permis émis","2026-04-01T20:00:00Z","2026-10-02T19:59:59Z","Construction/rénovation avec excavation","Tricentenaire entre René-Lévesque et Joseph-Dargent","Entrepreneur sous contrat avec la Ville de Montréal","Duroking Construction","t","t","t","t","t","t","t","t","t","t","t","t","t","t",,,,,,,,,,,,,,,"2026-04-01T00:01:47Z",-73.49791504837015,45.65070998500028
"69c6a97cca06ac001249fd3d","OCC-2603RT25508474","317601","Rivière-des-Prairies-Pointe-aux-Trembles","Travaux","Permis émis","2026-04-01T20:00:00Z","2026-10-02T19:59:59Z","Construction/rénovation avec excavation","Ruelle","Entrepreneur sous contrat avec la Ville de Montréal","Duroking Construction","t","t","t","t","t","t","t","t","t","t","t","t","t","t",,,,,,,,,,,,,,,"2026-04-01T00:01:47Z",-73.48828948956366,45.64996861810821
"69c6ad4c1b9d4a00123b2e7e","OCC-2603UT25510286","317601","Rivière-des-Prairies-Pointe-aux-Trembles","Travaux","Permis émis","2026-04-01T20:00:00Z","2026-10-02T19:59:59Z","Construction/rénovation avec excavation","Ruelle","Entrepreneur sous contrat avec la Ville de Montréal","Duroking Construction","t","t","t","t","t","t","t","t","t","t","t","t","t","t",,,,,,,,,,,,,,,"2026-04-01T00:01:47Z",-73.48349092052912,45.70039066704318
"69c6aed91b9d4a00123b2eb6","OCC-2603GV25511121","317601","Rivière-des-Prairies-Pointe-aux-Trembles","Travaux","Permis émis","2026-04-01T20:00:00Z","2026-10-02T19:59:59Z","Construction/rénovation avec excavation","Saint-Jean-Baptiste entre Notre-Dame et Prince-Albert","Entrepreneur sous contrat avec la Ville de Montréal","Duroking Construction","t","t","t","t","t","t","t","t","t","t","t","t","t","t",,,,,,,,,,,,,,,"2026-04-01T00:01:47Z",-73.49213327681728,45.64014465163044
"69c6b01e1b9d4a00123b2ee9","OCC-2603ZH25512246","317601","Rivière-des-Prairies-Pointe-aux-Trembles","Travaux","Permis émis","2026-04-01T20:00:00Z","2026-10-02T19:59:59Z","Construction/rénovation avec excavation","Notre-Dame entre Saint-Jean-Baptiste et 13e","Entrepreneur sous contrat avec la Ville de Montréal","Duroking Construction","t","t","t","t","t","t","t","t","t","t","t","t","t","t",,,,,,,,,,,,,,,"2026-04-01T00:01:47Z",-73.49016320949568,45.64099245271685
"6a1ede96f588d70012156804","OCC-2606TO01417768","1774097","Outremont","Travaux","Permis émis","2026-06-21T20:00:00Z","2027-01-27T18:59:59Z","Construction/rénovation avec excavation","Parc Pratt","Entrepreneur sous contrat avec la Ville de Montréal","Urbex Construction INC","t","t","t","t","t","t","t","t","t","t","t","t","t","t",,,,,,,,,,,,,,,"2026-06-04T00:01:47Z",-73.61746803067727,45.51371416226517
"6a99cb205cde020012e50c9d","OCC-2609SR02482275",,"Mercier-Hochelaga-Maisonneuve","Travaux","Permis émis","2026-09-09T20:00:00Z","2026-09-10T19:59:59Z","Entretien","Meese entre Notre-Dame et Dubuisson","RTU (Réseau technique urbain) ou son sous-traitant
","Hydro-Québec-Entrave courte durée","t","f","t","f","t","f","t","f","t","f","f","f","f","f",,,"13:00","16:00","13:00","16:00","13:00","16:00","13:00","16:00","13:00","16:00",,,"2026-09-05T00:02:06Z",-73.51278501463452,45.607455012251805
"6a47e50b816ebc0012d42283","OCC-2607GB04746642",,"Saint-Léonard","Travaux","Permis émis","2025-09-30T20:00:00Z","2028-01-31T18:59:59Z","Autre","Provencher entre Jean-Talon et Buies","Organisation publique ou son sous-traitant","Société de transports de Montréal (STM) Prolongement de la ligne bleue","t","t","t","t","t","t","t","t","t","t","t","t","t","t",,,,,,,,,,,,,,,"2026-07-08T00:01:54Z",-73.58778607527965,45.5711502657128
"6a99ce3b5cde020012e50da5","OCC-2609BF02510201",,"Rosemont-La Petite-Patrie","Travaux","Permis émis","2026-09-08T20:00:00Z","2026-09-10T19:59:59Z","Construction/rénovation avec excavation","26e entre Bellechasse et Beaubien",,,"t","f","t","f","t","f","t","f","t","f","f","f","f","f",,,"08:00","17:00","08:00","17:00","08:00","17:00","08:00","17:00","08:00","17:00",,,"2026-09-05T00:02:06Z",-73.57682094840476,45.564693275653376
"6a99d9c95cde020012e50f81","OCC-2609LR02468810",,"Le Sud-Ouest","Travaux","Permis émis","2026-09-08T20:00:00Z","2026-09-10T19:59:59Z","Autre","Atwater entre Atwater et Atwater","Organisation publique ou son sous-traitant","Groupe Signature sur le Saint-Laurent s.e.n.c.","t","f","t","f","t","f","t","f","t","f","f","f","f","f",,,"22:00","02:00","22:00","02:00","22:00","02:00","22:00","02:00","22:00","02:00",,,"2026-09-05T00:02:06Z",-73.57300932290384,45.47479954926559
"6a1759f5f588d7001214cd9d","OCC-2606XD01526404","445710","Villeray-Saint-Michel-Parc-Extension","Travaux","Permis émis","2026-06-01T20:00:00Z","2026-10-01T19:59:59Z","Construction/rénovation avec excavation","Lajeunesse entre Jean-Talon et De Castelnau","Entrepreneur sous contrat avec la Ville de Montréal","Les Entreprises Michaudville","t","t","t","t","t","t","t","t","t","t","t","t","t","t",,,,,,,,,,,,,,,"2026-06-04T00:01:47Z",-73.6162672062304,45.54052000545357
"69cc1cd21b9d4a00123b8441","OCC-2603LE26612689",,"Villeray-Saint-Michel-Parc-Extension","Travaux","Permis émis","2026-04-16T20:00:00Z","2029-01-08T18:59:59Z","Autre","Saint-Michel entre Shaughnessy et Everett","Organisation publique ou son sous-traitant","Société de transports de Montréal (STM) Prolongement de la ligne bleue","t","t","t","t","t","t","t","t","t","t","t","t","t","t",,,,,,,,,,,,,,,"2026-04-02T00:01:54Z",-73.60029518215973,45.55933750090222
"6a6a2779cec631001263c3e6","OCC-2609LA02325118","26005","St-Laurent","Travaux","Permis émis","2026-09-06T20:00:00Z","2026-09-25T19:59:59Z","Trottoirs - Construction","Houde entre Côte-de-Liesse et Trudeau","Entrepreneur sous contrat avec la Ville de Montréal","Ramcor Construction inc","t","t","t","t","t","t","t","t","t","t","t","t","t","t",,,,,,,,,,,,,,,"2026-09-05T00:02:06Z",-73.66031120270137,45.514480541262685
"6a79e0568d88dc00127b4680","OCC-2609GH02164504",,"Anjou","Travaux","Permis émis","2026-09-11T20:00:00Z","2026-09-13T19:59:59Z","S-3 Infrastructure souterraine majeure - Réseaux de gaz","Jean-Talon entre Halles et Halles","RTU (Réseau technique urbain) ou son sous-traitant
","Marathon Division Gaz","f","f","f","f","f","f","f","f","f","f","t","f","t","f","07:00","19:00",,,,,,,,,,,"07:00","19:00","2026-09-05T00:02:06Z",-73.57040007673018,45.59743543007698
"6a79e23f8d981b0012f4ae25","OCC-2609YS02164827",,"Anjou","Travaux","Permis émis","2026-09-11T20:00:00Z","2026-09-13T19:59:59Z","S-3 Infrastructure souterraine majeure - Réseaux de gaz","Halles entre Bélanger et Jean-Talon","RTU (Réseau technique urbain) ou son sous-traitant
","Marathon Division Gaz","f","f","f","f","f","f","f","f","f","f","t","f","t","f","07:00","19:00",,,,,,,,,,,"07:00","19:00","2026-09-05T00:02:06Z",-73.56972279816239,45.597203758976384
"6a79e3458d88dc00127b4778","OCC-2609NK02165158",,"Anjou","Travaux","Permis émis","2026-09-06T20:00:00Z","2026-09-18T19:59:59Z","S-3 Infrastructure souterraine majeure - Réseaux de gaz","Halles entre Bélanger et Jean-Talon","RTU (Réseau technique urbain) ou son sous-traitant
","Marathon Division Gaz","t","f","t","f","t","f","t","f","t","f","t","f","t","f","07:00","19:00","07:00","19:00","07:00","19:00","07:00","19:00","07:00","19:00","07:00","19:00","07:00","19:00","2026-09-05T00:02:06Z",-73.56882612369603,45.59705233127694
"69cd5b38ca06ac00124a7298","OCC-2604FG00645395","503001","Ville-Marie","Travaux","Permis émis","2026-03-29T20:00:00Z","2026-10-31T19:59:59Z","Construction/rénovation sans excavation","Mackay entre De Maisonneuve et Sherbrooke","Entrepreneur sous contrat avec la Ville de Montréal","Roxboro Excavation Inc.","t","t","t","t","t","t","t","t","t","t","t","t","t","t",,,,,,,,,,,,,,,"2026-04-03T00:01:37Z",-73.58049894193692,45.497501470052
"69cd5def1b9d4a00123ba8cc","OCC-2604MS00679450","1257976001","Ville-Marie","Travaux","Permis émis","2026-03-31T20:00:00Z","2026-12-25T18:59:59Z","Puits d'accès - Construction/réparation","Peel entre René-Lévesque et Cypress","Entrepreneur sous contrat avec la Ville de Montréal","Pomerleau","t","f","t","f","t","f","t","f","t","f","f","f","f","f",,,"05:00","17:00","05:00","17:00","05:00","17:00","05:00","17:00","05:00","17:00",,,"2026-04-03T00:01:37Z",-73.57075167619027,45.49891678472629
"6a1f00d9f588d70012157611","OCC-2606LY01568269",,"Mercier-Hochelaga-Maisonneuve","Travaux","Permis émis","2026-06-02T20:00:00Z","2026-11-02T18:59:59Z","Entretien","John-Easton-Mills entre Dézéry et Winnipeg","Ville de Montréal",,"t","t","t","t","t","t","t","t","t","t","t","t","t","t",,,,,,,,,,,,,,,"2026-06-04T00:01:47Z",-73.54012388816757,45.53893705819877
"6a1f02cbef86e200124ca4fd","OCC-2606AT01570087",,"Mercier-Hochelaga-Maisonneuve","Travaux","Permis émis","2026-06-02T20:00:00Z","2026-11-02T18:59:59Z","Entretien","Charles-Wilson entre Cuvillier et Joliette","Ville de Montréal",,"t","t","t","t","t","t","t","t","t","t","t","t","t","t",,,,,,,,,,,,,,,"2026-06-04T00:01:47Z",-73.53763261786378,45.5419823432984
"6a8f0ca28d981b0012f69a8f","OCC-2609PS02232927",,"Le Plateau-Mont-Royal","Travaux","Permis émis","2026-09-09T20:00:00Z","2026-09-10T19:59:59Z","Entretien","D'Iberville entre Marie-Anne et Mont-Royal","RTU (Réseau technique urbain) ou son sous-traitant
","Hydro-Québec-Entrave courte durée","t","f","t","f","t","f","t","f","t","f","f","f","f","f",,,"09:30","15:00","09:30","15:00","09:30","15:00","09:30","15:00","09:30","15:00",,,"2026-09-05T00:02:06Z",-73.56821336508435,45.538873523792375
"6a9183ec8d981b0012f6e368","OCC-2609TB02420483",,"Le Plateau-Mont-Royal","Travaux","Permis émis","2026-09-08T20:00:00Z","2026-09-14T19:59:59Z","Construction/rénovation sans excavation","Marquette entre La Mennais et Gilford",,,"t","t","t","t","t","t","t","t","t","t","t","t","t","t",,,,,,,,,,,,,,,"2026-09-05T00:02:06Z",-73.57854869857431,45.53365459217906
"6a9199978d88dc00127d979d","OCC-2609BK02229246","26005","Ville-Marie","Travaux","Permis émis","2026-09-09T20:00:00Z","2026-09-18T19:59:59Z","Trottoirs - Construction","De Maisonneuve entre Metcalfe et Peel","Entrepreneur sous contrat avec la Ville de Montréal","COJALAC INC.","t","t","t","t","t","t","t","t","t","t","t","t","t","t",,,,,,,,,,,,,,,"2026-09-05T00:02:06Z",-73.57435078871127,45.50134958667908
"69ceb903ca06ac00124aa125","OCC-2604NO01604354",,"Le Sud-Ouest","Travaux","Permis émis","2026-03-31T20:00:00Z","2026-10-31T19:59:59Z","Construction/rénovation sans excavation","Notre-Dame entre Rose-de-Lima et Bourget","Entreprise","3145824 CANADA INC.","t","t","t","t","t","t","t","t","t","t","t","t","t","t",,,,,,,,,,,,,,,"2026-04-04T00:01:46Z",-73.58082928850823,45.479762991980685
"6a1f071cef86e200124ca5c6","OCC-2606DT01570542",,"Mercier-Hochelaga-Maisonneuve","Travaux","Permis émis","2026-06-02T20:00:00Z","2026-11-02T18:59:59Z","Entretien","Aldis-Bernard entre Desjardins et De La Salle","Ville de Montréal",,"t","t","t","t","t","t","t","t","t","t","t","t","t","t",,,,,,,,,,,,,,,"2026-06-04T00:01:47Z",-73.53361761309135,45.548956207521215
"69ceb9e01b9d4a00123bd291","OCC-2604LA01606790",,"Le Sud-Ouest","Travaux","Permis émis","2026-03-31T20:00:00Z","2026-10-31T19:59:59Z","Construction/rénovation sans excavation","Parc du Bonheur-D'occasion","Entreprise","3145824 CANADA INC.","t","t","t","t","t","t","t","t","t","t","t","t","t","t",,,,,,,,,,,,,,,"2026-04-04T00:01:46Z",-73.58076325126275,45.479969493106864
"6a1f09faf588d70012157854","OCC-2606MY01573149",,"Mercier-Hochelaga-Maisonneuve","Travaux","Permis émis","2026-06-02T20:00:00Z","2026-11-02T18:59:59Z","Entretien","John-Abbott entre William-David et Bennett","Ville de Montréal",,"t","t","t","t","t","t","t","t","t","t","t","t","t","t",,,,,,,,,,,,,,,"2026-06-04T00:01:47Z",-73.53121472547545,45.5525975907633
"6a9584d88d981b0012f7143d","OCC-2609KQ02229252",,"Ville-Marie","Travaux","Permis émis","2026-09-07T20:00:00Z","2026-10-02T19:59:59Z","Construction/rénovation sans excavation","Stanley entre De Maisonneuve et Sherbrooke","Entreprise","Mon Calfeutreur inc.","t","t","t","t","t","t","t","t","t","t","t","t","t","t",,,,,,,,,,,,,,,"2026-09-05T00:02:06Z",-73.57610398791367,45.50057531839426
"6a9598918d981b0012f719e0","OCC-2609CR02398532",,"Ville-Marie","Travaux","Permis émis","2026-09-07T20:00:00Z","2026-09-11T19:59:59Z","Réseaux routier - Réfection et travaux corrélatifs","Alexandre-DeSève entre De Maisonneuve et Logan","Ville de Montréal",,"t","t","t","t","t","t","t","t","t","t","f","f","f","f",,,,,,,,,,,,,,,"2026-09-05T00:02:06Z",-73.5560149106439,45.52227433240312
"6a1f0adfef86e200124ca77b","OCC-2606BD01585446",,"Mercier-Hochelaga-Maisonneuve","Travaux","Permis émis","2026-06-02T20:00:00Z","2026-11-02T18:59:59Z","Entretien","Fernand-Rinfret entre Théodore et Leclaire","Ville de Montréal",,"t","t","t","t","t","t","t","t","t","t","t","t","t","t",,,,,,,,,,,,,,,"2026-06-04T00:01:47Z",-73.52937896047231,45.55536297114591
"6a1f0afcef86e200124ca78c","OCC-2606MG01476119","503001","Ville-Marie","Travaux","Permis émis","2026-05-29T20:00:00Z","2026-11-15T18:59:59Z","Construction/rénovation avec excavation","Crescent entre René-Lévesque et De Maisonneuve","Entrepreneur sous contrat avec la Ville de Montréal","Roxboro Excavation Inc.","t","t","t","t","t","t","t","t","t","t","t","t","t","t",,,,,,,,,,,,,,,"2026-06-04T00:01:47Z",-73.57519925232344,45.49707286042838
"6a988845fa7b4d00129efb75","OCC-2609IC02192784","523901","Anjou","Travaux","Permis émis","2026-09-03T20:00:00Z","2026-09-10T19:59:59Z","Autre","Galeries-d'Anjou entre Bélanger et Jean-Talon","Entrepreneur sous contrat avec la Ville de Montréal","Laurin Laurin (Bell, VL, EC, HQ)","t","t","t","t","t","t","t","t","t","t","t","t","t","t",,,,,,,,,,,,,,,"2026-09-05T00:02:06Z",-73.56572970694447,45.59804457000086
"6a9ff7a23469270012300e3b","OCC-2609YG06509475",,"Rivière-des-Prairies-Pointe-aux-Trembles","Travaux","Permis émis","2026-09-09T20:00:00Z","2026-09-10T19:59:59Z","Entretien","Rita-Levi-Montalcini entre Rosario-Bayeur et Samuel-Morse","RTU (Réseau technique urbain) ou son sous-traitant
","Hydro-Québec-Entrave courte durée","t","f","t","f","t","f","t","f","t","f","f","f","f","f",,,"08:00","12:00","08:00","12:00","08:00","12:00","08:00","12:00","08:00","12:00",,,"2026-09-09T00:02:02Z",-73.58288255659542,45.64113190065458
"6a989c9a5cde020012e4e258","OCC-2609BS02202940",,"Villeray-Saint-Michel-Parc-Extension","Travaux","Permis émis","2026-09-02T20:00:00Z","2026-09-11T19:59:59Z","Construction/rénovation sans excavation","Gary-Carter entre Saint-Laurent et Mile End","Entreprise","Solutions Dynamik inc.","t","f","t","f","t","f","t","f","t","f","f","f","f","f",,,"07:00","17:00","07:00","17:00","07:00","17:00","07:00","17:00","07:00","17:00",,,"2026-09-05T00:02:06Z",-73.6225866116158,45.5356529187269
"6a98a126fa7b4d00129f034b","OCC-2609LX02190184",,"Rosemont-La Petite-Patrie","Travaux","Permis émis","2026-09-02T20:00:00Z","2026-09-11T19:59:59Z","Construction/rénovation sans excavation","Boyer entre Bélanger et Jean-Talon","Entreprise","Maçonnerie SDP inc.","t","t","t","t","t","t","t","t","t","t","t","t","t","t",,,,,,,,,,,,,,,"2026-09-05T00:02:06Z",-73.61092677552723,45.54084114379592
"6a9947f7fa7b4d00129f0397","OCC-2609QV02255491",,"Villeray-Saint-Michel-Parc-Extension","Travaux","Permis émis","2026-08-11T20:00:00Z","2026-09-21T19:59:59Z","Construction/rénovation avec excavation","Papineau entre Jean-Talon et Everett","Organisation publique ou son sous-traitant","MGB Associés Inc.","t","t","t","t","t","t","t","t","t","t","t","t","t","t",,,,,,,,,,,,,,,"2026-09-05T00:02:06Z",-73.60766449808726,45.54783753574812
"6a9b1d563469270012300365","OCC-2609DG03296867",,"Ville-Marie","Travaux","Permis émis","2026-09-08T20:00:00Z","2026-09-11T19:59:59Z","Construction/rénovation avec excavation","Bonsecours entre Saint-Louis et Saint-Denis","Entreprise","CLOBRACON CONSTRUCTION INC.","t","t","t","t","t","t","t","t","t","t","f","t","f","t",,,,,,,,,,,,,,,"2026-09-06T00:02:08Z",-73.55420785295496,45.51090230186177
"6a9b2e86b102770012655e0f","OCC-2609IO03342109",,"Ville-Marie","Travaux","Permis émis","2026-08-31T20:00:00Z","2026-09-11T19:59:59Z","Construction/rénovation sans excavation","Saint-Laurent entre Le Royer et Notre-Dame",,,"t","t","t","t","t","t","t","t","t","t","f","f","f","f",,,,,,,,,,,,,,,"2026-09-06T00:02:08Z",-73.555143202529,45.50596194081376
"6a95c9008d981b0012f72933","OCC-2609VE03307190","524201","Le Plateau-Mont-Royal","Travaux","Permis émis","2026-09-09T20:00:00Z","2026-09-11T19:59:59Z","Autre","Fabre entre Marie-Anne et Mont-Royal","Entrepreneur sous contrat avec la Ville de Montréal","Les Pavages Céka","t","f","t","f","t","f","t","f","t","f","f","f","f","f",,,"07:00","19:00","07:00","19:00","07:00","19:00","07:00","19:00","07:00","19:00",,,"2026-09-06T00:02:08Z",-73.57472308086315,45.53097362145744
"6a95d73a8d88dc00127de185","OCC-2609VX03088985","524201","Le Plateau-Mont-Royal","Travaux","Permis émis","2026-09-07T20:00:00Z","2026-09-18T19:59:59Z","Autre","De Bullion entre Prince-Arthur et Pins","Entrepreneur sous contrat avec la Ville de Montréal","Les Pavages Céka","t","f","t","f","t","f","t","f","t","f","t","f","f","f","08:00","17:00","07:00","19:00","07:00","19:00","07:00","19:00","07:00","19:00","07:00","19:00",,,"2026-09-06T00:02:08Z",-73.57266585616306,45.515841124848265
"6a8c9d998d981b0012f65281","OCC-2609YX03241862",,"Ville-Marie","Travaux","Permis émis","2026-09-12T20:00:00Z","2026-09-13T19:59:59Z","Autre","Saint-Laurent entre Juliette-Béliveau et Marché","Entreprise","Académie canadienne du cinéma et de la télévision - Section Québec","f","f","f","f","f","f","f","f","f","f","f","f","t","f",,,,,,,,,,,,,"16:00","21:00","2026-09-06T00:02:08Z",-73.56229907175603,45.50910667200273
"6a8f30a38d981b0012f6a6ce","OCC-2609JR03182866",,"Ville-Marie","Travaux","Permis émis","2026-09-09T20:00:00Z","2026-09-18T19:59:59Z","Égouts et aqueducs - Excavation","Saint-Norbert entre Saint-Dominique et De Bullion","Ville de Montréal",,"t","t","t","t","t","t","t","t","t","t","t","t","t","t",,,,,,,,,,,,,,,"2026-09-06T00:02:08Z",-73.56775419504773,45.51331650259574
"6a91a0438d981b0012f6ec25","OCC-2609YV00581138","464510","Le Plateau-Mont-Royal","Travaux","Permis émis","2026-09-07T20:00:00Z","2026-09-10T19:59:59Z","Égouts et aqueducs - Excavation","Rachel entre Parc-La Fontaine et Chambord","Entrepreneur sous contrat avec la Ville de Montréal","Les Entreprises Michaudville","t","f","t","f","t","f","t","f","t","f","f","f","f","f",,,"07:00","17:00","07:00","17:00","07:00","17:00","07:00","17:00","07:00","17:00",,,"2026-09-06T00:02:08Z",-73.57304089355826,45.527026052710376
"6a91ef328d88dc00127db143","OCC-2609TG03123485",,"Mercier-Hochelaga-Maisonneuve","Travaux","Permis émis","2026-09-07T20:00:00Z","2026-09-11T19:59:59Z","S-2 Infrastructure souterraine mineure ou équipement hors-sol - Réseaux de gaz ","Sainte-Catherine entre Joliette et De Chambly","RTU (Réseau technique urbain) ou son sous-traitant
","Énergir","t","f","t","f","t","f","t","f","t","f","f","f","f","f",,,"09:00","15:00","09:00","15:00","09:00","15:00","09:00","15:00","09:00","15:00",,,"2026-09-06T00:02:08Z",-73.53858444038161,45.54341647486262
"6a95c3808d981b0012f7261f","OCC-2609RV03211962",,"Villeray-Saint-Michel-Parc-Extension","Travaux","Permis émis","2026-09-07T20:00:00Z","2026-09-10T19:59:59Z","Égouts et aqueducs - Inspection et nettoyage","De Chateaubriand entre Leman et Liège","Ville de Montréal",,"t","f","t","f","t","f","t","f","t","f","f","f","f","f",,,"08:00","15:00","08:00","15:00","08:00","15:00","08:00","15:00","08:00","15:00",,,"2026-09-06T00:02:08Z",-73.63305598917779,45.54766357499335
"6a9ac0ceb102770012654122","OCC-2609OD03154655",,"Côte-des-Neiges-Notre-Dame-de-Grâce","Travaux","Permis émis","2026-09-08T20:00:00Z","2026-09-10T19:59:59Z","Déménagement","Paré entre Victoria et Mountain Sights",,,"t","t","t","t","t","t","t","t","t","t","f","f","f","f",,,,,,,,,,,,,,,"2026-09-06T00:02:08Z",-73.65235021123793,45.49860743711451
"6a9ac19234692700122fe7bb","OCC-2609JR03131527",,"Ville-Marie","Travaux","Permis émis","2026-09-04T20:00:00Z","2026-09-11T19:59:59Z","Construction/rénovation sans excavation","Saint-Laurent entre Saint-Norbert et Sherbrooke","Entreprise","Trochaines","f","f","f","f","f","f","f","f","f","f","t","t","t","t",,,,,,,,,,,,,,,"2026-09-06T00:02:08Z",-73.56884454962787,45.51231749152058
"6a9ac8b9b102770012654426","OCC-2609FM03080773",,"Ville-Marie","Travaux","Permis émis","2026-08-02T20:00:00Z","2026-09-11T19:59:59Z","Construction/rénovation sans excavation","Pins entre Aylmer et Pins","Entreprise","Construction PCL Inc.","t","t","t","t","t","t","t","t","t","t","f","f","f","f",,,,,,,,,,,,,,,"2026-09-06T00:02:08Z",-73.57977306777013,45.50903754391336
"6a9ac93434692700122feb5b","OCC-2609AY03200850",,"Le Plateau-Mont-Royal","Travaux","Permis émis","2026-09-10T20:00:00Z","2026-09-11T19:59:59Z","Construction/rénovation sans excavation","Parc entre Bérubé et Villeneuve","Entreprise","Les Entreprises Cam Construction inc","t","f","t","f","t","f","t","f","t","f","f","f","f","f",,,"07:00","15:30","07:00","15:30","07:00","15:30","07:00","15:30","07:00","15:30",,,"2026-09-06T00:02:08Z",-73.59106525311313,45.51762277453496
"6a9ac9c8b10277001265447e","OCC-2609ET03195704",,"Le Plateau-Mont-Royal","Travaux","Permis émis","2026-09-07T20:00:00Z","2026-10-12T19:59:59Z","Construction/rénovation sans excavation","Clark entre Mont-Royal et Villeneuve","Entreprise","9045-5130 Québec Inc.","t","t","t","t","t","t","t","t","t","t","t","t","t","t",,,,,,,,,,,,,,,"2026-09-06T00:02:08Z",-73.58717885526875,45.51977088477384
"6a9acb55b1027700126544d2","OCC-2609IS03198721",,"Le Plateau-Mont-Royal","Travaux","Permis émis","2026-09-09T20:00:00Z","2026-10-12T19:59:59Z","Construction/rénovation sans excavation","Ruelle","Entreprise","9045-5130 Québec Inc.","t","t","t","t","t","t","t","t","t","t","t","t","t","t",,,,,,,,,,,,,,,"2026-09-06T00:02:08Z",-73.58715595390868,45.51999386949281
"6a9acc84b102770012654521","OCC-2609SH03097912",,"Côte-des-Neiges-Notre-Dame-de-Grâce","Travaux","Permis émis","2026-08-02T20:00:00Z","2026-09-11T19:59:59Z","Construction/rénovation sans excavation","Bates entre Wilderton et Darlington","Entreprise","Les entreprises QMD inc.","t","f","t","f","t","f","t","f","t","f","f","f","f","f",,,"06:00","18:00","06:00","18:00","06:00","18:00","06:00","18:00","06:00","18:00",,,"2026-09-06T00:02:08Z",-73.6317911902488,45.51288425119842
"6a9acf80b10277001265459d","OCC-2609EI03158231",,"Le Plateau-Mont-Royal","Travaux","Permis émis","2026-09-07T20:00:00Z","2026-09-29T19:59:59Z","Construction/rénovation sans excavation","De La Roche entre Généreux et Gilford","Entreprise","Maçonnerie Gratton","t","t","t","t","t","t","t","t","t","t","t","t","t","t",,,,,,,,,,,,,,,"2026-09-06T00:02:08Z",-73.5808496953895,45.529744692696944
"6a9acfd134692700122fed37","OCC-2609RD03151683",,"Ahuntsic-Cartierville","Travaux","Permis émis","2026-09-07T20:00:00Z","2026-09-10T19:59:59Z","Entretien","Port-Royal entre Meunier et Port-Royal","RTU (Réseau technique urbain) ou son sous-traitant
","Hydro-Québec-Entrave courte durée","t","f","t","f","t","f","t","f","t","f","f","f","f","f",,,"08:00","16:00","08:00","16:00","08:00","16:00","08:00","16:00","08:00","16:00",,,"2026-09-06T00:02:08Z",-73.66047441420594,45.54066390574401
"6a9ac68034692700122fe9ff","OCC-2609XY03217542",,"Ville-Marie","Travaux","Permis émis","2026-09-08T20:00:00Z","2026-09-18T19:59:59Z","Construction/rénovation sans excavation","Concorde entre Burke et Président-Kennedy","Entreprise","Construction Crevier Mancini Leeswood Inc.","t","t","t","t","t","t","t","t","t","t","t","t","t","t",,,,,,,,,,,,,,,"2026-09-06T00:02:08Z",-73.57041880485288,45.50743668711733
"6a9ad3d634692700122fee26","OCC-2609IR03138269","1778629","Le Sud-Ouest","Travaux","Permis émis","2026-09-08T20:00:00Z","2026-10-02T19:59:59Z","Réseaux routier - Réfection et travaux corrélatifs","Walker entre Saint-Jacques et Saint-Antoine","Entrepreneur sous contrat avec la Ville de Montréal","Les Entreprises Michaudville","t","t","t","t","t","t","t","t","t","t","t","t","t","t",,,,,,,,,,,,,,,"2026-09-06T00:02:08Z",-73.58107979395706,45.483364654211904
"6a9ad4a4b10277001265470b","OCC-2609EX03143300","1778629","Le Sud-Ouest","Travaux","Permis émis","2026-09-08T20:00:00Z","2026-10-02T19:59:59Z","Réseaux routier - Réfection et travaux corrélatifs","Walker entre Saint-Jacques et Saint-Antoine","Entrepreneur sous contrat avec la Ville de Montréal","Les Entreprises Michaudville","t","t","t","t","t","t","t","t","t","t","t","t","t","t",,,,,,,,,,,,,,,"2026-09-06T00:02:08Z",-73.58105278590418,45.48345163544398
"6a9ad4d3b1027700126547c5","OCC-2609NK03133285",,"Verdun","Travaux","Permis émis","2026-09-08T20:00:00Z","2026-09-15T19:59:59Z","Autre","Galt entre Claude et Bannantyne","Entreprise","Bisson Expert NE PLUS UTILISER","t","f","t","f","t","f","t","f","t","f","f","f","f","f",,,"07:00","16:00","07:00","16:00","07:00","16:00","07:00","16:00","07:00","16:00",,,"2026-09-06T00:02:08Z",-73.57447207725204,45.4622703000736
"6a9ad6f434692700122feec1","OCC-2609QS03209994",,"Mercier-Hochelaga-Maisonneuve","Travaux","Permis émis","2026-09-09T20:00:00Z","2026-09-11T19:59:59Z","Autre","Viau entre Sainte-Catherine et Adam","RTU (Réseau technique urbain) ou son sous-traitant
","Lanauco","t","f","t","f","t","f","t","f","t","f","f","f","f","f",,,"07:00","16:00","07:00","16:00","07:00","16:00","07:00","16:00","07:00","16:00",,,"2026-09-06T00:02:08Z",-73.53066324473846,45.55775555546086
"6a4e582134772f0012a8c462","OCC-2607XZ06554068",,"Ville-Marie","Travaux","Permis émis","2026-02-28T19:00:00Z","2026-12-18T18:59:59Z","Construction/rénovation sans excavation","Mackay entre René-Lévesque et Sainte-Catherine","Entreprise","Magil Construction est du Canada inc.","t","t","t","t","t","t","t","t","t","t","t","t","t","t",,,,,,,,,,,,,,,"2026-07-10T00:01:56Z",-73.57620447755397,45.49539281245981
"6a4e5965816ebc0012d49a5f","OCC-2607BH06556661",,"Ville-Marie","Travaux","Permis émis","2026-02-28T19:00:00Z","2026-12-18T18:59:59Z","Construction/rénovation sans excavation","Mackay entre René-Lévesque et Sainte-Catherine","Entreprise","Magil Construction est du Canada inc.","t","t","t","t","t","t","t","t","t","t","t","t","t","t",,,,,,,,,,,,,,,"2026-07-10T00:01:56Z",-73.57677972687787,45.49564671591131
"6aa010d434692700123016f8","OCC-2609SP06707363",,"Villeray-Saint-Michel-Parc-Extension","Travaux","Permis émis","2026-09-08T20:00:00Z","2026-09-10T19:59:59Z","Construction/rénovation avec excavation","Ruelle","Entreprise","Les entreprises QMD inc.","t","t","t","t","t","t","t","t","t","t","f","f","f","f",,,,,,,,,,,,,,,"2026-09-09T00:02:02Z",-73.60438977408155,45.56090733920352
"6aa012173469270012301771","OCC-2609CI07054694",,"Le Sud-Ouest","Travaux","Permis émis","2026-09-08T20:00:00Z","2026-09-10T19:59:59Z","Entretien","Wellington entre Shannon et Peel","Entreprise","BSF Lavage De Vitres Inc","t","f","t","f","t","f","t","f","t","f","f","f","f","f",,,"07:00","15:00","07:00","15:00","07:00","15:00","07:00","15:00","07:00","15:00",,,"2026-09-09T00:02:02Z",-73.55723507582869,45.49379986288391
"6aa011e5346927001230175f","OCC-2609OH06572724",,"Le Sud-Ouest","Travaux","Permis émis","2026-09-07T20:00:00Z","2026-09-12T19:59:59Z","Construction/rénovation sans excavation","Dublin entre Hall et Wellington","Entreprise","Construction Arti Inc.","t","t","t","t","t","t","t","t","t","t","t","t","t","t",,,,,,,,,,,,,,,"2026-09-09T00:02:02Z",-73.55882433065673,45.47699306205701
"6aa012b034692700123017a3","OCC-2609VB06602009",,"Le Plateau-Mont-Royal","Travaux","Permis émis","2026-09-10T20:00:00Z","2026-09-11T19:59:59Z","Entretien","Aylmer entre Sherbrooke et Milton","Entreprise","BSF Lavage De Vitres Inc","t","f","t","f","t","f","t","f","t","f","f","f","f","f",,,"07:00","15:00","07:00","15:00","07:00","15:00","07:00","15:00","07:00","15:00",,,"2026-09-09T00:02:02Z",-73.57290284807252,45.50645416481627
"6aa013a7b102770012657272","OCC-2609RY06671763",,"Le Plateau-Mont-Royal","Travaux","Permis émis","2026-09-10T20:00:00Z","2026-09-11T19:59:59Z","Entretien","Sherbrooke entre City Councillors et Aylmer","Entreprise","BSF Lavage De Vitres Inc","t","f","t","f","t","f","t","f","t","f","f","f","f","f",,,"09:30","16:00","09:30","16:00","09:30","16:00","09:30","16:00","09:30","16:00",,,"2026-09-09T00:02:02Z",-73.57257759964497,45.50643898686358
"6aa01440b102770012657294","OCC-2609NE06616174",,"Côte-des-Neiges-Notre-Dame-de-Grâce","Travaux","Permis émis","2026-09-10T20:00:00Z","2026-09-11T19:59:59Z","Entretien","Girouard entre Saint-Jacques et Upper-Lachine","RTU (Réseau technique urbain) ou son sous-traitant
","Hydro-Québec-Entrave courte durée","t","f","t","f","t","f","t","f","t","f","f","f","f","f",,,"08:00","15:00","08:00","15:00","08:00","15:00","08:00","15:00","08:00","15:00",,,"2026-09-09T00:02:02Z",-73.60503431742633,45.46946669081851
"6a79d8668d88dc00127b4404","OCC-2608CZ09065135","524104","Rosemont-La Petite-Patrie","Travaux","Permis émis","2026-08-10T20:00:00Z","2026-10-27T19:59:59Z","Autre","Beaubien entre Saint-André et Boyer","Entrepreneur sous contrat avec la Ville de Montréal","FER-PAL CONSTRUCTION LTD.","t","t","t","t","t","t","t","t","t","t","t","t","t","t",,,,,,,,,,,,,,,"2026-08-13T00:01:54Z",-73.6023771552394,45.53695918469103
"6a918e5c8d981b0012f6e6f2","OCC-2609XU06711846",,"St-Laurent","Travaux","Permis émis","2026-09-09T20:00:00Z","2026-09-18T19:59:59Z","S-2 Infrastructure souterraine mineure ou équipement hors-sol - Réseaux de gaz ","Alexis-Nihon entre Ward et Scott","RTU (Réseau technique urbain) ou son sous-traitant
","Marathon Division Gaz","t","f","t","f","t","f","t","f","t","f","f","f","f","f",,,"07:00","16:00","07:00","16:00","07:00","16:00","07:00","16:00","07:00","16:00",,,"2026-09-09T00:02:02Z",-73.67990770922154,45.49849304971357
"6aa015d6346927001230180d","OCC-2609XK06623477",,"Le Plateau-Mont-Royal","Travaux","Permis émis","2026-09-10T20:00:00Z","2026-09-11T19:59:59Z","Construction/rénovation sans excavation","Prince-Arthur entre Durocher et Aylmer","Entreprise","MARFOGLIA CONSTRUCTION INC.","t","f","t","f","t","f","t","f","t","f","f","f","f","f",,,"07:00","14:00","07:00","14:00","07:00","14:00","07:00","14:00","07:00","14:00",,,"2026-09-09T00:02:02Z",-73.5774266900639,45.50866391285426
"6aa018923469270012301863","OCC-2609HM06594885",,"Rosemont-La Petite-Patrie","Travaux","Permis émis","2026-09-10T20:00:00Z","2026-10-09T19:59:59Z","Construction/rénovation sans excavation","Beaubien entre 10e et Saint-Michel","Entreprise","HABITATIONS COMMUNAUTAIRES LOGGIA","t","t","t","t","t","t","t","t","t","t","t","t","t","t",,,,,,,,,,,,,,,"2026-09-09T00:02:02Z",-73.58659023410029,45.55483866147188
"6aa01afe3469270012301979","OCC-2609CN06568751",,"Le Plateau-Mont-Royal","Travaux","Permis émis","2026-09-10T20:00:00Z","2026-09-11T19:59:59Z","Toiture - Rénovation","Ruelle","Entreprise","René Perron Couvreurs","t","f","t","f","t","f","t","f","t","f","f","f","f","f",,,"07:00","18:00","07:00","18:00","07:00","18:00","07:00","18:00","07:00","18:00",,,"2026-09-09T00:02:02Z",-73.58291629265646,45.53506262025039
"6aa01b13346927001230198f","OCC-2609OR06588964",,"Le Plateau-Mont-Royal","Travaux","Permis émis","2026-09-07T20:00:00Z","2026-09-25T19:59:59Z","Construction/rénovation sans excavation","Boucher entre Saint-André et Mentana","Entreprise","CONSTRUCTION SIMON MARCIL INC.","t","t","t","t","t","t","t","t","t","t","t","t","t","t",,,,,,,,,,,,,,,"2026-09-09T00:02:02Z",-73.58928438893376,45.5308862571866
"6aa01c94b102770012657548","OCC-2609MB06588196",,"Le Plateau-Mont-Royal","Travaux","Permis émis","2026-09-07T20:00:00Z","2026-09-25T19:59:59Z","Construction/rénovation sans excavation","Boucher entre Saint-André et Mentana","Entreprise","CONSTRUCTION SIMON MARCIL INC.","t","t","t","t","t","t","t","t","t","t","t","t","t","t",,,,,,,,,,,,,,,"2026-09-09T00:02:02Z",-73.5892027942482,45.53083834835251
"6aa01d403469270012301a36","OCC-2609ZF06616993","2603","Rivière-des-Prairies-Pointe-aux-Trembles","Travaux","Permis émis","2026-09-08T20:00:00Z","2026-11-20T18:59:59Z","Construction/rénovation avec excavation","Alice-Guy entre Louis-Lumière et Louis-Lumière","Entrepreneur sous contrat avec la Ville de Montréal","Les Entreprises Michaudville","t","t","t","t","t","t","t","t","t","t","t","t","t","t",,,,,,,,,,,,,,,"2026-09-09T00:02:02Z",-73.57198613609792,45.65296960211397
"6aa01dd9b1027700126575ba","OCC-2609UD06724551","2314","Lachine","Travaux","Permis émis","2026-09-08T20:00:00Z","2026-09-10T19:59:59Z","Construction/rénovation sans excavation","Remembrance entre Louis-Joseph-Gaston et 28e","Entrepreneur sous contrat avec la Ville de Montréal","Eurovia Québec Grands Projets","t","f","t","f","t","f","t","f","t","f","f","f","f","f",,,"07:00","17:00","07:00","17:00","07:00","17:00","07:00","17:00","07:00","17:00",,,"2026-09-09T00:02:02Z",-73.68868086735648,45.43770060928407
"6a9a19d834692700122fe19d","OCC-2609YR06589884",,"Ville-Marie","Travaux","Permis émis","2026-09-09T20:00:00Z","2026-09-10T19:59:59Z","Construction/rénovation sans excavation","De La Gauchetière entre Beaver Hall et Robert-Bourassa","Entreprise","JCB Construction Canada inc","t","t","t","t","t","t","t","t","t","t","f","f","f","f",,,,,,,,,,,,,,,"2026-09-09T00:02:02Z",-73.56459382543085,45.50156558327591
"693c82e6df5da8001288dc11","OCC-2512SU10282063",,"Villeray-Saint-Michel-Parc-Extension","Travaux","Permis émis","2025-12-14T19:00:00Z","2026-11-02T18:59:59Z","Autre","Ruelle","Entreprise","Les entreprises QMD inc.","t","t","t","t","t","t","t","t","t","t","t","t","t","t",,,,,,,,,,,,,,,"2026-04-11T00:01:43Z",-73.60648364031331,45.56192277096706
"6aa021653469270012301b2b","OCC-2609BZ06675283",,"Montréal-Nord","Travaux","Permis émis","2026-09-07T20:00:00Z","2026-09-11T19:59:59Z","Construction/rénovation sans excavation","Jules-Fournier entre Jules-Fournier et Jean-Meunier","Entreprise","Groupe Durasec","t","f","t","f","t","f","t","f","t","f","f","f","f","f",,,"07:00","17:00","07:00","17:00","07:00","17:00","07:00","17:00","07:00","17:00",,,"2026-09-09T00:02:02Z",-73.62398241089244,45.60416599191091
"6a9868e05cde020012e4d77f","OCC-2609IJ03223004",,"Ville-Marie","Travaux","Permis émis","2026-07-31T20:00:00Z","2026-09-25T19:59:59Z","S-3 Infrastructure souterraine majeure - Puits d'accès","René-Lévesque entre Beaudry et Alexandre-DeSève","CSEM (Commission des services électriques de Montréal) ou son sous-traitant
","CMS Entrepreneurs Généraux Inc.","t","t","t","t","t","t","t","t","t","t","t","t","t","t",,,,,,,,,,,,,,,"2026-09-06T00:02:08Z",-73.55234274705961,45.5184424196782
"6a9878f5fa7b4d00129ef689","OCC-2609IG03071643",,"Ville-Marie","Travaux","Permis émis","2026-09-06T20:00:00Z","2026-09-18T19:59:59Z","Construction/rénovation avec excavation","Saint-Timothée entre De La Gauchetière et René-Lévesque",,,"t","f","t","f","t","f","t","f","t","f","f","f","f","f",,,"06:00","17:00","06:00","17:00","06:00","17:00","06:00","17:00","06:00","17:00",,,"2026-09-06T00:02:08Z",-73.5545853753496,45.515624935477454
"6a987a72fa7b4d00129ef6c4","OCC-2609VL03159234","1778629","Le Sud-Ouest","Travaux","Permis émis","2026-09-08T20:00:00Z","2026-10-02T19:59:59Z","Trottoirs - Construction","Couvent entre Saint-Antoine et De Richelieu","Entrepreneur sous contrat avec la Ville de Montréal","Les Entreprises Michaudville","t","t","t","t","t","t","t","t","t","t","t","t","t","t",,,,,,,,,,,,,,,"2026-09-06T00:02:08Z",-73.58836160978625,45.47995838362248
"6a4c096b816ebc0012d4579c","OCC-2607PA05953166","193711","Le Sud-Ouest","Travaux","Permis émis","2026-07-07T20:00:00Z","2026-09-18T19:59:59Z","Égouts et aqueducs - Excavation","Saint-Jacques entre Richmond et Seigneurs","Entrepreneur sous contrat avec la Ville de Montréal","Pronex Excavation","t","t","t","t","t","t","t","t","t","t","t","t","t","t",,,,,,,,,,,,,,,"2026-07-09T00:02:07Z",-73.5713545927553,45.48980764029564
"6a9879f25cde020012e4dd7c","OCC-2609VT03247605",,"Ville-Marie","Travaux","Permis émis","2026-09-07T20:00:00Z","2026-09-10T19:59:59Z","Construction/rénovation sans excavation","René-Lévesque entre Robert-Bourassa et Mansfield","Entreprise","Construction PCL Inc.","t","f","t","f","t","f","t","f","t","f","f","f","f","f",,,"05:00","15:00","05:00","15:00","05:00","15:00","05:00","15:00","05:00","15:00",,,"2026-09-06T00:02:08Z",-73.56747545442634,45.50153495107251
"6a987c4cfa7b4d00129ef733","OCC-2609YB03156392","1778629","Le Sud-Ouest","Travaux","Permis émis","2026-09-08T20:00:00Z","2026-10-02T19:59:59Z","Trottoirs - Construction","Couvent entre Saint-Antoine et De Richelieu","Entrepreneur sous contrat avec la Ville de Montréal","Les Entreprises Michaudville","t","t","t","t","t","t","t","t","t","t","t","t","t","t",,,,,,,,,,,,,,,"2026-09-06T00:02:08Z",-73.58841062385018,45.47990445275054
"6a987f0bfa7b4d00129ef7d6","OCC-2609VR03232141","1778629","Le Sud-Ouest","Travaux","Permis émis","2026-09-08T20:00:00Z","2026-10-02T19:59:59Z","Trottoirs - Construction","Saint-Ambroise entre Square-Sir-George-Étienne-Cartier et De Courcelle","Entrepreneur sous contrat avec la Ville de Montréal","Les Entreprises Michaudville","t","t","t","t","t","t","t","t","t","t","t","t","t","t",,,,,,,,,,,,,,,"2026-09-06T00:02:08Z",-73.58492070025238,45.471456303267495
"6a9840485cde020012e4cc3b","OCC-2609FB03166178",,"Côte-des-Neiges-Notre-Dame-de-Grâce","Travaux","Permis émis","2026-09-08T20:00:00Z","2026-09-10T19:59:59Z","Construction/rénovation sans excavation","Lacombe entre Lemieux et Westbury",,,"t","f","t","f","t","f","t","f","t","f","f","f","f","f",,,"07:00","17:00","07:00","17:00","07:00","17:00","07:00","17:00","07:00","17:00",,,"2026-09-06T00:02:08Z",-73.63127865391964,45.48786015036447
"6a995a9a5cde020012e4e3b8","OCC-2609GZ03116713",,"Côte-des-Neiges-Notre-Dame-de-Grâce","Travaux","Permis émis","2026-09-07T20:00:00Z","2026-09-25T19:59:59Z","Construction/rénovation avec excavation","West Hill entre Sherbrooke et Godfrey","Entreprise","CONSTRUCTION NARBO INC","t","t","t","t","t","t","t","t","t","t","t","t","t","t",,,,,,,,,,,,,,,"2026-09-06T00:02:08Z",-73.6263278559272,45.46559227942894
"6a996aa6fa7b4d00129f07e7","OCC-2609HQ03029480",,"Rosemont-La Petite-Patrie","Travaux","Permis émis","2026-09-03T20:00:00Z","2026-09-24T19:59:59Z","Construction/rénovation sans excavation","Henri-Julien entre Beaubien et Saint-Zotique",,,"t","t","t","t","t","t","t","t","t","t","t","t","t","t",,,,,,,,,,,,,,,"2026-09-06T00:02:08Z",-73.60911570542287,45.53429682599913
"6a9975015cde020012e4eb11","OCC-2609BF03135423",,"Verdun","Travaux","Permis émis","2026-09-08T20:00:00Z","2026-09-10T19:59:59Z","Égouts et aqueducs - Excavation","Golf entre Camélias et William-Paul","Ville de Montréal",,"t","f","t","f","t","f","t","f","t","f","f","f","f","f",,,"07:00","16:00","07:00","16:00","07:00","16:00","07:00","16:00","07:00","16:00",,,"2026-09-06T00:02:08Z",-73.5506414348812,45.466199552714926
"6a997c905cde020012e4ef83","OCC-2609HB03015404",,"Verdun","Travaux","Permis émis","2026-09-06T20:00:00Z","2026-12-31T18:59:59Z","Réseaux routier - Réfection et travaux corrélatifs","Ruelle","Organisation publique ou son sous-traitant","WSP Canada inc","t","t","t","t","t","t","t","t","t","t","t","t","t","t",,,,,,,,,,,,,,,"2026-09-06T00:02:08Z",-73.5323301061896,45.4670796001552
"6a998223fa7b4d00129f143f","OCC-2609QY03167601",,"Villeray-Saint-Michel-Parc-Extension","Travaux","Permis émis","2026-09-07T20:00:00Z","2026-09-11T19:59:59Z","Autre","Faillon entre Berri et Lajeunesse","RTU (Réseau technique urbain) ou son sous-traitant
","Lanauco","t","f","t","f","t","f","t","f","t","f","f","f","f","f",,,"07:00","17:00","07:00","17:00","07:00","17:00","07:00","17:00","07:00","17:00",,,"2026-09-06T00:02:08Z",-73.61992034016824,45.540991965496666
"6a996882fa7b4d00129f0760","OCC-2609HO03236385",,"Ville-Marie","Travaux","Permis émis","2026-09-10T20:00:00Z","2026-09-11T19:59:59Z","Construction/rénovation sans excavation","Drummond entre De Maisonneuve et Sherbrooke","Organisation publique ou son sous-traitant","Les Constructions Serbec inc.","t","t","t","t","t","t","t","t","t","t","f","f","f","f",,,,,,,,,,,,,,,"2026-09-06T00:02:08Z",-73.57700263362464,45.49988911947143
"6a99880d5cde020012e4f5c0","OCC-2609CW03168840",,"Villeray-Saint-Michel-Parc-Extension","Travaux","Permis émis","2026-09-07T20:00:00Z","2026-09-11T19:59:59Z","Autre","Henri-Julien entre Jules-Verne et Villeray","RTU (Réseau technique urbain) ou son sous-traitant
","Lanauco","t","f","t","f","t","f","t","f","t","f","f","f","f","f",,,"07:00","17:00","07:00","17:00","07:00","17:00","07:00","17:00","07:00","17:00",,,"2026-09-06T00:02:08Z",-73.62143434564932,45.53889937468591
"69d6420b1b9d4a00123c126e","OCC-2604LP06710465","2112","Ahuntsic-Cartierville","Travaux","Permis émis","2026-04-11T20:00:00Z","2026-12-12T18:59:59Z","Construction/rénovation avec excavation","Crémazie entre Jeanne-Mance et Crémazie","Entrepreneur sous contrat avec la Ville de Montréal","Construction Demathieu & Bard (CDB) inc.","t","t","t","t","t","t","t","t","t","t","t","t","t","t",,,,,,,,,,,,,,,"2026-04-10T00:01:44Z",-73.64559120390733,45.53559535072813
"6a9999fd5cde020012e4fbc3","OCC-2609BD03147780",,"Mercier-Hochelaga-Maisonneuve","Travaux","Permis émis","2026-09-05T20:00:00Z","2026-09-26T19:59:59Z","Construction/rénovation avec excavation","Marseille entre Dickson et Monsabré","Organisation publique ou son sous-traitant","Hydro-Québec","t","t","t","t","t","t","t","t","t","t","t","t","t","t",,,,,,,,,,,,,,,"2026-09-06T00:02:08Z",-73.54398556149911,45.57203472090375
"6a999abbfa7b4d00129f1dba","OCC-2609LG03111019",,"Mercier-Hochelaga-Maisonneuve","Travaux","Permis émis","2026-09-05T20:00:00Z","2026-09-19T19:59:59Z","Construction/rénovation avec excavation","Marseille entre Monsabré et Louis-Veuillot","Organisation publique ou son sous-traitant","Hydro-Québec","t","t","t","t","t","t","t","t","t","t","t","t","t","t",,,,,,,,,,,,,,,"2026-09-06T00:02:08Z",-73.54335174398108,45.57296542519399
"6a99af98fa7b4d00129f23ff","OCC-2609XE03219593",,"Outremont","Travaux","Permis émis","2026-09-07T20:00:00Z","2026-09-10T19:59:59Z","Construction/rénovation sans excavation","Ruelle","Entreprise","SMR Experts Inc.","t","f","t","f","t","f","t","f","t","f","f","f","f","f",,,"07:30","18:30","07:30","18:30","07:30","18:30","07:30","18:30","07:30","18:30",,,"2026-09-06T00:02:08Z",-73.61333954823976,45.52296286200262
"6a99b1395cde020012e5024a","OCC-2609TV03233305",,"Outremont","Travaux","Permis émis","2026-09-07T20:00:00Z","2026-09-10T19:59:59Z","Construction/rénovation sans excavation","Bloomfield entre Van Horne et Ducharme","Entreprise","SMR Experts Inc.","t","t","t","t","t","t","t","t","t","t","f","f","f","f",,,,,,,,,,,,,,,"2026-09-06T00:02:08Z",-73.61335083077279,45.52283504089466
"6a99b14f5cde020012e50255","OCC-2609WB03122447",,"Villeray-Saint-Michel-Parc-Extension","Travaux","Permis émis","2026-09-03T20:00:00Z","2026-10-30T19:59:59Z","Construction/rénovation sans excavation","Acadie entre Ball et Jarry","Entreprise","Magil-Tisseur inc.","t","t","t","t","t","t","t","t","t","t","t","t","t","t",,,,,,,,,,,,,,,"2026-09-06T00:02:08Z",-73.63600437441146,45.527231908855455
"6a99b97b5cde020012e5064f","OCC-2609ZL03308191","523101","Ahuntsic-Cartierville","Travaux","Permis émis","2026-09-06T20:00:00Z","2026-09-10T19:59:59Z","Construction/rénovation sans excavation","Henri-Bourassa entre Jésuites et Séguin","Entrepreneur sous contrat avec la Ville de Montréal","Environnement Routier NRJ Inc.","t","f","t","f","t","f","t","f","t","f","f","f","f","f",,,"21:00","05:00","21:00","05:00","21:00","05:00","21:00","05:00","21:00","05:00",,,"2026-09-06T00:02:08Z",-73.65862196897557,45.5702670516359
"6a99bb395cde020012e506bb","OCC-2609RQ03088315",,"Le Sud-Ouest","Travaux","Permis émis","2026-09-07T20:00:00Z","2026-09-11T19:59:59Z","Construction/rénovation sans excavation","Laporte entre Saint-Antoine et De Richelieu",,,"t","f","t","f","t","f","t","f","t","f","f","f","f","f",,,"07:00","16:00","07:00","16:00","07:00","16:00","07:00","16:00","07:00","16:00",,,"2026-09-06T00:02:08Z",-73.5873665527046,45.48101438440373
"6a99bbf15cde020012e5070f","OCC-2609NT03068106",,"Ville-Marie","Travaux","Permis émis","2026-09-09T20:00:00Z","2026-09-11T19:59:59Z","Construction/rénovation sans excavation","Robert-Bourassa entre Belmont et René-Lévesque","Entreprise","Construction PCL Inc.","t","f","t","f","t","f","t","f","t","f","f","f","f","f",,,"05:00","14:00","05:00","14:00","05:00","14:00","05:00","14:00","05:00","14:00",,,"2026-09-06T00:02:08Z",-73.56685822833987,45.501343199175054
"6a99c3db5cde020012e509f8","OCC-2609UM03146727",,"Le Plateau-Mont-Royal","Travaux","Permis émis","2026-09-09T20:00:00Z","2026-09-10T19:59:59Z","Autre","Boyer entre Marie-Anne et Mont-Royal","Ville de Montréal",,"t","f","t","f","t","f","t","f","t","f","f","f","f","f",,,"07:00","16:00","07:00","16:00","07:00","16:00","07:00","16:00","07:00","16:00",,,"2026-09-06T00:02:08Z",-73.57864802339802,45.52683327951632
"6a99c4005cde020012e50a1d","OCC-2609QF03082437","1778629","Le Sud-Ouest","Travaux","Permis émis","2026-09-08T20:00:00Z","2026-10-02T19:59:59Z","Trottoirs - Construction","Cazelais entre Walnut et Saint-Rémi","Entrepreneur sous contrat avec la Ville de Montréal","Les Entreprises Michaudville","t","t","t","t","t","t","t","t","t","t","t","t","t","t",,,,,,,,,,,,,,,"2026-09-06T00:02:08Z",-73.59556421642968,45.473383068115055
"6a99c4b25cde020012e50a51","OCC-2609CN03181668","524002","Villeray-Saint-Michel-Parc-Extension","Travaux","Permis émis","2026-09-08T20:00:00Z","2026-09-10T19:59:59Z","Égouts et aqueducs - Réhabilitation","Saint-Dominique entre Faillon et Villeray","Entrepreneur sous contrat avec la Ville de Montréal","Insituform Technologies Limited","t","t","t","t","t","t","t","t","t","t","f","f","f","f",,,,,,,,,,,,,,,"2026-09-06T00:02:08Z",-73.62335361403281,45.537325099996615
"6a99c5f4fa7b4d00129f2c72","OCC-2609GL03060880",,"Montréal-Nord","Travaux","Permis émis","2026-09-06T20:00:00Z","2026-09-11T19:59:59Z","Autre","Langelier entre Beaucourt et Bonneville","Entreprise","92244474 Québec inc.","t","f","t","f","t","f","t","f","t","f","f","f","f","f",,,"06:00","17:00","06:00","17:00","06:00","17:00","06:00","17:00","06:00","17:00",,,"2026-09-06T00:02:08Z",-73.61422706179727,45.61640851458132
"6a99c695fa7b4d00129f2ca7","OCC-2609OF03078612","1769083","Côte-des-Neiges-Notre-Dame-de-Grâce","Travaux","Permis émis","2026-09-07T20:00:00Z","2026-09-11T19:59:59Z","Autre","Ruelle","Entrepreneur sous contrat avec la Ville de Montréal","Les Constructions Serbec inc.","t","t","t","t","t","t","t","t","t","t","f","f","f","f",,,,,,,,,,,,,,,"2026-09-06T00:02:08Z",-73.61471527270257,45.475926935931824
"6a99c6e95cde020012e50b1f","OCC-2609FM03105633",,"Ville-Marie","Travaux","Permis émis","2026-09-07T20:00:00Z","2026-09-10T19:59:59Z","Construction/rénovation sans excavation","Guy entre Lincoln et Sherbrooke","Entreprise","SMR Experts Inc.","t","f","t","f","t","f","t","f","t","f","f","f","f","f",,,"07:00","16:00","07:00","16:00","07:00","16:00","07:00","16:00","07:00","16:00",,,"2026-09-06T00:02:08Z",-73.5807984436918,45.496188161437736
"6a9986d3fa7b4d00129f169c","OCC-2609BX03068701",,"Le Sud-Ouest","Travaux","Permis émis","2026-09-06T20:00:00Z","2026-09-20T19:59:59Z","Construction/rénovation sans excavation","Saint-Antoine entre Agnès et Couvent","Entreprise","renoponer inc.","t","t","t","t","t","t","t","t","t","t","t","t","t","t",,,,,,,,,,,,,,,"2026-09-06T00:02:08Z",-73.58745098321631,45.47971552269596
"6a99c789fa7b4d00129f2ce7","OCC-2609PC03002808",,"Anjou","Travaux","Permis émis","2026-09-09T20:00:00Z","2026-09-10T19:59:59Z","A-1 Réseau aérien existant","Loire entre Loire et Loire","RTU (Réseau technique urbain) ou son sous-traitant
","Laurin Laurin (Bell, VL, EC, HQ)","t","f","t","f","t","f","t","f","t","f","f","f","f","f",,,"07:00","17:00","07:00","17:00","07:00","17:00","07:00","17:00","07:00","17:00",,,"2026-09-06T00:02:08Z",-73.55049913465447,45.60803898418848
"6a99cf07fa7b4d00129f2fdb","OCC-2609HL03227243",,"Ville-Marie","Travaux","Permis émis","2026-09-08T20:00:00Z","2026-09-11T19:59:59Z","Construction/rénovation sans excavation","Drummond entre Sherbrooke et Mountain","Entreprise","Construction Ville Marie","t","f","t","f","t","f","t","f","t","f","f","f","f","f",,,"06:00","15:00","06:00","15:00","06:00","15:00","06:00","15:00","06:00","15:00",,,"2026-09-06T00:02:08Z",-73.57845808390937,45.50059833039892
"6a99cfc35cde020012e50e03","OCC-2609BH03012004",,"Rosemont-La Petite-Patrie","Travaux","Permis émis","2026-09-07T20:00:00Z","2026-09-10T19:59:59Z","Construction/rénovation sans excavation","Mont-Royal entre Augustin-Frigon et André-Laurendeau","Entreprise","Construction Tomico","t","t","t","t","t","t","t","t","t","t","f","f","f","f",,,,,,,,,,,,,,,"2026-09-06T00:02:08Z",-73.5673588884151,45.54428232066401
"6a99da7b5cde020012e50fce","OCC-2609YC03074612","592610","Côte-des-Neiges-Notre-Dame-de-Grâce","Travaux","Permis émis","2026-09-07T20:00:00Z","2026-09-10T19:59:59Z","Trottoirs - Construction","Ponsard entre Circle et Meridian","Entrepreneur sous contrat avec la Ville de Montréal","COJALAC INC.","t","t","t","t","t","t","t","t","t","t","f","f","f","f",,,,,,,,,,,,,,,"2026-09-06T00:02:08Z",-73.62448871263855,45.4860550138575
"6a99da795cde020012e50fca","OCC-2609KQ03049307","592610","Côte-des-Neiges-Notre-Dame-de-Grâce","Travaux","Permis émis","2026-09-07T20:00:00Z","2026-09-10T19:59:59Z","Trottoirs - Construction","Draper entre Côte-Saint-Antoine et Notre-Dame-de-Grâce","Entrepreneur sous contrat avec la Ville de Montréal","COJALAC INC.","t","f","t","f","t","f","t","f","t","f","f","f","f","f",,,"07:00","19:00","07:00","19:00","07:00","19:00","07:00","19:00","07:00","19:00",,,"2026-09-06T00:02:08Z",-73.62014794575869,45.47022125173829
"6a99da7e5cde020012e50fd2","OCC-2609TF03025563",,"Côte-des-Neiges-Notre-Dame-de-Grâce","Travaux","Permis émis","2026-09-03T20:00:00Z","2026-09-11T19:59:59Z","Construction/rénovation sans excavation","Ruelle","Entreprise","Fortex Construction Inc","t","t","t","t","t","t","t","t","t","t","t","t","t","t",,,,,,,,,,,,,,,"2026-09-06T00:02:08Z",-73.61416265951213,45.47106204706638
"6a99e41a5cde020012e51058","OCC-2609UF03296711",,"Ahuntsic-Cartierville","Travaux","Permis émis","2026-09-07T20:00:00Z","2026-09-11T19:59:59Z","Construction/rénovation avec excavation","Bois-de-Boulogne entre Dudemaine et De Salaberry","Entreprise","FAB excavation / 9303-8644 qc inc","t","t","t","t","t","t","t","t","t","t","f","f","f","f",,,,,,,,,,,,,,,"2026-09-06T00:02:08Z",-73.68943451870437,45.54131804640731
"6a99e5215cde020012e51063","OCC-2609DG03288549",,"Ahuntsic-Cartierville","Travaux","Permis émis","2026-09-07T20:00:00Z","2026-09-11T19:59:59Z","Autre","Bois-de-Boulogne entre Dudemaine et De Salaberry","Entreprise","FAB excavation / 9303-8644 qc inc","t","t","t","t","t","t","t","t","t","t","f","f","f","f",,,,,,,,,,,,,,,"2026-09-06T00:02:08Z",-73.68937400489057,45.54122841029474
"6a99e57efa7b4d00129f33ab","OCC-2609LE03254612","1725364","Ville-Marie","Travaux","Permis émis","2026-09-09T20:00:00Z","2026-09-11T19:59:59Z","Entretien","Sherbrooke entre Stanley et Drummond","Entrepreneur sous contrat avec la Ville de Montréal","Systèmes Urbains Inc","t","f","t","f","t","f","t","f","t","f","f","f","f","f",,,"09:30","15:30","09:30","15:30","09:30","15:30","09:30","15:30","09:30","15:30",,,"2026-09-06T00:02:08Z",-73.57749966508521,45.50100618618981
"6a99e7045cde020012e51071","OCC-2609YV03150690","1725364","Ville-Marie","Travaux","Permis émis","2026-09-09T20:00:00Z","2026-09-11T19:59:59Z","Entretien","Guy-Frégault entre Saint-Antoine et Viger","Entrepreneur sous contrat avec la Ville de Montréal","Systèmes Urbains Inc","t","f","t","f","t","f","t","f","t","f","f","f","f","f",,,"06:00","15:00","06:00","15:00","06:00","15:00","06:00","15:00","06:00","15:00",,,"2026-09-06T00:02:08Z",-73.55582281702846,45.51139592723063
"6a99e76efa7b4d00129f33c4","OCC-2609YF03150797","527003","Mercier-Hochelaga-Maisonneuve","Travaux","Permis émis","2026-09-06T20:00:00Z","2026-09-11T19:59:59Z","Autre","Sherbrooke entre Assomption et Assomption","Entrepreneur sous contrat avec la Ville de Montréal","Les Entrepreneurs Bucaro","t","f","t","f","t","f","t","f","t","f","f","f","f","f",,,"20:00","05:00","20:00","05:00","20:00","05:00","20:00","05:00","20:00","05:00",,,"2026-09-06T00:02:08Z",-73.54997320403255,45.57185873429924
"6a99e837fa7b4d00129f33c9","OCC-2609JS03255563","1725364","Ville-Marie","Travaux","Permis émis","2026-09-09T20:00:00Z","2026-09-11T19:59:59Z","Entretien","René-Lévesque entre Saint-Mathieu et Saint-Marc","Entrepreneur sous contrat avec la Ville de Montréal","Systèmes Urbains Inc","t","f","t","f","t","f","t","f","t","f","f","f","f","f",,,"10:00","14:30","10:00","14:30","10:00","14:30","10:00","14:30","10:00","14:30",,,"2026-09-06T00:02:08Z",-73.57755472433558,45.49138209941866
"6a4d5a9734772f0012a8b651","OCC-2607AT06670499",,"Ahuntsic-Cartierville","Travaux","Permis émis","2026-07-08T20:00:00Z","2026-09-30T19:59:59Z","Autre","Ruelle","Organisation publique ou son sous-traitant","Sidcan Inc.","t","t","t","t","t","t","t","t","t","t","t","t","t","t",,,,,,,,,,,,,,,"2026-07-10T00:01:56Z",-73.64842425172976,45.55745326521864
"6a9ffb29b10277001265699b","OCC-2609SI06486575",,"Ahuntsic-Cartierville","Travaux","Permis émis","2026-08-25T20:00:00Z","2026-09-23T19:59:59Z","Construction/rénovation avec excavation","Parthenais entre Sauriol et Parthenais","Entreprise","Groupe Geyser inc.","t","t","t","t","t","t","t","t","t","t","t","t","t","t",,,,,,,,,,,,,,,"2026-09-09T00:02:02Z",-73.64895356222752,45.57202900501994
"6a96dacc5cde020012e4994d","OCC-2609PU03128966",,"Ville-Marie","Travaux","Permis émis","2026-09-10T20:00:00Z","2026-09-11T19:59:59Z","Construction/rénovation sans excavation","De La Gauchetière entre Saint-Timothée et Amherst","Entreprise","Roger & Konrad Capital Inc","t","t","t","t","t","t","t","t","t","t","f","f","f","f",,,,,,,,,,,,,,,"2026-09-06T00:02:08Z",-73.55360919553607,45.515595402286
"6a8f0e0e8d981b0012f69afb","OCC-2609BS03201825",,"Mercier-Hochelaga-Maisonneuve","Travaux","Permis émis","2026-09-07T20:00:00Z","2026-09-11T19:59:59Z","S-3 Infrastructure souterraine majeure - Puits d'accès","Ontario entre Leclaire et Théodore","RTU (Réseau technique urbain) ou son sous-traitant
","Bell Canada","t","f","t","f","t","f","t","f","t","f","f","f","f","f",,,"09:00","15:00","09:00","15:00","09:00","15:00","09:00","15:00","09:00","15:00",,,"2026-09-06T00:02:08Z",-73.53686464919461,45.5571887471668
"6a96e9ae5cde020012e4a013","OCC-2609IR03063313",,"Ville-Marie","Travaux","Permis émis","2026-09-07T20:00:00Z","2026-09-18T19:59:59Z","Trottoirs - Construction","Sherbrooke entre Chomedey et Lambert-Closse","Ville de Montréal",,"t","f","t","f","t","f","t","f","t","f","f","f","f","f",,,"09:00","15:00","09:00","15:00","09:00","15:00","09:00","15:00","09:00","15:00",,,"2026-09-06T00:02:08Z",-73.58613931329681,45.49242851793294
"6a96f8795cde020012e4a579","OCC-2609DW03198521","2026036","Mercier-Hochelaga-Maisonneuve","Travaux","Permis émis","2026-09-07T20:00:00Z","2026-11-01T18:59:59Z","Construction/rénovation sans excavation","Carignan entre Gérin-Lajoie et Pérodeau","Entrepreneur sous contrat avec la Ville de Montréal","L.M.L. Paysagiste et Frères inc","t","t","t","t","t","t","t","t","t","t","t","t","t","t",,,,,,,,,,,,,,,"2026-09-06T00:02:08Z",-73.5530171069154,45.58269922541883
"6a96fe275cde020012e4a655","OCC-2609UZ03217894",,"Outremont","Travaux","Permis émis","2026-09-07T20:00:00Z","2026-09-10T19:59:59Z","Construction/rénovation sans excavation","Springgrove entre Prince-Philip et Pagnuelo","Entreprise","Services paysagers Dominique Filion","t","f","t","f","t","f","t","f","t","f","f","f","f","f",,,"07:30","17:00","07:30","17:00","07:30","17:00","07:30","17:00","07:30","17:00",,,"2026-09-06T00:02:08Z",-73.60650587801882,45.513724914938535
"6a9703e4fa7b4d00129eb739","OCC-2609OY03006848",,"Mercier-Hochelaga-Maisonneuve","Travaux","Permis émis","2026-09-04T20:00:00Z","2026-10-02T19:59:59Z","Construction/rénovation sans excavation","Promenade Luc-Larrivée","Entreprise","SYNDICAT DE LA COPROPRIÉTÉ DU 1894 À 1900, AVENUE VALOIS, MONTRÉAL","t","t","t","t","t","t","t","t","t","t","t","t","t","t",,,,,,,,,,,,,,,"2026-09-06T00:02:08Z",-73.54324976299293,45.54689459780229
"6a9709a7fa7b4d00129eb871","OCC-2609NT03261845",,"Ville-Marie","Travaux","Permis émis","2026-09-09T20:00:00Z","2027-05-01T19:59:59Z","Construction/rénovation sans excavation","Clark entre René-Lévesque et Sainte-Catherine","Organisation publique ou son sous-traitant","Pomerleau","t","t","t","t","t","t","t","t","t","t","t","t","t","t",,,,,,,,,,,,,,,"2026-09-06T00:02:08Z",-73.56291216032643,45.50886271876208
"6a9741025cde020012e4b80c","OCC-2609GD03124326",,"Verdun","Travaux","Permis émis","2026-09-08T20:00:00Z","2026-09-11T19:59:59Z","Égouts et aqueducs - Excavation","Willibrord entre LaSalle et Wellington","Entreprise","L.C. Entrepreneurs Généraux (2000) Ltée","t","t","t","t","t","t","t","t","t","t","f","f","f","f",,,,,,,,,,,,,,,"2026-09-06T00:02:08Z",-73.56683461088579,45.45920702185364
"6a980e475cde020012e4ba19","OCC-2609ZL03075956","1266619002","St-Laurent","Travaux","Permis émis","2026-09-03T20:00:00Z","2026-11-13T18:59:59Z","Construction/rénovation avec excavation","Elizabeth entre Dutrisac et Rochon","Entrepreneur sous contrat avec la Ville de Montréal","Aménagements Sud-Ouest (9114-5698 Québec inc.)","t","t","t","t","t","t","t","t","t","t","t","t","t","t",,,,,,,,,,,,,,,"2026-09-06T00:02:08Z",-73.67763400701133,45.51981691502701
"6a9823c7fa7b4d00129eda87","OCC-2609LI03140581",,"Montréal-Nord","Travaux","Permis émis","2026-09-08T20:00:00Z","2026-09-10T19:59:59Z","Égouts et aqueducs - Excavation","Henri-Bourassa entre Plaza et Paris","Ville de Montréal",,"t","f","t","f","t","f","t","f","t","f","f","f","f","f",,,"07:00","16:00","07:00","16:00","07:00","16:00","07:00","16:00","07:00","16:00",,,"2026-09-06T00:02:08Z",-73.64530675003923,45.59292460810856
"6a9a12a6fa7b4d00129f396f","OCC-2609WR03039720","25101","Rosemont-La Petite-Patrie","Travaux","Permis émis","2026-09-08T20:00:00Z","2026-09-30T19:59:59Z","Trottoirs - Construction","Jeanne-d'Arc entre Saint-Joseph et Laurier","Entrepreneur sous contrat avec la Ville de Montréal","Conception PLHP","t","t","t","t","t","t","t","t","t","t","t","t","t","t",,,,,,,,,,,,,,,"2026-09-06T00:02:08Z",-73.56591200001543,45.557378690663775
"6a9a1800fa7b4d00129f3973","OCC-2609ER03029889","317601","Rivière-des-Prairies-Pointe-aux-Trembles","Travaux","Permis émis","2026-09-03T20:00:00Z","2026-09-25T19:59:59Z","Autre","Ruelle","Entrepreneur sous contrat avec la Ville de Montréal","Duroking Construction","t","t","t","t","t","t","t","t","t","t","t","t","t","t",,,,,,,,,,,,,,,"2026-09-06T00:02:08Z",-73.49211428507851,45.63735004903774
"6a9a19d2b10277001265395d","OCC-2609PU03050585","317601","Rivière-des-Prairies-Pointe-aux-Trembles","Travaux","Permis émis","2026-09-04T20:00:00Z","2026-09-30T19:59:59Z","Réseaux routier - Réfection et travaux corrélatifs","Notre-Dame entre 1re et 4e","Entrepreneur sous contrat avec la Ville de Montréal","Duroking Construction","t","t","t","t","t","t","t","t","t","t","t","t","t","t",,,,,,,,,,,,,,,"2026-09-06T00:02:08Z",-73.49302548121818,45.634719915793085
"6a9a979c34692700122fe1c8","OCC-2609TW03034377",,"Rosemont-La Petite-Patrie","Travaux","Permis émis","2026-09-09T20:00:00Z","2026-09-11T19:59:59Z","Construction/rénovation sans excavation","Cartier entre Bellechasse et Beaubien","Entreprise","LAVOIE LÉPINE CONSTRUCTION INC.","t","f","t","f","t","f","t","f","t","f","f","f","f","f",,,"07:00","16:00","07:00","16:00","07:00","16:00","07:00","16:00","07:00","16:00",,,"2026-09-06T00:02:08Z",-73.59488738110508,45.54292994728001
"6a9a99f4b1027700126539a8","OCC-2609DG03276536",,"Le Plateau-Mont-Royal","Travaux","Permis émis","2026-09-07T20:00:00Z","2026-12-18T18:59:59Z","Construction/rénovation sans excavation","Saint-Laurent entre Milton et Prince-Arthur","Entreprise","BROCCOLINI CONSTRUCTION INC. REF: PROJET LE MUSÉE","t","f","t","f","t","f","t","f","t","f","f","f","f","f",,,"07:00","15:00","07:00","15:00","07:00","15:00","07:00","15:00","07:00","15:00",,,"2026-09-06T00:02:08Z",-73.57158106404489,45.51347597952665
"6a9a9afab1027700126539ac","OCC-2609IK03290510",,"Le Plateau-Mont-Royal","Travaux","Permis émis","2026-09-07T20:00:00Z","2026-12-18T18:59:59Z","Construction/rénovation sans excavation","Saint-Laurent entre Milton et Prince-Arthur","Entreprise","BROCCOLINI CONSTRUCTION INC. REF: PROJET LE MUSÉE","t","t","t","t","t","t","t","t","t","t","t","t","t","t",,,,,,,,,,,,,,,"2026-09-06T00:02:08Z",-73.5716651576997,45.513563159073726
"6a9a9ce6b1027700126539c9","OCC-2609OX03292831",,"Le Plateau-Mont-Royal","Travaux","Permis émis","2026-09-07T20:00:00Z","2026-12-18T18:59:59Z","Construction/rénovation sans excavation","Saint-Dominique entre Sherbrooke et Lavers","Entreprise","BROCCOLINI CONSTRUCTION INC. REF: PROJET LE MUSÉE","t","t","t","t","t","t","t","t","t","t","t","t","t","t",,,,,,,,,,,,,,,"2026-09-06T00:02:08Z",-73.57111737150693,45.513885367926896
"6a9aa3bdb1027700126539eb","OCC-2609LZ03065424",,"Rivière-des-Prairies-Pointe-aux-Trembles","Travaux","Permis émis","2026-09-08T20:00:00Z","2026-09-14T19:59:59Z","Égouts et aqueducs - Excavation","9e entre René-Lévesque et Sainte-Catherine","Ville de Montréal",,"t","f","t","f","t","f","t","f","t","f","f","f","f","f",,,"07:00","18:00","07:00","18:00","07:00","18:00","07:00","18:00","07:00","18:00",,,"2026-09-06T00:02:08Z",-73.50181287956121,45.64067748276469
"6a9aa4c2b1027700126539fb","OCC-2609IB03070291",,"Rivière-des-Prairies-Pointe-aux-Trembles","Travaux","Permis émis","2026-09-09T20:00:00Z","2026-09-15T19:59:59Z","Égouts et aqueducs - Excavation","Alfred-Nobel entre Octave-Pelletier et Fernand-Forest","Ville de Montréal",,"t","f","t","f","t","f","t","f","t","f","f","f","f","f",,,"07:00","18:00","07:00","18:00","07:00","18:00","07:00","18:00","07:00","18:00",,,"2026-09-06T00:02:08Z",-73.59131614051593,45.64473844994044
"6a9aa56d34692700122fe218","OCC-2609YJ02993789",,"Le Plateau-Mont-Royal","Travaux","Permis émis","2026-09-08T20:00:00Z","2026-09-30T19:59:59Z","Construction/rénovation sans excavation","Chapleau entre Mercure et Marie-Anne",,,"t","t","t","t","t","t","t","t","t","t","t","t","t","t",,,,,,,,,,,,,,,"2026-09-06T00:02:08Z",-73.56600746327263,45.53718044182334
"6a9aacc134692700122fe305","OCC-2609PD03015301",,"Anjou","Travaux","Permis émis","2026-09-07T20:00:00Z","2026-09-14T19:59:59Z","Construction/rénovation sans excavation","Val-D'Anjou entre Val-D'Anjou et Val-D'Anjou","Entreprise","Maconnerie Elegance Inc","t","t","t","t","t","t","t","t","t","t","t","t","t","t",,,,,,,,,,,,,,,"2026-09-06T00:02:08Z",-73.55133015878361,45.59649536089886
"6a9aae1834692700122fe32a","OCC-2609QA03022114",,"Côte-des-Neiges-Notre-Dame-de-Grâce","Travaux","Permis émis","2026-09-09T20:00:00Z","2026-09-10T19:59:59Z","Entretien","Park Row Ouest entre De Maisonneuve et Sherbrooke","RTU (Réseau technique urbain) ou son sous-traitant
","Hydro-Québec-Entrave courte durée","t","f","t","f","t","f","t","f","t","f","f","f","f","f",,,"09:30","15:30","09:30","15:30","09:30","15:30","09:30","15:30","09:30","15:30",,,"2026-09-06T00:02:08Z",-73.63378241552034,45.4605336348434
"6a9ab19c34692700122fe425","OCC-2609GQ03093286","2602","Rivière-des-Prairies-Pointe-aux-Trembles","Travaux","Permis émis","2026-09-07T20:00:00Z","2026-09-18T19:59:59Z","Construction/rénovation sans excavation","5e entre Maurice-Duplessis et 4e","Entrepreneur sous contrat avec la Ville de Montréal","Eurovia Québec Construction","t","f","t","f","t","f","t","f","t","f","f","f","f","f",,,"07:00","19:00","07:00","19:00","07:00","19:00","07:00","19:00","07:00","19:00",,,"2026-09-06T00:02:08Z",-73.6043596154501,45.62583019092018
"6a9ab363b102770012653d09","OCC-2609DA03094936","2602","Rivière-des-Prairies-Pointe-aux-Trembles","Travaux","Permis émis","2026-09-07T20:00:00Z","2026-09-11T19:59:59Z","Construction/rénovation sans excavation","58e entre De Montigny et Forsyth","Entrepreneur sous contrat avec la Ville de Montréal","Eurovia Québec Construction","t","f","t","f","t","f","t","f","t","f","f","f","f","f",,,"07:00","16:00","07:00","16:00","07:00","16:00","07:00","16:00","07:00","16:00",,,"2026-09-06T00:02:08Z",-73.4992506054305,45.67469691230793
"6a9ab43eb102770012653d24","OCC-2609DI03045670",,"Rosemont-La Petite-Patrie","Travaux","Permis émis","2026-09-04T20:00:00Z","2026-09-11T19:59:59Z","Construction/rénovation sans excavation","Chambord entre Bellechasse et Beaubien","Entreprise","Les Constructions Hub","t","t","t","t","t","t","t","t","t","t","t","t","t","t",,,,,,,,,,,,,,,"2026-09-06T00:02:08Z",-73.59716833917133,45.53879887851119
"6a9ab49ab102770012653d3c","OCC-2609UT03029647",,"Côte-des-Neiges-Notre-Dame-de-Grâce","Travaux","Permis émis","2026-01-19T19:00:00Z","2026-09-19T19:59:59Z","Construction/rénovation avec excavation","Bates entre Wilderton et Darlington","Entreprise","Les entreprises QMD inc.","t","t","t","t","t","t","t","t","t","t","t","t","t","t",,,,,,,,,,,,,,,"2026-09-06T00:02:08Z",-73.63180815189062,45.51289041582571
"6a9ab530b102770012653d8e","OCC-2609XE03030540",,"Le Plateau-Mont-Royal","Travaux","Permis émis","2026-08-19T20:00:00Z","2026-09-18T19:59:59Z","Trottoirs - Construction","Pontiac entre De Bienville et Gilford","Ville de Montréal",,"t","t","t","t","t","t","t","t","t","t","f","f","f","f",,,,,,,,,,,,,,,"2026-09-06T00:02:08Z",-73.5837754368718,45.52609028576075
"6a9ab71a34692700122fe54d","OCC-2609JC03136788",,"Ville-Marie","Travaux","Permis émis","2026-09-11T20:00:00Z","2026-10-09T19:59:59Z","Construction/rénovation sans excavation","Sanguinet entre Christin et Dufault","Entreprise","MGB Associés Inc.","t","t","t","t","t","t","t","t","t","t","t","t","t","t",,,,,,,,,,,,,,,"2026-09-06T00:02:08Z",-73.5607280064089,45.51246314504447
"6a9ab7d634692700122fe57d","OCC-2609IF03090020","524005","Rosemont-La Petite-Patrie","Travaux","Permis émis","2026-09-07T20:00:00Z","2026-09-10T19:59:59Z","Égouts et aqueducs - Réhabilitation","Écores entre Rosemont et Saint-Zotique","Entrepreneur sous contrat avec la Ville de Montréal","CGI Environnement Inc.","t","f","t","f","t","f","t","f","t","f","f","f","f","f",,,"07:00","19:00","07:00","19:00","07:00","19:00","07:00","19:00","07:00","19:00",,,"2026-09-06T00:02:08Z",-73.59144894781089,45.54699423173346
"6a9ab8e334692700122fe5af","OCC-2609HE03112507","1725364","Ville-Marie","Travaux","Permis émis","2026-09-09T20:00:00Z","2026-09-11T19:59:59Z","Entretien","Robert-Bourassa entre Sainte-Catherine et De Maisonneuve","Entrepreneur sous contrat avec la Ville de Montréal","Systèmes Urbains Inc","t","f","t","f","t","f","t","f","t","f","f","f","f","f",,,"06:00","16:00","06:00","16:00","06:00","16:00","06:00","16:00","06:00","16:00",,,"2026-09-06T00:02:08Z",-73.56994427043249,45.5033063616925
"69cbc0f91b9d4a00123b6d03","OCC-2604MO06487808","317601","Rivière-des-Prairies-Pointe-aux-Trembles","Travaux","Permis émis","2026-04-08T20:00:00Z","2026-10-02T19:59:59Z","Construction/rénovation avec excavation","Prince-Albert entre 7e et 8e","Entrepreneur sous contrat avec la Ville de Montréal","Duroking Construction","t","t","t","t","t","t","t","t","t","t","t","t","t","t",,,,,,,,,,,,,,,"2026-04-10T00:01:44Z",-73.49311810493866,45.638266341595696
"6a9abd1034692700122fe6aa","OCC-2609QS03079550",,"Rivière-des-Prairies-Pointe-aux-Trembles","Travaux","Permis émis","2026-09-08T20:00:00Z","2026-09-11T19:59:59Z","Autre","Ontario entre 9e et Saint-Jean-Baptiste","CSEM (Commission des services électriques de Montréal) ou son sous-traitant
","Telecon","t","f","t","f","t","f","t","f","t","f","f","f","f","f",,,"07:00","17:00","07:00","17:00","07:00","17:00","07:00","17:00","07:00","17:00",,,"2026-09-06T00:02:08Z",-73.50896675208756,45.64281226547429
"6aa00ae0346927001230154f","OCC-2609VK06688210",,"Rosemont-La Petite-Patrie","Travaux","Permis émis","2026-09-09T20:00:00Z","2026-09-10T19:59:59Z","Entretien","Saint-Hubert entre Rosemont et Bellechasse","RTU (Réseau technique urbain) ou son sous-traitant
","G-TEK INC.","t","f","t","f","t","f","t","f","t","f","f","f","f","f",,,"08:00","16:00","08:00","16:00","08:00","16:00","08:00","16:00","08:00","16:00",,,"2026-09-09T00:02:02Z",-73.59784561072432,45.53373964651271
"6a9fe569b102770012656637","OCC-2609ZX06666326",,"St-Laurent","Travaux","Permis émis","2026-09-07T20:00:00Z","2026-09-11T19:59:59Z","Toiture - Rénovation","Ernest-Hemingway entre John-Lyman et Céline-Marier","Entreprise","Couvreur Couv-toit","t","f","t","f","t","f","t","f","t","f","f","f","f","f",,,"07:00","17:00","07:00","17:00","07:00","17:00","07:00","17:00","07:00","17:00",,,"2026-09-09T00:02:02Z",-73.72578569291795,45.50167151836194
"6aa00d6bb102770012657084","OCC-2609BP06577511",,"Côte-des-Neiges-Notre-Dame-de-Grâce","Travaux","Permis émis","2026-09-09T20:00:00Z","2026-09-10T19:59:59Z","Entretien","Hingston entre De Maisonneuve et Sherbrooke","RTU (Réseau technique urbain) ou son sous-traitant
","G-TEK INC.","t","f","t","f","t","f","t","f","t","f","f","f","f","f",,,"08:00","16:00","08:00","16:00","08:00","16:00","08:00","16:00","08:00","16:00",,,"2026-09-09T00:02:02Z",-73.6201991216759,45.46717006812209
"6aa00defb1027700126570bd","OCC-2609IE06732512",,"Verdun","Travaux","Permis émis","2026-09-10T20:00:00Z","2026-09-12T19:59:59Z","Construction/rénovation sans excavation","Non-nommée entre  et Pointe-Nord","Organisation publique ou son sous-traitant","Duroking Construction","t","f","t","f","t","f","t","f","t","f","t","f","f","f","00:00","07:00","22:00","00:00","22:00","00:00","22:00","00:00","22:00","00:00","22:00","00:00",,,"2026-09-09T00:02:02Z",-73.54170978998421,45.471527506137335
"6aa00fec34692700123016be","OCC-2609WX06717402",,"Ville-Marie","Travaux","Permis émis","2026-09-08T20:00:00Z","2026-09-17T19:59:59Z","Construction/rénovation sans excavation","Saint-Hubert entre René-Lévesque et Sainte-Catherine","Entreprise","les Constructions Reliance Du Canada Ltée","t","f","t","f","t","f","t","f","t","f","f","f","f","f",,,"07:00","19:00","07:00","19:00","07:00","19:00","07:00","19:00","07:00","19:00",,,"2026-09-09T00:02:02Z",-73.55810244411632,45.51503813285985
"6aa0245e3469270012301d52","OCC-2609HL06711290",,"Villeray-Saint-Michel-Parc-Extension","Travaux","Permis émis","2026-09-09T20:00:00Z","2026-09-10T19:59:59Z","Construction/rénovation sans excavation","Foucher entre Liège et Crémazie","Entreprise","Toitures et imperméabilisation TPL inc","t","f","t","f","t","f","t","f","t","f","f","f","f","f",,,"06:00","17:00","06:00","17:00","06:00","17:00","06:00","17:00","06:00","17:00",,,"2026-09-09T00:02:02Z",-73.63531144823862,45.54698243197822
"6aa026573469270012301e1a","OCC-2609XD06606161",,"Côte-des-Neiges-Notre-Dame-de-Grâce","Travaux","Permis émis","2026-09-09T20:00:00Z","2026-09-10T19:59:59Z","Déménagement","Old Orchard entre Monkland et Terrebonne","Entreprise","MARTEL EXPRESS MONTREAL INC","t","f","t","f","t","f","t","f","t","f","f","f","f","f",,,"07:00","19:00","07:00","19:00","07:00","19:00","07:00","19:00","07:00","19:00",,,"2026-09-09T00:02:02Z",-73.62380270774213,45.47696732471477
"6aa0273cb102770012657930","OCC-2609DL06618561",,"Verdun","Travaux","Permis émis","2026-09-08T20:00:00Z","2026-09-10T19:59:59Z","Toiture - Rénovation","Brown entre Bannantyne et Beurling","Entreprise","Groupe Construction SGL","t","f","t","f","t","f","t","f","t","f","f","f","f","f",,,"07:00","16:00","07:00","16:00","07:00","16:00","07:00","16:00","07:00","16:00",,,"2026-09-09T00:02:02Z",-73.57890891966726,45.44891277502869
"6aa028f13469270012301ee1","OCC-2609LN06668929",,"Rosemont-La Petite-Patrie","Travaux","Permis émis","2026-09-08T20:00:00Z","2026-09-11T19:59:59Z","Entretien","Ruelle","Entreprise","Immeubles SLG INC.","t","t","t","t","t","t","t","t","t","t","f","f","f","f",,,,,,,,,,,,,,,"2026-09-09T00:02:02Z",-73.57251960888857,45.55099728509287
"6aa0281a3469270012301ebc","OCC-2609CR06747893",,"Mercier-Hochelaga-Maisonneuve","Travaux","Permis émis","2026-09-08T20:00:00Z","2026-09-14T19:59:59Z","Construction/rénovation sans excavation","Cuvillier entre Rouen et Hochelaga",,,"t","t","t","t","t","t","t","t","t","t","t","t","t","t",,,,,,,,,,,,,,,"2026-09-09T00:02:02Z",-73.5509418554347,45.54513963059291
"6aa02cb33469270012301fdb","OCC-2609AY06614543",,"Ville-Marie","Travaux","Permis émis","2026-09-09T20:00:00Z","2026-09-11T19:59:59Z","Réseaux routier - Réfection et travaux corrélatifs","Lincoln entre Chomedey et Lambert-Closse","Ville de Montréal",,"t","f","t","f","t","f","t","f","t","f","f","f","f","f",,,"07:00","19:00","07:00","19:00","07:00","19:00","07:00","19:00","07:00","19:00",,,"2026-09-09T00:02:02Z",-73.58537010551679,45.49183625573664
"6aa02da03469270012302021","OCC-2609JP06678526",,"Ville-Marie","Travaux","Permis émis","2026-09-07T20:00:00Z","2026-09-18T19:59:59Z","Construction/rénovation avec excavation","Saint-Timothée entre De La Gauchetière et René-Lévesque","Entreprise","Les Constructions Hub","t","f","t","f","t","f","t","f","t","f","f","f","f","f",,,"06:00","17:00","06:00","17:00","06:00","17:00","06:00","17:00","06:00","17:00",,,"2026-09-09T00:02:02Z",-73.5549065473022,45.515780841186825
"6aa021a8b1027700126576d1","OCC-2609PH06726046",,"Mercier-Hochelaga-Maisonneuve","Travaux","Permis émis","2026-09-11T20:00:00Z","2026-09-12T19:59:59Z","Entretien","Pierre-Gaulin entre Jean-Tavernier et Jean-Tavernier","RTU (Réseau technique urbain) ou son sous-traitant
","Hydro-Québec-Entrave courte durée","f","f","f","f","f","f","f","f","f","f","t","f","f","f","12:00","16:00",,,,,,,,,,,,,"2026-09-09T00:02:02Z",-73.56511722456406,45.58883086258185
"69bae6f92f414e0012e9f870","OCC-2604RP07407673","20411","Saint-Léonard","Travaux","Permis émis","2026-04-14T20:00:00Z","2026-11-30T18:59:59Z","Autre","Baudelaire entre Buies et Viterbe","Entrepreneur sous contrat avec la Ville de Montréal","7574479 CANADA INC.","t","t","t","t","t","t","t","t","t","t","t","t","t","t",,,,,,,,,,,,,,,"2026-04-11T00:01:43Z",-73.58748746660098,45.57377117296212
"6aa02272b10277001265771a","OCC-2609IV06588683",,"Côte-des-Neiges-Notre-Dame-de-Grâce","Travaux","Permis émis","2026-09-09T20:00:00Z","2026-09-10T19:59:59Z","Toiture - Rénovation","Grand entre De Maisonneuve et Sherbrooke","Entreprise","Toitures Blanchard","t","f","t","f","t","f","t","f","t","f","f","f","f","f",,,"07:00","17:00","07:00","17:00","07:00","17:00","07:00","17:00","07:00","17:00",,,"2026-09-09T00:02:02Z",-73.62172098039144,45.465946605295066
"69c334632f414e0012ea8018","OCC-2604JS07506928","503001","Ville-Marie","Travaux","Permis émis","2026-04-11T20:00:00Z","2026-10-30T19:59:59Z","Construction/rénovation avec excavation","Sainte-Catherine entre Drummond et Crescent","Entrepreneur sous contrat avec la Ville de Montréal","Roxboro Excavation Inc.","t","t","t","t","t","t","t","t","t","t","t","t","t","t",,,,,,,,,,,,,,,"2026-04-11T00:01:43Z",-73.57498949959414,45.49795771113366
"6aa023b53469270012301cd2","OCC-2609LM06590235",,"Rosemont-La Petite-Patrie","Travaux","Permis émis","2026-08-30T20:00:00Z","2026-09-10T19:59:59Z","Construction/rénovation sans excavation","Drolet entre Beaubien et Saint-Zotique","Entreprise","Briques & Cie","t","t","t","t","t","t","t","t","t","t","t","t","t","t",,,,,,,,,,,,,,,"2026-09-09T00:02:02Z",-73.60762053330228,45.53412776227066
"6aa024173469270012301d40","OCC-2609RI06626863",,"Le Plateau-Mont-Royal","Travaux","Permis émis","2026-09-10T20:00:00Z","2026-09-11T19:59:59Z","Construction/rénovation sans excavation","Villeneuve entre Henri-Julien et Drolet","Entreprise","LES BALCONS ET ESCALIERS IDÉALS INC.","t","f","t","f","t","f","t","f","t","f","f","f","f","f",,,"07:00","17:00","07:00","17:00","07:00","17:00","07:00","17:00","07:00","17:00",,,"2026-09-09T00:02:02Z",-73.5866287765643,45.52445628158775
"6aa025013469270012301d9a","OCC-2609KP06600224",,"Côte-des-Neiges-Notre-Dame-de-Grâce","Travaux","Permis émis","2026-09-09T20:00:00Z","2026-09-10T19:59:59Z","Entretien","Côte-des-Neiges entre Decelles et Piedmont","RTU (Réseau technique urbain) ou son sous-traitant
","Hydro-Québec-Entrave courte durée","t","f","t","f","t","f","t","f","t","f","f","f","f","f",,,"09:30","15:30","09:30","15:30","09:30","15:30","09:30","15:30","09:30","15:30",,,"2026-09-09T00:02:02Z",-73.61604607718596,45.49521372533638
"6aa0462fb1027700126583d5","OCC-2609CN06735891",,"Ville-Marie","Travaux","Permis émis","2026-09-03T20:00:00Z","2026-09-18T19:59:59Z","Construction/rénovation sans excavation","Ruelle","Entreprise","7663609 Canada inc (GOOD ONE)","t","t","t","t","t","t","t","t","t","t","t","t","t","t",,,,,,,,,,,,,,,"2026-09-09T00:02:02Z",-73.55570869959118,45.53889934865007
"6aa047943469270012302ad4","OCC-2609WH06681808",,"Le Plateau-Mont-Royal","Travaux","Permis émis","2026-09-08T20:00:00Z","2026-09-10T19:59:59Z","Construction/rénovation sans excavation","Cartier entre Gauthier et Rachel","Entreprise","Construction Libersan Inc.","t","f","t","f","t","f","t","f","t","f","f","f","f","f",,,"07:00","19:00","07:00","19:00","07:00","19:00","07:00","19:00","07:00","19:00",,,"2026-09-09T00:02:02Z",-73.56719835314084,45.53047221665164
"6aa04a76b102770012658598","OCC-2609UI06709688",,"Le Sud-Ouest","Travaux","Permis émis","2026-09-08T20:00:00Z","2026-09-11T19:59:59Z","Entretien","Lionel-Groulx entre Charlevoix et Atwater","Entreprise","XO construction inc.","t","f","t","f","t","f","t","f","t","f","f","f","f","f",,,"07:00","17:00","07:00","17:00","07:00","17:00","07:00","17:00","07:00","17:00",,,"2026-09-09T00:02:02Z",-73.57768474129011,45.48380590743997
"6aa04d28b102770012658661","OCC-2609LH06719218",,"Le Sud-Ouest","Travaux","Permis émis","2026-09-08T20:00:00Z","2026-09-15T19:59:59Z","Égouts et aqueducs - Inspection et nettoyage","Saint-Antoine entre Vinet et Atwater","Ville de Montréal",,"t","f","t","f","t","f","t","f","t","f","t","f","t","f","07:00","23:00","07:00","23:00","07:00","23:00","07:00","23:00","07:00","23:00","07:00","23:00","07:00","23:00","2026-09-09T00:02:02Z",-73.58039931463452,45.485806706015175
"6aa04e353469270012302d21","OCC-2609CT06724225",,"Mercier-Hochelaga-Maisonneuve","Travaux","Permis émis","2026-09-08T20:00:00Z","2026-09-11T19:59:59Z","Autre","Bruxelles entre Ontario et Tellier","Entreprise","Bisson Expert Inc.","t","f","t","f","t","f","t","f","t","f","f","f","f","f",,,"07:00","16:00","07:00","16:00","07:00","16:00","07:00","16:00","07:00","16:00",,,"2026-09-09T00:02:02Z",-73.51823256008375,45.590519044148806
"6aa04ed3b1027700126586cd","OCC-2609DW06713684",,"Villeray-Saint-Michel-Parc-Extension","Travaux","Permis émis","2026-09-09T20:00:00Z","2026-09-10T19:59:59Z","Égouts et aqueducs - Excavation","D'Iberville entre Bélanger et Jean-Talon","Entreprise","Plomberie Mirage Inc.","t","f","t","f","t","f","t","f","t","f","f","f","f","f",,,"09:00","18:00","09:00","18:00","09:00","18:00","09:00","18:00","09:00","18:00",,,"2026-09-09T00:02:02Z",-73.60000851994359,45.55269821694677
"6aa04f34b1027700126586f8","OCC-2609NK06707732",,"Rosemont-La Petite-Patrie","Travaux","Permis émis","2026-08-27T20:00:00Z","2026-09-14T19:59:59Z","Construction/rénovation sans excavation","Ruelle","Entreprise","Héneault et Gosselin","t","f","t","f","t","f","t","f","t","f","f","f","f","f",,,"07:00","17:00","07:00","17:00","07:00","17:00","07:00","17:00","07:00","17:00",,,"2026-09-09T00:02:02Z",-73.57521481887727,45.549815421893534
"69bc0ee95f40ae0012c09918","OCC-2604OI08279688","508201","Rosemont-La Petite-Patrie","Travaux","Permis émis","2026-04-16T20:00:00Z","2026-11-01T18:59:59Z","Réseaux routier - Réfection et travaux corrélatifs","Papineau entre Dandurand et Carrières","Entrepreneur sous contrat avec la Ville de Montréal","Loiselle inc.","t","t","t","t","t","t","t","t","t","t","t","t","t","t",,,,,,,,,,,,,,,"2026-04-12T00:01:42Z",-73.58664429520003,45.53894270559802
"6aa04f55b10277001265870e","OCC-2609DQ06723796",,"Le Sud-Ouest","Travaux","Permis émis","2026-09-08T20:00:00Z","2026-09-11T19:59:59Z","Construction/rénovation sans excavation","Saint-Charles entre Ropery et Charlevoix",,,"t","f","t","f","t","f","t","f","t","f","f","f","f","f",,,"07:00","19:00","07:00","19:00","07:00","19:00","07:00","19:00","07:00","19:00",,,"2026-09-09T00:02:02Z",-73.56805507295174,45.480214826009295
"69cd24201b9d4a00123b95a7","OCC-2604BS08275028","508201","Rosemont-La Petite-Patrie","Travaux","Permis émis","2026-04-14T20:00:00Z","2026-10-31T19:59:59Z","Réseaux routier - Réfection et travaux corrélatifs","Papineau entre Carrières et Papineau","Entrepreneur sous contrat avec la Ville de Montréal","Loiselle inc.","t","t","t","t","t","t","t","t","t","t","t","t","t","t",,,,,,,,,,,,,,,"2026-04-12T00:01:42Z",-73.58876226462523,45.53970984030832
"69d6ca23ca06ac00124b013f","OCC-2604EU08301845","2112","Villeray-Saint-Michel-Parc-Extension","Travaux","Permis émis","2026-04-12T20:00:00Z","2026-12-12T18:59:59Z","Construction/rénovation sans excavation","Crémazie entre Crémazie et Outremont","Entrepreneur sous contrat avec la Ville de Montréal","Construction Demathieu & Bard (CDB) inc.","t","t","t","t","t","t","t","t","t","t","t","t","t","t",,,,,,,,,,,,,,,"2026-04-12T00:01:42Z",-73.64556519258049,45.535046403339415
"6aa05262b10277001265883a","OCC-2609FO06720475",,"Rosemont-La Petite-Patrie","Travaux","Permis émis","2026-09-07T20:00:00Z","2026-09-17T19:59:59Z","Construction/rénovation avec excavation","Ruelle",,,"t","f","t","f","t","f","t","f","t","f","f","f","f","f",,,"07:00","17:00","07:00","17:00","07:00","17:00","07:00","17:00","07:00","17:00",,,"2026-09-09T00:02:02Z",-73.59787882445929,45.53773045922511
"6aa05441b10277001265895f","OCC-2609MS06720987",,"Le Sud-Ouest","Travaux","Permis émis","2026-09-08T20:00:00Z","2026-09-15T19:59:59Z","Égouts et aqueducs - Inspection et nettoyage","Atwater entre Saint-Jacques et Saint-Antoine","Ville de Montréal",,"t","f","t","f","t","f","t","f","t","f","t","f","t","f","07:00","23:00","07:00","23:00","07:00","23:00","07:00","23:00","07:00","23:00","07:00","23:00","07:00","23:00","2026-09-09T00:02:02Z",-73.57970490750839,45.48400771681615
"69d7ebb01b9d4a00123c577a","OCC-2604BQ08301400","2112","Villeray-Saint-Michel-Parc-Extension","Travaux","Permis émis","2026-04-18T20:00:00Z","2026-12-12T18:59:59Z","Construction/rénovation sans excavation","Crémazie entre Crémazie et Outremont","Entrepreneur sous contrat avec la Ville de Montréal","Construction Demathieu & Bard (CDB) inc.","t","f","t","f","t","f","t","f","t","f","t","f","t","f","22:00","23:00","22:00","05:00","22:00","05:00","22:00","05:00","22:00","05:00","22:00","05:00","00:00","05:00","2026-04-12T00:01:42Z",-73.64545411449795,45.53524720721881
"6a4d0b99816ebc0012d46dd9","OCC-2607MK06555099",,"Ville-Marie","Travaux","Permis émis","2026-08-02T20:00:00Z","2026-12-18T18:59:59Z","Construction/rénovation sans excavation","Mackay entre René-Lévesque et Sainte-Catherine","Entreprise","Magil Construction est du Canada inc.","t","t","t","t","t","t","t","t","t","t","t","t","t","t",,,,,,,,,,,,,,,"2026-07-10T00:01:56Z",-73.57645788888757,45.49550828716328
"6a4d0ea5816ebc0012d46f45","OCC-2607XW06560162",,"Ville-Marie","Travaux","Permis émis","2026-08-02T20:00:00Z","2026-12-18T18:59:59Z","Construction/rénovation sans excavation","Ruelle","Entreprise","Magil Construction est du Canada inc.","t","f","t","f","t","f","t","f","t","f","f","f","f","f",,,"07:00","18:00","07:00","18:00","07:00","18:00","07:00","18:00","07:00","18:00",,,"2026-07-10T00:01:56Z",-73.57679523448068,45.495333584420834
"6a4e8e61d782f900122479fd","OCC-2607FE06710506",,"Ville-Marie","Travaux","Permis émis","2026-07-08T20:00:00Z","2027-05-31T19:59:59Z","Construction/rénovation avec excavation","Sainte-Catherine entre Saint-Urbain et Jeanne-Mance","Organisation publique ou son sous-traitant","Magil Construction est du Canada inc.","t","t","t","t","t","t","t","t","t","t","t","t","t","t",,,,,,,,,,,,,,,"2026-07-10T00:01:56Z",-73.56529233480057,45.50826426355316
"6aa05fb6b102770012658cc0","OCC-2609XA06787014","445710","Villeray-Saint-Michel-Parc-Extension","Travaux","Permis émis","2026-09-08T20:00:00Z","2026-09-11T19:59:59Z","Construction/rénovation sans excavation","Lajeunesse entre Jean-Talon et De Castelnau","Entrepreneur sous contrat avec la Ville de Montréal","Les Entreprises Michaudville","t","f","t","f","t","f","t","f","t","f","f","f","f","f",,,"07:00","19:00","07:00","19:00","07:00","19:00","07:00","19:00","07:00","19:00",,,"2026-09-09T00:02:02Z",-73.61614548455672,45.540166755133214
"6aa06319346927001230336f","OCC-2609OZ06754769","524002","Villeray-Saint-Michel-Parc-Extension","Travaux","Permis émis","2026-09-02T20:00:00Z","2026-09-10T19:59:59Z","Égouts et aqueducs - Excavation","L.-O.-David entre Cartier et Chabot","Entrepreneur sous contrat avec la Ville de Montréal","Insituform Technologies Limited","t","t","t","t","t","t","t","t","t","t","t","t","t","t",,,,,,,,,,,,,,,"2026-09-09T00:02:02Z",-73.61254091711675,45.55164731402712
"6a982567fa7b4d00129edb1d","OCC-2609SU06573263",,"Ville-Marie","Travaux","Permis émis","2026-09-09T20:00:00Z","2026-09-10T19:59:59Z","Entretien","Saint-Antoine entre Gosford et Bonsecours","RTU (Réseau technique urbain) ou son sous-traitant
","Hydro-Québec-Entrave courte durée","t","f","t","f","t","f","t","f","t","f","f","f","f","f",,,"08:00","16:00","08:00","16:00","08:00","16:00","08:00","16:00","08:00","16:00",,,"2026-09-09T00:02:02Z",-73.55450620915828,45.510708549413536
"6a9844795cde020012e4cd43","OCC-2609YM06699756",,"Ville-Marie","Travaux","Permis émis","2026-09-08T20:00:00Z","2026-09-16T19:59:59Z","S-2 Infrastructure souterraine mineure ou équipement hors-sol - Réseaux électriques, télécommunications ou câbles des distributions ","Commune entre Nazareth et Commune","RTU (Réseau technique urbain) ou son sous-traitant
","Telecon","t","f","t","f","t","f","t","f","t","f","f","f","f","f",,,"07:00","17:00","07:00","17:00","07:00","17:00","07:00","17:00","07:00","17:00",,,"2026-09-09T00:02:02Z",-73.55315003022574,45.49399092518256
"6a9851f8fa7b4d00129ee87e","OCC-2609WS06588047","2432","Ville-Marie","Travaux","Permis émis","2026-09-09T20:00:00Z","2026-09-11T19:59:59Z","Construction/rénovation sans excavation","Viger entre Wolfe et 720","Entrepreneur sous contrat avec la Ville de Montréal","Eurovia Québec Grands Projets","t","f","t","f","t","f","t","f","t","f","f","f","f","f",,,"09:00","15:00","09:00","15:00","09:00","15:00","09:00","15:00","09:00","15:00",,,"2026-09-09T00:02:02Z",-73.55064407533578,45.51711191133964
"6a986495fa7b4d00129eee9a","OCC-2609TF06477537",,"Saint-Léonard","Travaux","Permis émis","2026-09-07T20:00:00Z","2026-09-11T19:59:59Z","Autre","Paul-Sauvé entre Lacordaire et Prévoyants","RTU (Réseau technique urbain) ou son sous-traitant
","Lanauco","t","f","t","f","t","f","t","f","t","f","f","f","f","f",,,"06:00","16:00","06:00","16:00","06:00","16:00","06:00","16:00","06:00","16:00",,,"2026-09-09T00:02:02Z",-73.59788637799001,45.58953961611804
"6a986c5ffa7b4d00129ef16e","OCC-2609TI06476641",,"Saint-Léonard","Travaux","Permis émis","2026-09-07T20:00:00Z","2026-09-11T19:59:59Z","Autre","Fadette entre Joubert et Comtois","RTU (Réseau technique urbain) ou son sous-traitant
","Lanauco","t","f","t","f","t","f","t","f","t","f","f","f","f","f",,,"06:00","16:00","06:00","16:00","06:00","16:00","06:00","16:00","06:00","16:00",,,"2026-09-09T00:02:02Z",-73.59111046871269,45.58777393382306
"6a98a4125cde020012e4e288","OCC-2609JO06590885",,"Ville-Marie","Travaux","Permis émis","2026-09-09T20:00:00Z","2026-09-10T19:59:59Z","Construction/rénovation avec excavation","Saint-Antoine entre Bonsecours et Berri","Entreprise","CLOBRACON CONSTRUCTION INC.","t","f","t","f","t","f","t","f","t","f","f","f","f","f",,,"06:00","18:00","06:00","18:00","06:00","18:00","06:00","18:00","06:00","18:00",,,"2026-09-09T00:02:02Z",-73.55425769549468,45.511146640752806
"6a997f01fa7b4d00129f1249","OCC-2609SN06625725",,"Ville-Marie","Travaux","Permis émis","2026-09-01T20:00:00Z","2026-09-11T19:59:59Z","Construction/rénovation sans excavation","Président-Kennedy entre Victoria et McGill College","Entreprise","EPSYLON CONCEPT INC.","t","f","t","f","t","f","t","f","t","f","f","f","f","f",,,"06:00","14:00","06:00","14:00","06:00","14:00","06:00","14:00","06:00","14:00",,,"2026-09-09T00:02:02Z",-73.57327575250089,45.50352323171085
"6a99c5f1fa7b4d00129f2c6e","OCC-2609ST06720010",,"St-Laurent","Travaux","Permis émis","2026-09-08T20:00:00Z","2026-09-10T19:59:59Z","Construction/rénovation sans excavation","Ward entre Authier et Alexis-Nihon","Entreprise","Investissement Ward","t","t","t","t","t","t","t","t","t","t","f","t","f","t",,,,,,,,,,,,,,,"2026-09-09T00:02:02Z",-73.67865537643051,45.498450107285166
"6a99cf5f5cde020012e50def","OCC-2609JK06478767","0000","Saint-Léonard","Travaux","Permis émis","2026-09-07T20:00:00Z","2026-09-11T19:59:59Z","Autre","Complexe Administratif De Saint-Léonard","Entrepreneur sous contrat avec la Ville de Montréal","Montreal Scellant Inc.","t","t","t","t","t","t","t","t","t","t","f","f","f","f",,,,,,,,,,,,,,,"2026-09-09T00:02:02Z",-73.59639775276142,45.585841136076176
"6a99d3b95cde020012e50e95","OCC-2609LG07053618",,"Le Sud-Ouest","Travaux","Permis émis","2026-09-08T20:00:00Z","2026-09-11T19:59:59Z","Autre","Georges-Vanier entre Blake et Coursol","RTU (Réseau technique urbain) ou son sous-traitant
","Telecon","t","f","t","f","t","f","t","f","t","f","f","f","f","f",,,"07:00","17:00","07:00","17:00","07:00","17:00","07:00","17:00","07:00","17:00",,,"2026-09-09T00:02:02Z",-73.57549618105591,45.4879693757778
"6a99e3b55cde020012e5104d","OCC-2609RX06567196",,"Ville-Marie","Travaux","Permis émis","2026-09-08T20:00:00Z","2026-09-10T19:59:59Z","S-1 Infrastructure souterraine existante","Stanley entre Sainte-Catherine et De Maisonneuve","RTU (Réseau technique urbain) ou son sous-traitant
","Telecon","t","f","t","f","t","f","t","f","t","f","f","f","f","f",,,"07:00","17:00","07:00","17:00","07:00","17:00","07:00","17:00","07:00","17:00",,,"2026-09-09T00:02:02Z",-73.57394714889317,45.49955464320865
"6a99e8675cde020012e510a4","OCC-2609XC06689376","527003","Rosemont-La Petite-Patrie","Travaux","Permis émis","2026-09-08T20:00:00Z","2026-09-15T19:59:59Z","Autre","Sherbrooke entre Assomption et Dickson","Entrepreneur sous contrat avec la Ville de Montréal","Les Entrepreneurs Bucaro","t","f","t","f","t","f","t","f","t","f","f","f","f","f",,,"20:00","05:00","20:00","05:00","20:00","05:00","20:00","05:00","20:00","05:00",,,"2026-09-09T00:02:02Z",-73.5501376598307,45.57185396945879
"6a9ac43fb102770012654248","OCC-2609YZ06564844","26005","Ville-Marie","Travaux","Permis émis","2026-09-09T20:00:00Z","2026-09-16T19:59:59Z","Trottoirs - Construction","Saint-Antoine entre Saint-Laurent et Hôtel-de-Ville","Entrepreneur sous contrat avec la Ville de Montréal","COJALAC INC.","t","t","t","t","t","t","t","t","t","t","t","t","t","t",,,,,,,,,,,,,,,"2026-09-09T00:02:02Z",-73.55712895955917,45.50718744547349
"6a9ad13cb102770012654615","OCC-2609FV03109947",,"Le Plateau-Mont-Royal","Travaux","Permis émis","2026-09-03T20:00:00Z","2026-09-25T19:59:59Z","Égouts et aqueducs - Excavation","Hutchison entre Milton et Prince-Arthur","Ville de Montréal",,"t","t","t","t","t","t","t","t","t","t","t","t","t","t",,,,,,,,,,,,,,,"2026-09-09T00:02:02Z",-73.57591994328607,45.509623646110775
"6a9add9634692700122ff0e4","OCC-2609QS06664918","521907","St-Laurent","Travaux","Permis émis","2026-09-09T20:00:00Z","2026-09-11T19:59:59Z","Autre","Raymond-Lasnier entre Cavendish et Beaulac","Entrepreneur sous contrat avec la Ville de Montréal","Construction N.R.C. Inc","t","f","t","f","t","f","t","f","t","f","f","f","f","f",,,"09:00","15:00","09:00","15:00","09:00","15:00","09:00","15:00","09:00","15:00",,,"2026-09-09T00:02:02Z",-73.71431079895201,45.50705295027671
"6a4e646b34772f0012a8c7ff","OCC-2607LG06628283","503001","Ville-Marie","Travaux","Permis émis","2026-07-07T20:00:00Z","2026-11-16T18:59:59Z","Construction/rénovation avec excavation","Saint-Mathieu entre Tupper et De Maisonneuve","Entrepreneur sous contrat avec la Ville de Montréal","Roxboro Excavation Inc.","t","t","t","t","t","t","t","t","t","t","t","t","t","t",,,,,,,,,,,,,,,"2026-07-10T00:01:56Z",-73.57921823024772,45.49385435987061
"6aa0017034692700123010c8","OCC-2609MU06506193",,"Ville-Marie","Travaux","Permis émis","2026-09-07T20:00:00Z","2026-09-11T19:59:59Z","Construction/rénovation sans excavation","Saint-Hubert entre De La Gauchetière et René-Lévesque","Organisation publique ou son sous-traitant","Hydro Québec","t","t","t","t","t","t","t","t","t","t","f","f","f","f",,,,,,,,,,,,,,,"2026-09-09T00:02:02Z",-73.55575586355032,45.51407979558059
"6aa001be34692700123010e4","OCC-2609GQ06622455",,"Rosemont-La Petite-Patrie","Travaux","Permis émis","2026-09-09T20:00:00Z","2026-09-10T19:59:59Z","Autre","Jean-Talon entre De Chateaubriand et Saint-Hubert","Entreprise","ASTRAL MEDIA AFFICHAGE, S.E.C.","t","f","t","f","t","f","t","f","t","f","f","f","f","f",,,"10:00","14:00","10:00","14:00","10:00","14:00","10:00","14:00","10:00","14:00",,,"2026-09-09T00:02:02Z",-73.61336260628264,45.54000743090768
"6a4e680634772f0012a8c94d","OCC-2607OA06593664",,"Le Sud-Ouest","Travaux","Permis émis","2026-02-11T19:00:00Z","2026-11-08T18:59:59Z","Construction/rénovation avec excavation","Centre entre Island et Laprairie","Organisation publique ou son sous-traitant","HABITATION LAPRAIRIE","t","f","t","f","t","f","t","f","t","f","f","f","f","f",,,"06:00","18:00","06:00","18:00","06:00","18:00","06:00","18:00","06:00","18:00",,,"2026-07-10T00:01:56Z",-73.56543112679303,45.48077196394903
"6aa0013db102770012656b44","OCC-2609UO07051080",,"Le Sud-Ouest","Travaux","Permis émis","2026-09-07T20:00:00Z","2026-09-10T19:59:59Z","Construction/rénovation sans excavation","William entre Chatham et Canning","Entreprise","Omnia Technologies inc.","t","f","t","f","t","f","t","f","t","f","f","f","f","f",,,"07:00","19:00","07:00","19:00","07:00","19:00","07:00","19:00","07:00","19:00",,,"2026-09-09T00:02:02Z",-73.56853850756518,45.48579939041112
"6aa001f73469270012301104","OCC-2609GJ06530798",,"Le Sud-Ouest","Travaux","Permis émis","2026-09-07T20:00:00Z","2026-09-11T19:59:59Z","Construction/rénovation sans excavation","Cabot entre Eadie et Hadley","Entreprise","Frare Gallant Construction","t","f","t","f","t","f","t","f","t","f","f","f","f","f",,,"07:00","15:00","07:00","15:00","07:00","15:00","07:00","15:00","07:00","15:00",,,"2026-09-09T00:02:02Z",-73.59103291368542,45.46556983987042
"6aa00366346927001230122a","OCC-2609YV06507782",,"Ahuntsic-Cartierville","Travaux","Permis émis","2026-08-02T20:00:00Z","2026-12-18T18:59:59Z","Construction/rénovation sans excavation","Parthenais entre Prieur et Henri-Bourassa","Entreprise","GESTION LEMNY INC.","t","t","t","t","t","t","t","t","t","t","t","t","t","t",,,,,,,,,,,,,,,"2026-09-09T00:02:02Z",-73.65546814083498,45.57480291218558
"6aa0039ab102770012656c6f","OCC-2609CJ06753494",,"Côte-des-Neiges-Notre-Dame-de-Grâce","Travaux","Permis émis","2026-09-07T20:00:00Z","2026-10-30T19:59:59Z","Construction/rénovation sans excavation","Décarie entre Saint-Jacques et Crowley","Entreprise","Corsim Construction Inc.","t","t","t","t","t","t","t","t","t","t","t","t","t","t",,,,,,,,,,,,,,,"2026-09-09T00:02:02Z",-73.60360851353298,45.47192899599403
"6a9f2484b1027700126565de","OCC-2609CJ06527729",,"Rosemont-La Petite-Patrie","Travaux","Permis émis","2026-09-09T20:00:00Z","2026-09-11T19:59:59Z","Construction/rénovation sans excavation","Ruelle","Entreprise","LES BALCONS ET ESCALIERS IDÉALS INC.","t","f","t","f","t","f","t","f","t","f","f","f","f","f",,,"07:00","17:00","07:00","17:00","07:00","17:00","07:00","17:00","07:00","17:00",,,"2026-09-09T00:02:02Z",-73.59850951422287,45.5380110101203
"6aa0044234692700123012df","OCC-2609JY06594499",,"Le Plateau-Mont-Royal","Travaux","Permis émis","2026-09-08T20:00:00Z","2026-09-29T19:59:59Z","Autre","Clark entre Milton et Prince-Arthur","Ville de Montréal",,"t","t","t","t","t","t","t","t","t","t","t","t","t","t",,,,,,,,,,,,,,,"2026-09-09T00:02:02Z",-73.57106317906998,45.5124429545895
"6aa00444b102770012656cc7","OCC-2609YO06779050","2602","Lachine","Travaux","Permis émis","2026-09-09T20:00:00Z","2026-10-02T19:59:59Z","Trottoirs - Construction","45e entre Provost et Sherbrooke","Entrepreneur sous contrat avec la Ville de Montréal","COJALAC INC.","t","t","t","t","t","t","t","t","t","t","t","t","t","t",,,,,,,,,,,,,,,"2026-09-09T00:02:02Z",-73.70671311226376,45.442847169288726
"6aa004823469270012301300","OCC-2609BK06789482","2602","Lachine","Travaux","Permis émis","2026-09-09T20:00:00Z","2026-10-02T19:59:59Z","Trottoirs - Construction","7e entre Saint-Antoine et Provost","Entrepreneur sous contrat avec la Ville de Montréal","COJALAC INC.","t","t","t","t","t","t","t","t","t","t","t","t","t","t",,,,,,,,,,,,,,,"2026-09-09T00:02:02Z",-73.67037730792882,45.44022058245093
"6aa005f1b102770012656d67","OCC-2609WD06545861",,"Le Sud-Ouest","Travaux","Permis émis","2026-09-09T20:00:00Z","2026-10-06T19:59:59Z","Construction/rénovation avec excavation","Leprohon entre Angers et Laurendeau","Entreprise","Héneault et Gosselin","t","f","t","f","t","f","t","f","t","f","f","f","f","f",,,"07:00","17:00","07:00","17:00","07:00","17:00","07:00","17:00","07:00","17:00",,,"2026-09-09T00:02:02Z",-73.58773721011896,45.46009609139245
"6aa0068e34692700123013c5","OCC-2609NW06535484",,"Villeray-Saint-Michel-Parc-Extension","Travaux","Permis émis","2026-09-09T20:00:00Z","2026-09-10T19:59:59Z","Toiture - Rénovation","Foucher entre Leman et Liège","Entreprise","Les Couvreurs Dubuc inc","t","f","t","f","t","f","t","f","t","f","f","f","f","f",,,"06:00","18:00","06:00","18:00","06:00","18:00","06:00","18:00","06:00","18:00",,,"2026-09-09T00:02:02Z",-73.63214163734143,45.54619879277962
"6aa040e3346927001230279a","OCC-2609OI06665251",,"Rosemont-La Petite-Patrie","Travaux","Permis émis","2026-09-07T20:00:00Z","2026-09-11T19:59:59Z","Autre","Saint-Dominique entre Beaubien et Saint-Zotique","Entreprise","ATWILL-MORIN BÉTON INC.","t","t","t","t","t","t","t","t","t","t","f","f","f","f",,,,,,,,,,,,,,,"2026-09-09T00:02:02Z",-73.61114071663087,45.532255427537486
"6a4566cc816ebc0012d3d3ce","OCC-2607AV06499028","524106","Ahuntsic-Cartierville","Travaux","Permis émis","2026-07-12T20:00:00Z","2026-11-02T18:59:59Z","Autre","Port-Royal entre Saint-Laurent et Saint-Denis","Entrepreneur sous contrat avec la Ville de Montréal","FER-PAL CONSTRUCTION LTD.","t","t","t","t","t","t","t","t","t","t","t","t","t","t",,,,,,,,,,,,,,,"2026-07-10T00:01:56Z",-73.65626663988965,45.54910241172167
"6a04925d2dd5770012485f5c","OCC-2605VQ15989753",,"Saint-Léonard","Travaux","Permis émis","2026-05-18T20:00:00Z","2029-05-18T19:59:59Z","Autre","Cannes entre Baunard et Jean-Talon","Organisation publique ou son sous-traitant","Société de transports de Montréal (STM) Prolongement de la ligne bleue","t","t","t","t","t","t","t","t","t","t","t","t","t","t",,,,,,,,,,,,,,,"2026-05-21T00:01:43Z",-73.58462734386146,45.57391287402656
"6aa041ef3469270012302851","OCC-2609UR06671153",,"Rosemont-La Petite-Patrie","Travaux","Permis émis","2026-09-08T20:00:00Z","2026-09-14T19:59:59Z","Égouts et aqueducs - Excavation","Charlemagne entre Masson et Dandurand","Entreprise","Les fondations Nouvelle Génération inc.","t","t","t","t","t","t","t","t","t","t","t","t","t","t",,,,,,,,,,,,,,,"2026-09-09T00:02:02Z",-73.5709112106636,45.558242927432936
"6aa0428d34692700123028c7","OCC-2609WJ06669400",,"Rosemont-La Petite-Patrie","Travaux","Permis émis","2026-08-30T20:00:00Z","2026-09-22T19:59:59Z","Construction/rénovation sans excavation","Ruelle",,,"t","t","t","t","t","t","t","t","t","t","t","t","t","t",,,,,,,,,,,,,,,"2026-09-09T00:02:02Z",-73.59727939205241,45.548292348673925
"6aa043ea346927001230296c","OCC-2609BL06710289",,"Le Sud-Ouest","Travaux","Permis émis","2026-09-07T20:00:00Z","2026-09-10T19:59:59Z","Construction/rénovation sans excavation","Monk entre Parc-Garneau et Springland","Entreprise","CONSTRUCTION MODULOR INC.","t","f","t","f","t","f","t","f","t","f","f","f","f","f",,,"07:00","17:00","07:00","17:00","07:00","17:00","07:00","17:00","07:00","17:00",,,"2026-09-09T00:02:02Z",-73.59438171405615,45.45442089704825
"6a972570fa7b4d00129ec468","OCC-2609YN06784675",,"St-Laurent","Travaux","Permis émis","2026-09-08T20:00:00Z","2026-10-21T19:59:59Z","S-3 Infrastructure souterraine majeure - Massifs et conduits","Côte-de-Liesse entre Liesse et Station","RTU (Réseau technique urbain) ou son sous-traitant
","Construction N.R.C. Inc","t","t","t","t","t","t","t","t","t","t","t","t","t","t",,,,,,,,,,,,,,,"2026-09-09T00:02:02Z",-73.70571376630586,45.47542556156777
"6a201fe6ef86e200124cce07","OCC-2606HL02197745",,"Ville-Marie","Travaux","Permis émis","2026-06-02T20:00:00Z","2026-11-13T18:59:59Z","Construction/rénovation sans excavation","De Maisonneuve entre Robert-Bourassa et McGill College","Entreprise","EPSYLON CONCEPT INC.","t","t","t","t","t","t","t","t","t","t","t","t","t","t",,,,,,,,,,,,,,,"2026-06-05T00:02:01Z",-73.5724070484219,45.50337319886482
"6a7a11c88d88dc00127b517a","OCC-2608YP09319474",,"Ville-Marie","Travaux","Permis émis","2026-08-11T20:00:00Z","2026-09-13T19:59:59Z","Construction/rénovation sans excavation","Visitation entre René-Lévesque et Sainte-Rose","Entreprise","Construction J.G Lessard & Fils Inc.","t","f","t","f","t","f","t","f","t","f","f","f","f","f",,,"06:00","16:00","06:00","16:00","06:00","16:00","06:00","16:00","06:00","16:00",,,"2026-08-13T00:01:54Z",-73.55384289904899,45.51855285576764
"6a2aa64cf588d7001216b37d","OCC-2606LI09326557","1773089","Villeray-Saint-Michel-Parc-Extension","Travaux","Permis émis","2026-06-14T20:00:00Z","2026-12-01T18:59:59Z","Égouts et aqueducs - Excavation","9e entre Legendre et Louvain","Entrepreneur sous contrat avec la Ville de Montréal","9329-0146 Québec inc.","t","t","t","t","t","t","t","t","t","t","t","t","t","t",,,,,,,,,,,,,,,"2026-09-09T00:02:02Z",-73.63117682479502,45.57192729404487
"6a59087e45ae010012f30451","OCC-2609DW06524604",,"Saint-Léonard","Travaux","Permis émis","2026-09-08T20:00:00Z","2026-09-10T19:59:59Z","Entretien","Jarry entre Jean-Nicolet et Cap","RTU (Réseau technique urbain) ou son sous-traitant
","Hydro-Québec-Entrave courte durée","t","f","t","f","t","f","t","f","t","f","f","f","f","f",,,"09:00","16:00","09:00","16:00","09:00","16:00","09:00","16:00","09:00","16:00",,,"2026-09-09T00:02:02Z",-73.59481367389698,45.580909216565466
"6a59412103484400126367d0","OCC-2609JF06741823",,"Villeray-Saint-Michel-Parc-Extension","Travaux","Permis émis","2026-09-07T20:00:00Z","2028-03-17T19:59:59Z","Construction/rénovation avec excavation","Papineau entre Jean-Talon et Everett","Organisation publique ou son sous-traitant","MGB Associés Inc.","t","t","t","t","t","t","t","t","t","t","t","t","t","t",,,,,,,,,,,,,,,"2026-09-09T00:02:02Z",-73.60752301664311,45.54789027442655
"6a69eabacec631001263bacf","OCC-2609FK06784075",,"St-Laurent","Travaux","Permis émis","2026-09-08T20:00:00Z","2026-09-10T19:59:59Z","Entretien","Saint-Aubin entre Decelles et Côte-Vertu","RTU (Réseau technique urbain) ou son sous-traitant
","Hydro-Québec-Entrave courte durée","t","f","t","f","t","f","t","f","t","f","f","f","f","f",,,"08:00","16:00","08:00","16:00","08:00","16:00","08:00","16:00","08:00","16:00",,,"2026-09-09T00:02:02Z",-73.68881871087352,45.50856166851157
"6a88692c8d981b0012f6196a","OCC-2609WH06768619","2026021","Mercier-Hochelaga-Maisonneuve","Travaux","Permis émis","2026-09-09T20:00:00Z","2026-09-11T19:59:59Z","Autre","Tellier entre Pierre-Tétreault et Joffre","Entrepreneur sous contrat avec la Ville de Montréal","Les Pavages Céka","t","f","t","f","t","f","t","f","t","f","f","f","f","f",,,"07:00","19:00","07:00","19:00","07:00","19:00","07:00","19:00","07:00","19:00",,,"2026-09-09T00:02:02Z",-73.51462745088877,45.60035953536634
"6a88a4218d88dc00127cc30a","OCC-2609TA06752184",,"Verdun","Travaux","Permis émis","2026-09-10T20:00:00Z","2026-09-12T19:59:59Z","Construction/rénovation sans excavation","10 entre 10 et 10","Organisation publique ou son sous-traitant","Pomerleau Inc.","t","f","t","f","t","f","t","f","t","f","t","f","f","f","00:00","04:00","22:00","23:00","22:00","23:00","22:00","23:00","22:00","23:00","22:00","23:00",,,"2026-09-09T00:02:02Z",-73.54209012484743,45.47432622071355
"6a8c4b2b8d981b0012f63618","OCC-2609IM06708007","524003","Mercier-Hochelaga-Maisonneuve","Travaux","Permis émis","2026-09-08T20:00:00Z","2026-09-10T19:59:59Z","Égouts et aqueducs - Réhabilitation","Souligny entre Lapointe et Lebrun","Entrepreneur sous contrat avec la Ville de Montréal","Insituform Technologies Limited","t","t","t","t","t","t","t","t","t","t","f","f","f","f",,,,,,,,,,,,,,,"2026-09-09T00:02:02Z",-73.51947750101823,45.59770469046028
"6a91cc0c8d88dc00127da817","OCC-2609YX06554412",,"Le Sud-Ouest","Travaux","Permis émis","2026-09-07T20:00:00Z","2026-09-10T19:59:59Z","Égouts et aqueducs - Inspection et nettoyage","Saint-Antoine entre Guy et Richmond","Ville de Montréal",,"t","f","t","f","t","f","t","f","t","f","f","f","f","f",,,"09:30","15:00","09:30","15:00","09:30","15:00","09:30","15:00","09:30","15:00",,,"2026-09-09T00:02:02Z",-73.57247601144614,45.492397902146095
"6a95c30d8d981b0012f72607","OCC-2609YP01465705","15881","Montréal-Nord","Travaux","Permis émis","2026-09-06T20:00:00Z","2026-12-04T18:59:59Z","Construction/rénovation sans excavation","Oscar entre Mayenne et Doric","Entrepreneur sous contrat avec la Ville de Montréal","Magil Construction est du Canada inc.","t","t","t","t","t","t","t","t","t","t","t","t","t","t",,,,,,,,,,,,,,,"2026-09-09T00:02:02Z",-73.6488959473846,45.58208663242352
"6a96e79cfa7b4d00129eaea2","OCC-2609XB03117394",,"Lachine","Travaux","Permis émis","2026-09-09T20:00:00Z","2026-09-10T19:59:59Z","A-1 Réseau aérien existant","George-V entre Saint-Antoine et Provost","RTU (Réseau technique urbain) ou son sous-traitant
","Laurin Laurin (Bell, VL, EC, HQ)","t","f","t","f","t","f","t","f","t","f","f","f","f","f",,,"07:00","17:00","07:00","17:00","07:00","17:00","07:00","17:00","07:00","17:00",,,"2026-09-09T00:02:02Z",-73.66344057462555,45.44075706695039
"6a96fbbc5cde020012e4a5d8","OCC-2609SC06506173",,"Ville-Marie","Travaux","Permis émis","2026-09-09T20:00:00Z","2026-09-11T19:59:59Z","Entretien","Saint-Alexandre entre Saint-Antoine et Saint-Alexandre","Entreprise","Entretien McGill Inc","t","f","t","f","t","f","t","f","t","f","f","f","f","f",,,"07:00","17:00","07:00","17:00","07:00","17:00","07:00","17:00","07:00","17:00",,,"2026-09-09T00:02:02Z",-73.56160472991522,45.50240286329916
"6a97033b5cde020012e4a735","OCC-2609AL00635293",,"Ville-Marie","Travaux","Permis émis","2026-09-07T20:00:00Z","2026-10-20T19:59:59Z","Construction/rénovation sans excavation","Notre-Dame entre Sainte-Hélène et McGill","Entreprise","ROBERT HARDY INC","t","t","t","t","t","t","t","t","t","t","t","t","t","t",,,,,,,,,,,,,,,"2026-09-09T00:02:02Z",-73.55931393850851,45.50144413902933
"6a97210bfa7b4d00129ec25b","OCC-2609NS06514802",,"Ville-Marie","Travaux","Permis émis","2026-09-10T20:00:00Z","2026-09-11T19:59:59Z","Autre","Metcalfe entre Sainte-Catherine et Mount-Royal","Entreprise","lecavalier transfert (1992) inc.","t","f","t","f","t","f","t","f","t","f","f","f","f","f",,,"07:00","17:00","07:00","17:00","07:00","17:00","07:00","17:00","07:00","17:00",,,"2026-09-09T00:02:02Z",-73.5725138117371,45.50081711792818
"6a9b0e7534692700122fffd4","OCC-2609LT07055676","405720","Le Sud-Ouest","Travaux","Permis émis","2026-09-09T20:00:00Z","2026-09-11T19:59:59Z","Autre","Eleanor entre Ottawa et William","Entrepreneur sous contrat avec la Ville de Montréal","Les Excavations Super Inc.","t","f","t","f","t","f","t","f","t","f","f","f","f","f",,,"06:00","18:00","06:00","18:00","06:00","18:00","06:00","18:00","06:00","18:00",,,"2026-09-09T00:02:02Z",-73.56177174555506,45.49280665986541
"6a9b14b6346927001230018a","OCC-2609UT06697964",,"Ville-Marie","Travaux","Permis émis","2026-09-09T20:00:00Z","2026-09-10T19:59:59Z","Construction/rénovation sans excavation","Président-Kennedy entre Union et Robert-Bourassa","Entreprise","Construction Wolfe Inc.","t","f","t","f","t","f","t","f","t","f","f","f","f","f",,,"06:00","16:00","06:00","16:00","06:00","16:00","06:00","16:00","06:00","16:00",,,"2026-09-09T00:02:02Z",-73.57233702810541,45.50466462186528
"68d5bc477fefe30012f988b3","OCC-2509MR25537894",,"Saint-Léonard","Travaux","Permis émis","2025-09-29T20:00:00Z","2026-09-29T19:59:59Z","Autre","Jean-Talon entre Buies et Cannes","Organisation publique ou son sous-traitant","Société de transports de Montréal (STM) Prolongement de la ligne bleue","t","f","t","f","t","f","t","f","t","f","t","f","t","f","07:00","17:00","07:00","17:00","07:00","17:00","07:00","17:00","07:00","17:00","07:00","17:00","07:00","17:00","2025-10-02T00:01:49Z",-73.58549423507432,45.57340384566327
"6a4ead7734772f0012a8dd28","OCC-2607ZA07354130",,"Outremont","Travaux","Permis émis","2026-07-10T20:00:00Z","2026-10-12T19:59:59Z","Construction/rénovation sans excavation","Van Horne entre Bloomfield et Champagneur","Entreprise","1226 Van Horne Investissements S.E.C.","t","t","t","t","t","t","t","t","t","t","t","t","t","t",,,,,,,,,,,,,,,"2026-07-11T00:01:48Z",-73.613296014275,45.52214506353176
"6a9b1aeb3469270012300320","OCC-2609XZ06488908",,"Ville-Marie","Travaux","Permis émis","2026-09-07T20:00:00Z","2026-09-27T19:59:59Z","Construction/rénovation sans excavation","Montagne entre De Maisonneuve et Sherbrooke","Entreprise","Groupe Module Construction","t","t","t","t","t","t","t","t","t","t","t","t","t","t",,,,,,,,,,,,,,,"2026-09-09T00:02:02Z",-73.57736173078158,45.49896074618752
"6a9ef4673469270012300892","OCC-2609IG06577603",,"Côte-des-Neiges-Notre-Dame-de-Grâce","Travaux","Permis émis","2026-09-08T20:00:00Z","2026-09-14T19:59:59Z","Autre","Lacombe entre Gatineau et Côte-des-Neiges","Organisation publique ou son sous-traitant","SDC Côte-des-Neiges","t","t","t","t","t","t","t","t","t","t","t","t","t","t",,,,,,,,,,,,,,,"2026-09-09T00:02:02Z",-73.62307742851291,45.4972031490772
"6a9f2191b1027700126565d3","OCC-2609TE06691707",,"Mercier-Hochelaga-Maisonneuve","Travaux","Permis émis","2026-09-09T20:00:00Z","2026-09-10T19:59:59Z","Construction/rénovation sans excavation","Sainte-Catherine entre Sicard et Leclaire","Entreprise","LES BALCONS ET ESCALIERS IDÉALS INC.","t","f","t","f","t","f","t","f","t","f","f","f","f","f",,,"07:00","17:00","07:00","17:00","07:00","17:00","07:00","17:00","07:00","17:00",,,"2026-09-09T00:02:02Z",-73.53154278541686,45.55469952041883
"6a9f26fdb1027700126565ee","OCC-2609QP06508722",,"Côte-des-Neiges-Notre-Dame-de-Grâce","Travaux","Permis émis","2026-09-04T20:00:00Z","2026-09-14T19:59:59Z","Autre","King-Edward entre Monkland et Terrebonne",,,"t","f","t","f","t","f","t","f","t","f","f","f","f","f",,,"07:00","17:00","07:00","17:00","07:00","17:00","07:00","17:00","07:00","17:00",,,"2026-09-09T00:02:02Z",-73.63625690324056,45.46298689937433
"6a9f5687b102770012656617","OCC-2609ZQ06489577",,"Ville-Marie","Travaux","Permis émis","2026-09-08T20:00:00Z","2026-09-12T19:59:59Z","Autre","Saint-Jacques entre Saint-Jean et Saint-Pierre",,,"t","t","t","t","t","t","t","t","t","t","t","t","t","t",,,,,,,,,,,,,,,"2026-09-09T00:02:02Z",-73.55912446792634,45.503123372742735
"6a4fc1b845ae010012f2381c","OCC-2607WO07544883",,"Villeray-Saint-Michel-Parc-Extension","Travaux","Permis émis","2026-07-08T20:00:00Z","2026-09-18T19:59:59Z","Construction/rénovation sans excavation","Tillemont entre Louis-Hébert et D'Iberville","Entreprise","Groupe Manovra inc.","t","t","t","t","t","t","t","t","t","t","t","t","t","t",,,,,,,,,,,,,,,"2026-07-11T00:01:48Z",-73.61141887896919,45.55747050205264
"6a9ae2a9b102770012654c8f","OCC-2609NG06662429","521907","St-Laurent","Travaux","Permis émis","2026-09-10T20:00:00Z","2026-09-14T19:59:59Z","Autre","Grenet entre Oxford et Henri-Bourassa","Entrepreneur sous contrat avec la Ville de Montréal","Construction N.R.C. Inc","t","f","t","f","t","f","t","f","t","f","f","f","f","f",,,"09:00","15:00","09:00","15:00","09:00","15:00","09:00","15:00","09:00","15:00",,,"2026-09-09T00:02:02Z",-73.70406995173636,45.5220939932918
"6a9ae39734692700122ff315","OCC-2609DS06680686",,"Le Plateau-Mont-Royal","Travaux","Permis émis","2026-09-09T20:00:00Z","2026-09-11T19:59:59Z","Construction/rénovation sans excavation","Saint-Joseph entre Saint-Denis et Rivard","Entreprise","LES BALCONS ET ESCALIERS IDÉALS INC.","t","f","t","f","t","f","t","f","t","f","f","f","f","f",,,"09:30","15:30","09:30","15:30","09:30","15:30","09:30","15:30","09:30","15:30",,,"2026-09-09T00:02:02Z",-73.58783297484884,45.52646901344836
"6a9af325b102770012655164","OCC-2609ZM06506982",,"Verdun","Travaux","Permis émis","2026-09-09T20:00:00Z","2026-09-16T19:59:59Z","Autre","Crawford entre Ouimet et Penniston","Entreprise","Sa excavation","t","f","t","f","t","f","t","f","t","f","f","f","f","f",,,"07:00","19:00","07:00","19:00","07:00","19:00","07:00","19:00","07:00","19:00",,,"2026-09-09T00:02:02Z",-73.59136288775204,45.43938802626265
"6a9af84b34692700122ff7f2","OCC-2609IS06474966",,"Verdun","Travaux","Permis émis","2026-09-03T20:00:00Z","2026-11-13T18:59:59Z","Construction/rénovation avec excavation","Ruelle","Entreprise","3093-3758 Québec inc (Protech Construction)","t","f","t","f","t","f","t","f","t","f","f","f","f","f",,,"07:00","16:00","07:00","16:00","07:00","16:00","07:00","16:00","07:00","16:00",,,"2026-09-09T00:02:02Z",-73.5673264109522,45.46529924437931
"6a9b0148b102770012655402","OCC-2609LM06637891","26005","Ville-Marie","Travaux","Permis émis","2026-09-07T20:00:00Z","2026-09-10T19:59:59Z","Trottoirs - Construction","René-Lévesque entre Fort et Hope","Entrepreneur sous contrat avec la Ville de Montréal","COJALAC INC.","t","t","t","t","t","t","t","t","t","t","f","f","f","f",,,,,,,,,,,,,,,"2026-09-09T00:02:02Z",-73.5793727158504,45.48961246294981
"6a9afad7b102770012655280","OCC-2609QG06493674",,"Anjou","Travaux","Permis émis","2026-09-09T20:00:00Z","2026-09-18T19:59:59Z","S-3 Infrastructure souterraine majeure - Réseaux de gaz","Jean-Talon entre Halles et Halles","RTU (Réseau technique urbain) ou son sous-traitant
","Marathon Division Gaz","t","f","t","f","t","f","t","f","t","f","f","f","f","f",,,"07:00","16:00","07:00","16:00","07:00","16:00","07:00","16:00","07:00","16:00",,,"2026-09-09T00:02:02Z",-73.5703704601914,45.5975186053258
"6a9b068234692700122ffd2b","OCC-2609MZ06534052",,"Rosemont-La Petite-Patrie","Travaux","Permis émis","2026-09-07T20:00:00Z","2026-09-18T19:59:59Z","Construction/rénovation sans excavation","D'Iberville entre Masson et Dandurand","Entreprise","RESIDIA - DÉVELOPPEMENT IMMOBILIER INC.","t","f","t","f","t","f","t","f","t","f","f","f","f","f",,,"07:00","16:00","07:00","16:00","07:00","16:00","07:00","16:00","07:00","16:00",,,"2026-09-09T00:02:02Z",-73.57836094136358,45.54321552115637
"6a9b0700b102770012655619","OCC-2609QX06550254",,"Verdun","Travaux","Permis émis","2026-09-09T20:00:00Z","2026-09-17T19:59:59Z","S-2 Infrastructure souterraine mineure ou équipement hors-sol - Réseaux de gaz ","Rolland entre Monteith et Beurling","RTU (Réseau technique urbain) ou son sous-traitant
","Énergir","t","f","t","f","t","f","t","f","t","f","t","f","f","f","08:00","17:00","07:00","19:00","07:00","19:00","07:00","19:00","07:00","19:00","07:00","19:00",,,"2026-09-09T00:02:02Z",-73.58305706602057,45.44582348470435
"6a9b0897b102770012655679","OCC-2609MY06495579",,"Rosemont-La Petite-Patrie","Travaux","Permis émis","2026-09-09T20:00:00Z","2026-09-10T19:59:59Z","Entretien","De Saint-Vallier entre Beaubien et Saint-Zotique","Entreprise","AQUA JET RESTAURATION INC.","t","f","t","f","t","f","t","f","t","f","f","f","f","f",,,"07:00","18:00","07:00","18:00","07:00","18:00","07:00","18:00","07:00","18:00",,,"2026-09-09T00:02:02Z",-73.60602498917885,45.53544432271228
"6a9b0a28b102770012655716","OCC-2609CH06478564",,"Rosemont-La Petite-Patrie","Travaux","Permis émis","2026-09-01T20:00:00Z","2026-09-14T19:59:59Z","S-2 Infrastructure souterraine mineure ou équipement hors-sol - Réseaux de gaz ","De Normanville entre Bellechasse et Beaubien","RTU (Réseau technique urbain) ou son sous-traitant
","Énergir","t","f","t","f","t","f","t","f","t","f","t","f","f","f","07:00","19:00","07:00","19:00","07:00","19:00","07:00","19:00","07:00","19:00","07:00","19:00",,,"2026-09-09T00:02:02Z",-73.59780184379056,45.53808347319938
"6a9b0b79b1027700126557b2","OCC-2609CH06633310",,"Villeray-Saint-Michel-Parc-Extension","Travaux","Permis émis","2026-09-07T20:00:00Z","2026-09-10T19:59:59Z","Autre","Paul-Boutet entre Jarry et Jarry","CSEM (Commission des services électriques de Montréal) ou son sous-traitant
","Telecon","t","f","t","f","t","f","t","f","t","f","f","f","f","f",,,"07:00","17:00","07:00","17:00","07:00","17:00","07:00","17:00","07:00","17:00",,,"2026-09-09T00:02:02Z",-73.61501540837469,45.55965737911552
"69dd389b924e8d0012f6130f","OCC-2604QZ11731239","2420779","L'Île-Bizard-Sainte-Geneviève","Travaux","Permis émis","2026-04-13T20:00:00Z","2026-11-30T18:59:59Z","Entretien","Ruelle","Entrepreneur sous contrat avec la Ville de Montréal","Les entreprises Roseneige","t","f","t","f","t","f","t","f","t","f","f","f","f","f",,,"06:00","21:00","06:00","21:00","06:00","21:00","06:00","21:00","06:00","21:00",,,"2026-04-16T00:01:52Z",-73.88041894932651,45.48690460321813
"69dd3aa510232b00128321ca","OCC-2604EL11724376","2420779","Pierrefonds-Roxboro","Travaux","Permis émis","2026-04-13T20:00:00Z","2026-11-30T18:59:59Z","Entretien","Mairie d'arrondissement (Pierrefonds-Roxboro)","Entrepreneur sous contrat avec la Ville de Montréal","Les entreprises Roseneige","t","f","t","f","t","f","t","f","t","f","f","f","f","f",,,"06:00","21:00","06:00","21:00","06:00","21:00","06:00","21:00","06:00","21:00",,,"2026-04-16T00:01:52Z",-73.84787728720454,45.49540287278344
"69dd3efa10232b0012832489","OCC-2604IT11668484","2420779","Outremont","Travaux","Permis émis","2026-04-13T20:00:00Z","2026-11-30T18:59:59Z","Entretien","Ruelle","Entrepreneur sous contrat avec la Ville de Montréal","Les entreprises Roseneige","t","f","t","f","t","f","t","f","t","f","f","f","f","f",,,"06:00","21:00","06:00","21:00","06:00","21:00","06:00","21:00","06:00","21:00",,,"2026-04-16T00:01:52Z",-73.61763921829377,45.52617333921607
"69dd3fbd924e8d0012f61765","OCC-2604XS11658687","2420779","Saint-Léonard","Travaux","Permis émis","2026-04-13T20:00:00Z","2026-11-30T18:59:59Z","Entretien","Complexe Administratif De Saint-Léonard","Entrepreneur sous contrat avec la Ville de Montréal","Les entreprises Roseneige","t","f","t","f","t","f","t","f","t","f","f","f","f","f",,,"06:00","21:00","06:00","21:00","06:00","21:00","06:00","21:00","06:00","21:00",,,"2026-04-16T00:01:52Z",-73.59657568003742,45.58620223381676
"6a0630154737cd0012234b6b","OCC-2605NL18766991",,"Ville-Marie","Travaux","Permis émis","2026-05-22T20:00:00Z","2026-12-18T18:59:59Z","Construction/rénovation sans excavation","Saint-Laurent entre Le Royer et Notre-Dame","Entreprise","Sidcan Inc.","t","f","t","f","t","f","t","f","t","f","f","f","f","f",,,"06:00","18:00","06:00","18:00","06:00","18:00","06:00","18:00","06:00","18:00",,,"2026-05-24T00:01:48Z",-73.55477987009652,45.505940806740064
"6aa02df3b102770012657b53","OCC-2609UJ06616758",,"Le Plateau-Mont-Royal","Travaux","Permis émis","2026-09-08T20:00:00Z","2026-09-30T19:59:59Z","Autre","Vallières entre Saint-Laurent et Saint-Dominique","Ville de Montréal",,"t","t","t","t","t","t","t","t","t","t","t","t","t","t",,,,,,,,,,,,,,,"2026-09-09T00:02:02Z",-73.58333840264801,45.51926095418976
"6aa02e173469270012302056","OCC-2609LR06617196",,"Ville-Marie","Travaux","Permis émis","2026-09-09T20:00:00Z","2026-09-11T19:59:59Z","Réseaux routier - Réfection et travaux corrélatifs","Lincoln entre Saint-Marc et Fort","Ville de Montréal",,"t","f","t","f","t","f","t","f","t","f","f","f","f","f",,,"07:00","19:00","07:00","19:00","07:00","19:00","07:00","19:00","07:00","19:00",,,"2026-09-09T00:02:02Z",-73.58317355584884,45.4936261226181
"6aa02fc23469270012302112","OCC-2609BJ06620825","202321","Ville-Marie","Travaux","Permis émis","2026-08-30T20:00:00Z","2026-09-12T19:59:59Z","Égouts et aqueducs - Excavation","De Lorimier entre René-Lévesque et Tansley","Entrepreneur sous contrat avec la Ville de Montréal","Les Excavations Lafontaine inc.","t","t","t","t","t","t","t","t","t","t","t","t","t","t",,,,,,,,,,,,,,,"2026-09-09T00:02:02Z",-73.54863833486867,45.524014183894906
"6aa0311034692700123021f7","OCC-2609PY06658572",,"Le Plateau-Mont-Royal","Travaux","Permis émis","2026-09-07T20:00:00Z","2026-09-25T19:59:59Z","Construction/rénovation sans excavation","Ruelle","Entreprise","Construction Libersan Inc.","t","t","t","t","t","t","t","t","t","t","t","t","t","t",,,,,,,,,,,,,,,"2026-09-09T00:02:02Z",-73.56683696762347,45.53077158533726
"6aa0331734692700123022da","OCC-2609WR06665431",,"Le Plateau-Mont-Royal","Travaux","Permis émis","2026-09-07T20:00:00Z","2026-09-18T19:59:59Z","Autre","Laval entre Sherbrooke et Square-Saint-Louis","Entreprise","Bisson Expert Inc.","t","f","t","f","t","f","t","f","t","f","f","f","f","f",,,"07:00","16:00","07:00","16:00","07:00","16:00","07:00","16:00","07:00","16:00",,,"2026-09-09T00:02:02Z",-73.568913190216,45.51538670306761
"6aa034523469270012302337","OCC-2609RY06633681",,"Villeray-Saint-Michel-Parc-Extension","Travaux","Permis émis","2026-09-09T20:00:00Z","2026-09-11T19:59:59Z","Entretien","Saint-Hubert entre Gounod et Jarry","RTU (Réseau technique urbain) ou son sous-traitant
","Hydro-Québec-Entrave courte durée","t","f","t","f","t","f","t","f","t","f","f","f","f","f",,,"08:00","16:00","08:00","16:00","08:00","16:00","08:00","16:00","08:00","16:00",,,"2026-09-09T00:02:02Z",-73.62484670102862,45.54583419413206
"6aa03478b102770012657e06","OCC-2609QS06719631",,"Mercier-Hochelaga-Maisonneuve","Travaux","Permis émis","2026-09-07T20:00:00Z","2026-09-18T19:59:59Z","Autre","Des Ormeaux entre Notre-Dame et Tellier","Entreprise","Bisson Expert Inc.","t","f","t","f","t","f","t","f","t","f","f","f","f","f",,,"07:00","16:00","07:00","16:00","07:00","16:00","07:00","16:00","07:00","16:00",,,"2026-09-09T00:02:02Z",-73.51359055663782,45.59962573529028
"69d6b7c21b9d4a00123c3433","OCC-2604CY07353547","2112","Ahuntsic-Cartierville","Travaux","Permis émis","2026-04-11T20:00:00Z","2026-12-12T18:59:59Z","Construction/rénovation avec excavation","Crémazie entre Jeanne-Mance et Crémazie","Entrepreneur sous contrat avec la Ville de Montréal","Construction Demathieu & Bard (CDB) inc.","t","t","t","t","t","t","t","t","t","t","t","t","t","t",,,,,,,,,,,,,,,"2026-04-11T00:01:43Z",-73.64603984688,45.5351466254432
"69d6b85fca06ac00124affa3","OCC-2604JO07382056","6000030205","Ville-Marie","Travaux","Permis émis","2026-04-08T20:00:00Z","2026-12-31T18:59:59Z","Autre","Saint-Hubert entre Providence et Ontario","Entrepreneur sous contrat avec la Ville de Montréal","Pomerleau Inc.","t","t","t","t","t","t","t","t","t","t","t","t","t","t",,,,,,,,,,,,,,,"2026-04-11T00:01:43Z",-73.56294465530739,45.51723661055209
"69d6bbc31b9d4a00123c34b7","OCC-2604TS07358805","2112","Ahuntsic-Cartierville","Travaux","Permis émis","2026-04-18T20:00:00Z","2026-12-12T18:59:59Z","Construction/rénovation avec excavation","Crémazie entre Jeanne-Mance et Crémazie","Entrepreneur sous contrat avec la Ville de Montréal","Construction Demathieu & Bard (CDB) inc.","t","f","t","f","t","f","t","f","t","f","t","f","t","f","00:00","05:00","22:00","23:00","22:00","23:00","22:00","23:00","22:00","23:00","22:00","23:00","22:00","23:00","2026-04-11T00:01:43Z",-73.6459469100327,45.53527690295162
"6aa03521346927001230236a","OCC-2609NA06757009",,"Mercier-Hochelaga-Maisonneuve","Travaux","Permis émis","2026-09-08T20:00:00Z","2026-09-23T19:59:59Z","Construction/rénovation sans excavation","Repentigny entre Pierre-De Coubertin et Marseille","Entreprise","Briques & Cie","t","t","t","t","t","t","t","t","t","t","t","t","t","t",,,,,,,,,,,,,,,"2026-09-09T00:02:02Z",-73.5368358650536,45.5785468372249
"69d78b1f1b9d4a00123c378e","OCC-2604ZD07354852","1712208","Outremont","Travaux","Permis émis","2026-04-14T20:00:00Z","2026-11-02T18:59:59Z","Construction/rénovation sans excavation","Wiseman entre Ducharme et Manseau","Entrepreneur sous contrat avec la Ville de Montréal","Charex inc","t","t","t","t","t","t","t","t","t","t","t","t","t","t",,,,,,,,,,,,,,,"2026-04-11T00:01:43Z",-73.61762573368995,45.52149987871962
"6aa037a6b102770012657e89","OCC-2609CK06703649",,"Villeray-Saint-Michel-Parc-Extension","Travaux","Permis émis","2026-09-07T20:00:00Z","2026-09-11T19:59:59Z","Construction/rénovation sans excavation","Ruelle","Entreprise","Eco-Verdure Inc.","t","f","t","f","t","f","t","f","t","f","f","f","f","f",,,"06:00","18:00","06:00","18:00","06:00","18:00","06:00","18:00","06:00","18:00",,,"2026-09-09T00:02:02Z",-73.62627083662049,45.545316771129926
"6aa03837b102770012657ea6","OCC-2609WU06664950",,"Ville-Marie","Travaux","Permis émis","2026-09-09T20:00:00Z","2026-09-10T19:59:59Z","S-2 Infrastructure souterraine mineure ou équipement hors-sol - Réseaux électriques, télécommunications ou câbles des distributions ","De La Gauchetière entre Saint-Alexandre et Beaver Hall","RTU (Réseau technique urbain) ou son sous-traitant
","Beanfield Metroconnect","t","f","t","f","t","f","t","f","t","f","f","f","f","f",,,"09:30","15:30","09:30","15:30","09:30","15:30","09:30","15:30","09:30","15:30",,,"2026-09-09T00:02:02Z",-73.564144720147,45.50236217178135
"6aa038d73469270012302521","OCC-2609YH06755293",,"Mercier-Hochelaga-Maisonneuve","Travaux","Permis émis","2026-09-08T20:00:00Z","2026-09-11T19:59:59Z","Construction/rénovation sans excavation","Bennett entre La Fontaine et Ontario",,,"t","t","t","t","t","t","t","t","t","t","f","f","f","f",,,,,,,,,,,,,,,"2026-09-09T00:02:02Z",-73.5376861972824,45.55469873531556
"6aa03a21b102770012657ee3","OCC-2609BM06668149",,"Rosemont-La Petite-Patrie","Travaux","Permis émis","2026-09-08T20:00:00Z","2026-09-10T19:59:59Z","Construction/rénovation sans excavation","Beaubien entre 10e et Saint-Michel","Entreprise","HABITATIONS COMMUNAUTAIRES LOGGIA","t","f","t","f","t","f","t","f","t","f","f","f","f","f",,,"09:30","19:00","09:30","19:00","09:30","19:00","09:30","19:00","09:30","19:00",,,"2026-09-09T00:02:02Z",-73.58658516023539,45.55484686468027
"6aa0329534692700123022b8","OCC-2609MY06708824",,"Villeray-Saint-Michel-Parc-Extension","Travaux","Permis émis","2026-09-08T20:00:00Z","2026-09-18T19:59:59Z","Construction/rénovation sans excavation","Saint-Gérard entre Gounod et Jarry","Entreprise","CS Construction","t","t","t","t","t","t","t","t","t","t","f","f","f","f",,,,,,,,,,,,,,,"2026-09-09T00:02:02Z",-73.62716952304278,45.5440240511836
"6aa03fdab102770012657fea","OCC-2609ZH06712621",,"Villeray-Saint-Michel-Parc-Extension","Travaux","Permis émis","2026-09-09T20:00:00Z","2026-10-09T19:59:59Z","Construction/rénovation sans excavation","Saint-Élie entre Saint-Élie et De Chateaubriand","Entreprise","CS Construction","t","t","t","t","t","t","t","t","t","t","t","t","t","t",,,,,,,,,,,,,,,"2026-09-09T00:02:02Z",-73.62659766667142,45.54534147837845
"6a9b1e73b102770012655c88","OCC-2609YK06621945",,"Le Sud-Ouest","Travaux","Permis émis","2026-09-09T20:00:00Z","2026-09-17T19:59:59Z","S-10 Fuite ou bris de gaz, situation post-urgence","Centre entre Ropery et Charlevoix","RTU (Réseau technique urbain) ou son sous-traitant
","Énergir","t","f","t","f","t","f","t","f","t","f","t","f","f","f","07:00","19:00","07:00","19:00","07:00","19:00","07:00","19:00","07:00","19:00","07:00","19:00",,,"2026-09-09T00:02:02Z",-73.56809979260234,45.479292446334526
"6a4f7ba334772f0012a8e0d4","OCC-2607SP07616540",,"Mercier-Hochelaga-Maisonneuve","Travaux","Permis émis","2026-07-16T20:00:00Z","2026-10-31T19:59:59Z","Autre","Beauclerk entre La Fontaine et Ontario","Organisation publique ou son sous-traitant","Hydro-Québec","t","t","t","t","t","t","t","t","t","t","t","t","t","t",,,,,,,,,,,,,,,"2026-07-11T00:01:48Z",-73.51944808970867,45.58104721973653
"6a04ce5c2dd577001248796e","OCC-2605XH17127417",,"Saint-Léonard","Travaux","Permis émis","2026-05-19T20:00:00Z","2026-11-13T18:59:59Z","Autre","Jean-Talon entre Jean-Talon et Daudet","Organisation publique ou son sous-traitant","Société de transports de Montréal (STM) Prolongement de la ligne bleue","t","t","t","t","t","t","t","t","t","t","t","t","t","t",,,,,,,,,,,,,,,"2026-05-22T00:01:47Z",-73.5896874611472,45.568328087883216
"6a9b23c434692700123004ad","OCC-2609SO06458420",,"Anjou","Travaux","Permis émis","2026-04-08T20:00:00Z","2026-10-11T19:59:59Z","Autre","La Roche-Sur-Yon entre Trémolières et Bourgneuf","Organisation publique ou son sous-traitant","Société de transports de Montréal (STM) Prolongement de la ligne bleue","t","t","t","t","t","t","t","t","t","t","t","t","t","t",,,,,,,,,,,,,,,"2026-09-09T00:02:02Z",-73.56191536668184,45.60695948443899
"6a9b23eb34692700123004c0","OCC-2609EJ06458795",,"Anjou","Travaux","Permis émis","2026-01-10T19:00:00Z","2026-10-11T19:59:59Z","Autre","Louis-H.-La Fontaine entre Wilfrid-Pelletier et Louis-H.-La Fontaine","Organisation publique ou son sous-traitant","Société de transports de Montréal (STM) Prolongement de la ligne bleue","t","t","t","t","t","t","t","t","t","t","t","t","t","t",,,,,,,,,,,,,,,"2026-09-09T00:02:02Z",-73.55984894897455,45.6028149768059
"6a9b2480b102770012655d4d","OCC-2609KF06459168",,"Anjou","Travaux","Permis émis","2026-01-11T19:00:00Z","2026-10-12T19:59:59Z","Autre","Louis-H.-La Fontaine entre Saint-Zotique et Roseraies","Organisation publique ou son sous-traitant","Société de transports de Montréal (STM) Prolongement de la ligne bleue","t","t","t","t","t","t","t","t","t","t","t","t","t","t",,,,,,,,,,,,,,,"2026-09-09T00:02:02Z",-73.55951218586887,45.60146960730867
"6a9b3837346927001230056a","OCC-2609PM06523846",,"Le Sud-Ouest","Travaux","Permis émis","2026-09-07T20:00:00Z","2026-10-02T19:59:59Z","Construction/rénovation sans excavation","Châteauguay entre Island et Laprairie","Entreprise","Construction Design Ledoux","t","t","t","t","t","t","t","t","t","t","t","t","t","t",,,,,,,,,,,,,,,"2026-09-09T00:02:02Z",-73.56420831363448,45.4804876872633
"6a9b6800b1027700126562ef","OCC-2609MN06565963",,"Côte-des-Neiges-Notre-Dame-de-Grâce","Travaux","Permis émis","2026-09-07T20:00:00Z","2026-09-10T19:59:59Z","Entretien","Upper-Lachine entre Upper-Lachine et Addington","RTU (Réseau technique urbain) ou son sous-traitant
","Hydro-Québec-Entrave courte durée","t","f","t","f","t","f","t","f","t","f","f","f","f","f",,,"08:00","16:00","08:00","16:00","08:00","16:00","08:00","16:00","08:00","16:00",,,"2026-09-09T00:02:02Z",-73.60613394200124,45.47181782877653
"6a4fa338f83a2900124dc0d8","OCC-2607CZ07476921",,"Côte-des-Neiges-Notre-Dame-de-Grâce","Travaux","Permis émis","2026-09-09T20:00:00Z","2026-09-13T19:59:59Z","Autre","Gatineau entre Lacombe et Édouard-Montpetit","Organisation publique ou son sous-traitant","SDC Côte-des-Neiges","t","t","t","t","t","t","t","t","t","t","t","t","t","t",,,,,,,,,,,,,,,"2026-07-11T00:01:48Z",-73.62299859521893,45.4976385312468
"6a4fa560f83a2900124dc172","OCC-2607GF07475694",,"Côte-des-Neiges-Notre-Dame-de-Grâce","Travaux","Permis émis","2026-09-09T20:00:00Z","2026-09-13T19:59:59Z","Autre","Gatineau entre Maréchal et Lacombe","Organisation publique ou son sous-traitant","SDC Côte-des-Neiges","t","t","t","t","t","t","t","t","t","t","t","t","t","t",,,,,,,,,,,,,,,"2026-07-11T00:01:48Z",-73.62256858137545,45.497438296815325
"6a4fa6d8f83a2900124dc22f","OCC-2607EG07478136",,"Côte-des-Neiges-Notre-Dame-de-Grâce","Travaux","Permis émis","2026-09-09T20:00:00Z","2026-09-13T19:59:59Z","Autre","Lacombe entre Côte-des-Neiges et Légaré","Organisation publique ou son sous-traitant","SDC Côte-des-Neiges","t","t","t","t","t","t","t","t","t","t","t","t","t","t",,,,,,,,,,,,,,,"2026-07-11T00:01:48Z",-73.62396887053471,45.49608400227804
"6a849b168d88dc00127c4b4a","OCC-2609LH06586498",,"Côte-des-Neiges-Notre-Dame-de-Grâce","Travaux","Permis émis","2026-09-10T20:00:00Z","2026-09-13T19:59:59Z","Déménagement","Ruelle",,,"t","f","t","f","t","f","t","f","t","f","t","f","t","f","07:00","19:00","07:00","19:00","07:00","19:00","07:00","19:00","07:00","19:00","07:00","19:00","07:00","19:00","2026-09-09T00:02:02Z",-73.62019298957449,45.46784291552391
"6a9e91d63469270012300868","OCC-2609FE06607198",,"Mercier-Hochelaga-Maisonneuve","Travaux","Permis émis","2026-09-07T20:00:00Z","2026-09-11T19:59:59Z","Égouts et aqueducs - Excavation","De La Salle entre Ontario et Rouen","Ville de Montréal",,"t","t","t","t","t","t","t","t","t","t","f","f","f","f",,,,,,,,,,,,,,,"2026-09-09T00:02:02Z",-73.54311105968762,45.55274751277192
"6a9eb101b102770012656576","OCC-2609JW07045770",,"Le Sud-Ouest","Travaux","Permis émis","2026-09-07T20:00:00Z","2026-09-11T19:59:59Z","Construction/rénovation sans excavation","Bassins entre Bassins et Richmond","Entreprise","9523-6964 Québec inc.","t","f","t","f","t","f","t","f","t","f","f","f","f","f",,,"07:00","19:00","07:00","19:00","07:00","19:00","07:00","19:00","07:00","19:00",,,"2026-09-09T00:02:02Z",-73.56488277982122,45.48765742285181
"6a9eb1e1b102770012656581","OCC-2609PB07048218",,"Le Sud-Ouest","Travaux","Permis émis","2026-09-07T20:00:00Z","2026-09-11T19:59:59Z","Construction/rénovation sans excavation","Bassins entre Bassins et Richmond","Entreprise","9523-6964 Québec inc.","t","t","t","t","t","t","t","t","t","t","f","f","f","f",,,,,,,,,,,,,,,"2026-09-09T00:02:02Z",-73.56472481977693,45.48775522052396
"6a9feb51b10277001265668c","OCC-2609RG06495530",,"Le Plateau-Mont-Royal","Travaux","Permis émis","2026-09-07T20:00:00Z","2026-10-09T19:59:59Z","Construction/rénovation sans excavation","Saint-Laurent entre Laurier et Fairmount","Entreprise","152519 Canada Inc","t","t","t","t","t","t","t","t","t","t","t","t","t","t",,,,,,,,,,,,,,,"2026-09-09T00:02:02Z",-73.59433338996102,45.52366869371527
"6a9ff1523469270012300d3f","OCC-2609UL06489166",,"Outremont","Travaux","Permis émis","2026-09-07T20:00:00Z","2026-09-10T19:59:59Z","Construction/rénovation sans excavation","Édouard-Charles entre Hutchison et Querbes","Entreprise","Les Entreprises Cam Construction inc","t","f","t","f","t","f","t","f","t","f","f","f","f","f",,,"07:30","16:00","07:30","16:00","07:30","16:00","07:30","16:00","07:30","16:00",,,"2026-09-09T00:02:02Z",-73.5963197465293,45.51789030621744
"6a9ff3553469270012300d69","OCC-2609NG06480942",,"Ville-Marie","Travaux","Permis émis","2026-09-07T20:00:00Z","2026-10-02T19:59:59Z","Construction/rénovation sans excavation","Saint-Denis entre Christin et Sainte-Catherine","Entreprise","St-Denis Thompson","t","f","t","f","t","f","t","f","t","f","f","f","f","f",,,"06:00","14:00","06:00","14:00","06:00","14:00","06:00","14:00","06:00","14:00",,,"2026-09-09T00:02:02Z",-73.55973549741275,45.513455950920445
"6a9ff38f3469270012300d74","OCC-2609ZD06669556",,"St-Laurent","Travaux","Permis émis","2026-09-07T20:00:00Z","2026-09-11T19:59:59Z","Construction/rénovation sans excavation","Filion entre Tassé et Deguire","Entreprise","Aménagement Paysager Uni-Vert","t","f","t","f","t","f","t","f","t","f","f","f","f","f",,,"07:00","17:00","07:00","17:00","07:00","17:00","07:00","17:00","07:00","17:00",,,"2026-09-09T00:02:02Z",-73.68434926953086,45.52193794810014
"69d902b810232b001282e445","OCC-2604BL10958736","503001","Ville-Marie","Travaux","Permis émis","2026-04-12T20:00:00Z","2026-10-31T19:59:59Z","Construction/rénovation sans excavation","Cypress entre Peel et Stanley","Entrepreneur sous contrat avec la Ville de Montréal","Roxboro Excavation Inc.","t","t","t","t","t","t","t","t","t","t","t","t","t","t",,,,,,,,,,,,,,,"2026-04-15T00:01:43Z",-73.5721949227152,45.49887532689095
"68dd2f5d7fefe30012fa0d60","OCC-2510KR00500124",,"Villeray-Saint-Michel-Parc-Extension","Travaux","Permis émis","2025-05-08T20:00:00Z","2028-01-01T18:59:59Z","Autre","Pie-IX entre Bélair et Jean-Talon","Organisation publique ou son sous-traitant","Société de transports de Montréal (STM) Prolongement de la ligne bleue","t","f","t","f","t","f","t","f","t","f","t","f","t","f","09:00","17:00","07:00","15:00","07:00","15:00","07:00","15:00","07:00","15:00","07:00","15:00","09:00","17:00","2025-10-03T00:03:15Z",-73.58983434678764,45.56598064176623
"6a21d084ef86e200124d2325","OCC-2606YF09121029",,"Mercier-Hochelaga-Maisonneuve","Travaux","Permis émis","2026-06-20T20:00:00Z","2026-12-31T18:59:59Z","Autre","Hochelaga entre Émile-Legrand et De Boucherville","Organisation publique ou son sous-traitant","Renouveau Lafontaine","t","t","t","t","t","t","t","t","t","t","t","t","t","t",,,,,,,,,,,,,,,"2026-06-16T00:01:54Z",-73.52879618910283,45.58394409914328
"69de5f800c72d9001170cb1b","OCC-2604QS11907555","2420424","Côte-des-Neiges-Notre-Dame-de-Grâce","Travaux","Permis émis","2026-05-10T20:00:00Z","2026-12-31T18:59:59Z","Égouts et aqueducs - Inspection et nettoyage","Ruelle","Entrepreneur sous contrat avec la Ville de Montréal","9363-9888 Québec Inc. (Sanivac Montréal)","t","f","t","f","t","f","t","f","t","f","f","f","f","f",,,"07:00","17:00","07:00","17:00","07:00","17:00","07:00","17:00","07:00","17:00",,,"2026-04-16T00:01:52Z",-73.6207074479108,45.46374175695576
"69df88bdfc71860012196d30","OCC-2604RH12894773","154210085","Côte-des-Neiges-Notre-Dame-de-Grâce","Travaux","Permis émis","2026-04-14T20:00:00Z","2026-10-30T19:59:59Z","Construction/rénovation sans excavation","Ruelle","Entrepreneur sous contrat avec la Ville de Montréal","Tisseur Inc.","t","t","t","t","t","t","t","t","t","t","t","t","t","t",,,,,,,,,,,,,,,"2026-04-17T00:01:54Z",-73.6104599395674,45.473456069447614
"69dfb79bfc7186001219812f","OCC-2604DV12747203","2420779","Rivière-des-Prairies-Pointe-aux-Trembles","Travaux","Permis émis","2026-04-19T20:00:00Z","2026-11-30T18:59:59Z","Entretien","Ruelle","Entrepreneur sous contrat avec la Ville de Montréal","Les entreprises Roseneige","t","f","t","f","t","f","t","f","t","f","f","f","f","f",,,"06:00","21:00","06:00","21:00","06:00","21:00","06:00","21:00","06:00","21:00",,,"2026-04-17T00:01:54Z",-73.57593631888894,45.64140224294282
"68e3ee3c7fefe30012fa9c88","OCC-2510BQ05005427",,"Villeray-Saint-Michel-Parc-Extension","Travaux","Permis émis","2025-10-05T20:00:00Z","2028-01-01T18:59:59Z","Autre","Pie-IX entre Pie-IX et Jean-Talon","Organisation publique ou son sous-traitant","Société de transports de Montréal (STM) Prolongement de la ligne bleue","t","f","t","f","t","f","t","f","t","f","t","f","t","f","09:00","17:00","09:30","17:00","09:30","17:00","09:30","17:00","09:30","17:00","09:30","17:00","09:00","17:00","2025-10-08T00:01:39Z",-73.59000687760964,45.565845638536416
"6aa1a6ca3469270012305e4e","OCC-2609MN08332962",,"Ville-Marie","Travaux","Permis émis","2026-09-09T20:00:00Z","2026-10-30T19:59:59Z","Construction/rénovation sans excavation","Berri entre Champ-de-Mars et Saint-Louis","Entreprise","Groupe Atwill-Morin inc.","t","t","t","t","t","t","t","t","t","t","t","t","t","t",,,,,,,,,,,,,,,"2026-09-11T00:02:11Z",-73.55287594507003,45.51173292877469
"6aa1a731b10277001265bbb9","OCC-2609ZV07582419",,"Côte-des-Neiges-Notre-Dame-de-Grâce","Travaux","Permis émis","2026-09-08T20:00:00Z","2026-09-10T19:59:59Z","Toiture - Rénovation","Old Orchard entre De Maisonneuve et Sherbrooke","Entreprise","René Perron Couvreurs","t","f","t","f","t","f","t","f","t","f","f","f","f","f",,,"07:00","18:00","07:00","18:00","07:00","18:00","07:00","18:00","07:00","18:00",,,"2026-09-11T00:02:11Z",-73.61101478084957,45.47128493281765
"6aa1a78e3469270012305ec9","OCC-2609JH08338615",,"Ville-Marie","Travaux","Permis émis","2026-09-09T20:00:00Z","2026-10-30T19:59:59Z","Construction/rénovation sans excavation","Saint-Louis entre Bonsecours et Berri","Entreprise","Groupe Atwill-Morin inc.","t","t","t","t","t","t","t","t","t","t","t","t","t","t",,,,,,,,,,,,,,,"2026-09-11T00:02:11Z",-73.55304775900166,45.511734037629104
"6aa1a8963469270012305f23","OCC-2609SE08441079",,"Villeray-Saint-Michel-Parc-Extension","Travaux","Permis émis","2026-09-09T20:00:00Z","2026-09-10T19:59:59Z","Égouts et aqueducs - Inspection et nettoyage","Pie-IX entre Jean-Talon et Everett","Ville de Montréal",,"t","f","t","f","t","f","t","f","t","f","f","f","f","f",,,"10:00","14:00","10:00","14:00","10:00","14:00","10:00","14:00","10:00","14:00",,,"2026-09-11T00:02:11Z",-73.59377700543695,45.56755230983736
"6aa1a92b3469270012305f59","OCC-2609TQ07639420",,"Mercier-Hochelaga-Maisonneuve","Travaux","Permis émis","2026-09-09T20:00:00Z","2026-09-11T19:59:59Z","Égouts et aqueducs - Excavation","Bourbonnière entre Pierre-De Coubertin et Sherbrooke","Ville de Montréal",,"t","t","t","t","t","t","t","t","t","t","f","f","f","f",,,,,,,,,,,,,,,"2026-09-11T00:02:11Z",-73.55380276633264,45.55142225524207
"6aa1a9793469270012305f80","OCC-2609AW07592275","202606","Anjou","Travaux","Permis émis","2026-09-09T20:00:00Z","2026-09-10T19:59:59Z","Autre","Azilda entre Chaumont et Georges","Entrepreneur sous contrat avec la Ville de Montréal","Construction Larotek inc","t","f","t","f","t","f","t","f","t","f","f","f","f","f",,,"07:00","19:00","07:00","19:00","07:00","19:00","07:00","19:00","07:00","19:00",,,"2026-09-11T00:02:11Z",-73.54938338049759,45.611222902124574
"6aa1aaceb10277001265bd02","OCC-2609HN08197372",,"Le Plateau-Mont-Royal","Travaux","Permis émis","2026-09-10T20:00:00Z","2026-09-11T19:59:59Z","Autre","Ruelle",,,"t","f","t","f","t","f","t","f","t","f","f","f","f","f",,,"09:00","14:00","09:00","14:00","09:00","14:00","09:00","14:00","09:00","14:00",,,"2026-09-11T00:02:11Z",-73.58825404891206,45.53443183249549
"6aa1ab11b10277001265bd17","OCC-2609PY07595665","202606","Anjou","Travaux","Permis émis","2026-09-09T20:00:00Z","2026-09-10T19:59:59Z","Autre","Neuville entre Ronsard et Jarry","Entrepreneur sous contrat avec la Ville de Montréal","Construction Larotek inc","t","t","t","t","t","t","t","t","t","t","f","f","f","f",,,,,,,,,,,,,,,"2026-09-11T00:02:11Z",-73.57409277676472,45.59987523359578
"6aa1abb3346927001230601d","OCC-2609EA07598448",,"Verdun","Travaux","Permis émis","2026-09-09T20:00:00Z","2026-09-14T19:59:59Z","Construction/rénovation sans excavation","Brown entre Bannantyne et Beurling","Entreprise","Maçonnerie Gratton","t","t","t","t","t","t","t","t","t","t","t","t","t","t",,,,,,,,,,,,,,,"2026-09-11T00:02:11Z",-73.57813467691768,45.44887481917787
"6aa1abd13469270012306021","OCC-2609CN08165535",,"Le Plateau-Mont-Royal","Travaux","Permis émis","2026-09-09T20:00:00Z","2026-09-11T19:59:59Z","Construction/rénovation avec excavation","Hutchison entre Sherbrooke et Milton",,,"t","t","t","t","t","t","t","t","t","t","f","f","f","f",,,,,,,,,,,,,,,"2026-09-11T00:02:11Z",-73.57326094446775,45.50845080286401
"6a4e6792816ebc0012d49e71","OCC-2607JP08265775","1763643","Ville-Marie","Travaux","Permis émis","2026-07-16T20:00:00Z","2026-09-11T19:59:59Z","Construction/rénovation avec excavation","Commune entre Saint-Hubert et Amherst","Entrepreneur sous contrat avec la Ville de Montréal","Aménagement Pavatech/Arthier","t","t","t","t","t","t","t","t","t","t","t","t","t","t",,,,,,,,,,,,,,,"2026-07-12T00:01:38Z",-73.54904398685086,45.51286151800116
"6aa1ac5eb10277001265bd72","OCC-2609MX08458968",,"Ville-Marie","Travaux","Permis émis","2026-09-10T20:00:00Z","2026-09-11T19:59:59Z","Déménagement","Saint-Urbain entre René-Lévesque et Sainte-Catherine","Entreprise","Les Entreprises Verrecchia Inc.","t","f","t","f","t","f","t","f","t","f","f","f","f","f",,,"10:00","14:00","10:00","14:00","10:00","14:00","10:00","14:00","10:00","14:00",,,"2026-09-11T00:02:11Z",-73.56442341194378,45.508493434760496
"6aa1acfeb10277001265bda7","OCC-2609EU07600890","202606","Anjou","Travaux","Permis émis","2026-09-09T20:00:00Z","2026-09-10T19:59:59Z","Autre","Colbert entre Ravenel et Larrey","Entrepreneur sous contrat avec la Ville de Montréal","Construction Larotek inc","t","t","t","t","t","t","t","t","t","t","f","f","f","f",,,,,,,,,,,,,,,"2026-09-11T00:02:11Z",-73.58138307400844,45.61364989769757
"6aa1ac83b10277001265bd8c","OCC-2609UH07635352",,"Villeray-Saint-Michel-Parc-Extension","Travaux","Permis émis","2026-09-09T20:00:00Z","2026-09-22T19:59:59Z","Construction/rénovation sans excavation","Boyer entre Jean-Talon et Everett",,,"t","f","t","f","t","f","t","f","t","f","f","f","f","f",,,"08:00","15:00","08:00","15:00","08:00","15:00","08:00","15:00","08:00","15:00",,,"2026-09-11T00:02:11Z",-73.61553814524564,45.542911467411045
"6aa1ade43469270012306099","OCC-2609BW07602559","25008","LaSalle","Travaux","Permis émis","2026-09-09T20:00:00Z","2026-09-30T19:59:59Z","Construction/rénovation sans excavation","Saint-Patrick entre Stirling et Beauchamp","Entrepreneur sous contrat avec la Ville de Montréal","Eurovia Québec Grands Projets","t","t","t","t","t","t","t","t","t","t","t","t","t","t",,,,,,,,,,,,,,,"2026-09-11T00:02:11Z",-73.65917107134469,45.433720747103
"6aa1ae8c34692700123060b6","OCC-2609FY07602425",,"Ahuntsic-Cartierville","Travaux","Permis émis","2026-08-30T20:00:00Z","2026-09-11T19:59:59Z","Autre","Christophe-Colomb entre Louvain et Christophe-Colomb","Organisation publique ou son sous-traitant","Sidcan Inc.","t","t","t","t","t","t","t","t","t","t","t","t","t","t",,,,,,,,,,,,,,,"2026-09-11T00:02:11Z",-73.64855412052789,45.55844993955617
"6aa1ae9d34692700123060dc","OCC-2609JT07604198","202606","Anjou","Travaux","Permis émis","2026-09-09T20:00:00Z","2026-09-10T19:59:59Z","Autre","Colbert entre Bombardier et Ravenel","Entrepreneur sous contrat avec la Ville de Montréal","Construction Larotek inc","t","t","t","t","t","t","t","t","t","t","f","f","f","f",,,,,,,,,,,,,,,"2026-09-11T00:02:11Z",-73.58016794796535,45.61313376630963
"6aa1aebbb10277001265be57","OCC-2609PK07606627",,"Le Sud-Ouest","Travaux","Permis émis","2026-09-08T20:00:00Z","2026-09-10T19:59:59Z","Toiture - Rénovation","Sainte-Marie entre Saint-Rémi et Yamaska","Entreprise","Toitures Alliance inc.","t","t","t","t","t","t","t","t","t","t","f","f","f","f",,,,,,,,,,,,,,,"2026-09-11T00:02:11Z",-73.5904717251697,45.469729527030005
"6aa1afd2b10277001265beca","OCC-2609PV08193507",,"Rosemont-La Petite-Patrie","Travaux","Permis émis","2026-09-09T20:00:00Z","2026-09-10T19:59:59Z","Toiture - Rénovation","Bourbonnière entre Masson et Dandurand","Entreprise","Toitures Alliance inc.","t","t","t","t","t","t","t","t","t","t","f","f","f","f",,,,,,,,,,,,,,,"2026-09-11T00:02:11Z",-73.57134918777831,45.556951103021646
"69bc4b5e5f40ae0012c0a9a6","OCC-2604WS13657396","2420563","St-Laurent","Travaux","Permis émis","2026-04-30T20:00:00Z","2026-11-01T18:59:59Z","Autre","Crevier entre Côte-Vertu et Rochon","Entrepreneur sous contrat avec la Ville de Montréal","7574479 CANADA INC.","t","t","t","t","t","t","t","t","t","t","t","t","t","t",,,,,,,,,,,,,,,"2026-04-18T00:02:04Z",-73.68571050792015,45.51225305365853
"6aa1b090346927001230615a","OCC-2609SP08437813",,"Villeray-Saint-Michel-Parc-Extension","Travaux","Permis émis","2026-09-09T20:00:00Z","2026-09-10T19:59:59Z","Toiture - Rénovation","2e entre Legendre et Louvain","Entreprise","Toitures Alliance inc.","t","t","t","t","t","t","t","t","t","t","f","f","f","f",,,,,,,,,,,,,,,"2026-09-11T00:02:11Z",-73.63087423487111,45.56898782112757
"6aa1b0b83469270012306165","OCC-2609GX08224233",,"Rosemont-La Petite-Patrie","Travaux","Permis émis","2026-09-10T20:00:00Z","2026-09-11T19:59:59Z","Construction/rénovation sans excavation","Saint-Denis entre Beaubien et Saint-Zotique","Entreprise","LES BALCONS ET ESCALIERS IDÉALS INC.","t","f","t","f","t","f","t","f","t","f","f","f","f","f",,,"07:00","17:00","07:00","17:00","07:00","17:00","07:00","17:00","07:00","17:00",,,"2026-09-11T00:02:11Z",-73.60771072318929,45.53518707456207
"6aa1b143346927001230617f","OCC-2609JR07640838",,"Le Plateau-Mont-Royal","Travaux","Permis émis","2026-09-09T20:00:00Z","2026-09-10T19:59:59Z","Toiture - Rénovation","De Bullion entre Marie-Anne et Mont-Royal","Entreprise","Toitures Alliance inc.","t","t","t","t","t","t","t","t","t","t","f","f","f","f",,,,,,,,,,,,,,,"2026-09-11T00:02:11Z",-73.58438785611762,45.5212272060725
"6aa1b171346927001230618a","OCC-2609EZ08253265",,"Côte-des-Neiges-Notre-Dame-de-Grâce","Travaux","Permis émis","2026-09-10T20:00:00Z","2026-09-11T19:59:59Z","Égouts et aqueducs - Excavation","Wilson entre Somerled et Côte-Saint-Luc","Entreprise","S. Desormiers Excavation Inc.","t","f","t","f","t","f","t","f","t","f","f","f","f","f",,,"07:00","17:00","07:00","17:00","07:00","17:00","07:00","17:00","07:00","17:00",,,"2026-09-11T00:02:11Z",-73.63171315445787,45.47730450040397
"6aa1b1d33469270012306195","OCC-2609KL07642316",,"Le Plateau-Mont-Royal","Travaux","Permis émis","2026-09-01T20:00:00Z","2026-09-18T19:59:59Z","Construction/rénovation sans excavation","Ruelle","Entreprise","Maçonnerie Sur Mesure inc.","t","t","t","t","t","t","t","t","t","t","t","t","t","t",,,,,,,,,,,,,,,"2026-09-11T00:02:11Z",-73.58088794186443,45.528287777267
"6aa1b21434692700123061a8","OCC-2609TO07630370",,"St-Laurent","Travaux","Permis émis","2026-09-09T20:00:00Z","2026-09-11T19:59:59Z","Construction/rénovation avec excavation","Marcel-Laurin entre Marcel-Laurin et Laurentien","Entreprise","GROUPE MONTONI (1995) DIVISION CONSTRUCTION INC.","t","f","t","f","t","f","t","f","t","f","f","f","f","f",,,"10:00","16:00","10:00","16:00","10:00","16:00","10:00","16:00","10:00","16:00",,,"2026-09-11T00:02:11Z",-73.7082866724322,45.52251848388634
"6aa2b73834692700123071c8","OCC-2609AG08315407",,"Ville-Marie","Travaux","Permis émis","2026-09-11T20:00:00Z","2026-09-18T19:59:59Z","Égouts et aqueducs - Excavation","Saint-Urbain entre De La Gauchetière et René-Lévesque","Ville de Montréal",,"t","t","t","t","t","t","t","t","t","t","t","t","t","t",,,,,,,,,,,,,,,"2026-09-11T00:02:11Z",-73.56250857702884,45.50765043981385
"6aa2b79334692700123071d3","OCC-2609YK08280268",,"Ville-Marie","Travaux","Permis émis","2026-09-07T20:00:00Z","2026-09-15T19:59:59Z","Réseaux routier - Réfection et travaux corrélatifs","Montagne entre Sainte-Catherine et De Maisonneuve","CSEM (Commission des services électriques de Montréal) ou son sous-traitant
","G-TEK INC.","t","t","t","t","t","t","t","t","t","t","f","f","f","f",,,,,,,,,,,,,,,"2026-09-11T00:02:11Z",-73.57633930530446,45.49851433004596
"6aa2b79e34692700123071f1","OCC-2609UF08289860","523101","Ahuntsic-Cartierville","Travaux","Permis émis","2026-09-10T20:00:00Z","2026-09-18T19:59:59Z","Construction/rénovation sans excavation","Henri-Bourassa entre Saint-Charles et De La Roche","Entrepreneur sous contrat avec la Ville de Montréal","Environnement Routier NRJ Inc.","t","f","t","f","t","f","t","f","t","f","f","f","f","f",,,"09:00","15:00","09:00","15:00","09:00","15:00","09:00","15:00","09:00","15:00",,,"2026-09-11T00:02:11Z",-73.66575288503188,45.56034305622067
"6aa2b83f3469270012307254","OCC-2609AY08388976",,"LaSalle","Travaux","Permis émis","2026-09-10T20:00:00Z","2026-09-11T19:59:59Z","Toiture - Rénovation","Ménard entre Jacqueline et Dufresne","Entreprise","COUVREUR DE TOITURES MONT-ROSE (QC) LTEE","t","f","t","f","t","f","t","f","t","f","f","f","f","f",,,"07:00","17:00","07:00","17:00","07:00","17:00","07:00","17:00","07:00","17:00",,,"2026-09-11T00:02:11Z",-73.62887271351654,45.43718255024112
"6aa2baa03469270012307348","OCC-2609FY08294858",,"Rosemont-La Petite-Patrie","Travaux","Permis émis","2026-09-09T20:00:00Z","2026-09-11T19:59:59Z","Construction/rénovation sans excavation","Louis-Hébert entre Bellechasse et Beaubien",,,"t","f","t","f","t","f","t","f","t","f","f","f","f","f",,,"06:00","16:00","06:00","16:00","06:00","16:00","06:00","16:00","06:00","16:00",,,"2026-09-11T00:02:11Z",-73.59124586823458,45.54790337719648
"6aa2bac63469270012307383","OCC-2609AE08290505",,"Ville-Marie","Travaux","Permis émis","2026-09-06T20:00:00Z","2026-09-15T19:59:59Z","Réseaux routier - Réfection et travaux corrélatifs","Prince entre Ottawa et William","CSEM (Commission des services électriques de Montréal) ou son sous-traitant
","G-TEK INC.","t","t","t","t","t","t","t","t","t","t","f","f","f","f",,,,,,,,,,,,,,,"2026-09-11T00:02:11Z",-73.55724634322492,45.497609628863344
"6aa2bb1d34692700123073d4","OCC-2609MT08289090",,"Ville-Marie","Travaux","Permis émis","2026-09-09T20:00:00Z","2026-09-10T19:59:59Z","Entretien","Panet entre René-Lévesque et Sainte-Rose","Entreprise","Centre St-Pierre","t","f","t","f","t","f","t","f","t","f","f","f","f","f",,,"07:00","19:00","07:00","19:00","07:00","19:00","07:00","19:00","07:00","19:00",,,"2026-09-11T00:02:11Z",-73.55353611479784,45.51922636327964
"6aa2bbd73469270012307451","OCC-2609GN08292282","2314","Côte-des-Neiges-Notre-Dame-de-Grâce","Travaux","Permis émis","2026-09-10T20:00:00Z","2026-09-11T19:59:59Z","Construction/rénovation avec excavation","O'Bryan entre Somerled et Fielding","Entrepreneur sous contrat avec la Ville de Montréal","Eurovia Québec Grands Projets","t","f","t","f","t","f","t","f","t","f","f","f","f","f",,,"07:00","17:00","07:00","17:00","07:00","17:00","07:00","17:00","07:00","17:00",,,"2026-09-11T00:02:11Z",-73.64543949385943,45.45929814154415
"6aa2bc17b10277001265d8f0","OCC-2609ON08323939",,"Rosemont-La Petite-Patrie","Travaux","Permis émis","2026-09-10T20:00:00Z","2026-09-11T19:59:59Z","Égouts et aqueducs - Excavation","Saint-André entre Bellechasse et Beaubien","Entreprise","Proconcept Excavation","t","f","t","f","t","f","t","f","t","f","f","f","f","f",,,"07:00","19:00","07:00","19:00","07:00","19:00","07:00","19:00","07:00","19:00",,,"2026-09-11T00:02:11Z",-73.60070179396325,45.535849214359686
"6aa2be10b10277001265d9c9","OCC-2609CJ08296593",,"Outremont","Travaux","Permis émis","2026-09-09T20:00:00Z","2026-09-10T19:59:59Z","Construction/rénovation sans excavation","Glencoe entre Côte-Sainte-Catherine et Willowdale","Entreprise","DÉCORATURE INC.","t","f","t","f","t","f","t","f","t","f","f","f","f","f",,,"10:30","19:00","10:30","19:00","10:30","19:00","10:30","19:00","10:30","19:00",,,"2026-09-11T00:02:11Z",-73.6154954537441,45.51065422737462
"6aa2bf0bb10277001265da12","OCC-2609ET08464732","2314","Pierrefonds-Roxboro","Travaux","Permis émis","2026-09-10T20:00:00Z","2026-09-11T19:59:59Z","Construction/rénovation sans excavation","Saint-Jean entre Pierrefonds et Gouin","Entrepreneur sous contrat avec la Ville de Montréal","Eurovia Québec Grands Projets","t","f","t","f","t","f","t","f","t","f","f","f","f","f",,,"07:00","18:00","07:00","18:00","07:00","18:00","07:00","18:00","07:00","18:00",,,"2026-09-11T00:02:11Z",-73.85204378286437,45.492203759427895
"6aa2bff7b10277001265da45","OCC-2609BS08346366",,"Rosemont-La Petite-Patrie","Travaux","Permis émis","2026-09-09T20:00:00Z","2026-09-17T19:59:59Z","Autre","Ruelle","Entreprise","92244474 Québec inc.","t","t","t","t","t","t","t","t","t","t","t","t","t","t",,,,,,,,,,,,,,,"2026-09-11T00:02:11Z",-73.60065499783056,45.53452435309392
"6aa2c1cf3469270012307674","OCC-2609ZF08386140",,"LaSalle","Travaux","Permis émis","2026-09-09T20:00:00Z","2026-09-10T19:59:59Z","Toiture - Rénovation","Dufresne entre Thierry et Ménard","Entreprise","Couvreurs NDG","t","f","t","f","t","f","t","f","t","f","f","f","f","f",,,"08:00","19:00","08:00","19:00","08:00","19:00","08:00","19:00","08:00","19:00",,,"2026-09-11T00:02:11Z",-73.62898412503564,45.43780583880058
"6aa2c1d33469270012307678","OCC-2609XM08325479",,"Anjou","Travaux","Permis émis","2026-09-09T20:00:00Z","2026-09-11T19:59:59Z","Autre","Gabrielle-Roy entre Lionel-Daunais et Jean-Desprez","Entreprise","PAVAGE IDÉAL SRG INC.","t","f","t","f","t","f","t","f","t","f","f","f","f","f",,,"07:00","19:00","07:00","19:00","07:00","19:00","07:00","19:00","07:00","19:00",,,"2026-09-11T00:02:11Z",-73.54671135256604,45.616178215358325
"6aa2c1fcb10277001265db38","OCC-2609RS08308332",,"Ville-Marie","Travaux","Permis émis","2026-09-10T20:00:00Z","2026-09-18T19:59:59Z","Construction/rénovation sans excavation","McGill College entre De Maisonneuve et Président-Kennedy","Entreprise","Groupe Atwill-Morin inc.","t","t","t","t","t","t","t","t","t","t","t","t","t","t",,,,,,,,,,,,,,,"2026-09-11T00:02:11Z",-73.57307868077761,45.502727287469774
"6aa2c27eb10277001265dbba","OCC-2609UQ08393317",,"LaSalle","Travaux","Permis émis","2026-09-10T20:00:00Z","2026-09-11T19:59:59Z","Toiture - Rénovation","Jeannette entre McVey et McVey","Entreprise","Couvreurs NDG","t","f","t","f","t","f","t","f","t","f","f","f","f","f",,,"07:00","19:00","07:00","19:00","07:00","19:00","07:00","19:00","07:00","19:00",,,"2026-09-11T00:02:11Z",-73.66382054939467,45.4301695373263
"6aa2c2d234692700123076e5","OCC-2609JB08314763",,"Verdun","Travaux","Permis émis","2026-09-10T20:00:00Z","2026-09-11T19:59:59Z","Toiture - Rénovation","Riverview entre LaSalle et Bannantyne","Entreprise","TOITURES ALTO INC.","t","f","t","f","t","f","t","f","t","f","f","f","f","f",,,"07:00","18:00","07:00","18:00","07:00","18:00","07:00","18:00","07:00","18:00",,,"2026-09-11T00:02:11Z",-73.57523059522671,45.44672487041926
"6aa2c562346927001230778f","OCC-2609RX08323345",,"Le Plateau-Mont-Royal","Travaux","Permis émis","2026-09-10T20:00:00Z","2026-09-11T19:59:59Z","Construction/rénovation sans excavation","De Chateaubriand entre Rachel et Marie-Anne","Entreprise","CIGALE CONSTRUCTION INC.","t","f","t","f","t","f","t","f","t","f","f","f","f","f",,,"07:00","12:00","07:00","12:00","07:00","12:00","07:00","12:00","07:00","12:00",,,"2026-09-11T00:02:11Z",-73.57716970849522,45.52326158062786
"6aa2c5ee34692700123077b3","OCC-2609IF08344143",,"Ville-Marie","Travaux","Permis émis","2026-09-09T20:00:00Z","2026-09-24T19:59:59Z","Entretien","Parc Messier","Entreprise","MAÇONNERIE CATTAPAN INC.","t","t","t","t","t","t","t","t","t","t","t","t","t","t",,,,,,,,,,,,,,,"2026-09-11T00:02:11Z",-73.5609680122074,45.53219162803343
"6aa2c836b10277001265ddad","OCC-2609RH08325412",,"Rosemont-La Petite-Patrie","Travaux","Permis émis","2026-09-09T20:00:00Z","2026-09-10T19:59:59Z","Construction/rénovation sans excavation","Alexandra entre Alexandra et Jean-Talon","Entreprise","9469-6366 Que Inc.","t","f","t","f","t","f","t","f","t","f","f","f","f","f",,,"09:00","12:00","09:00","12:00","09:00","12:00","09:00","12:00","09:00","12:00",,,"2026-09-11T00:02:11Z",-73.61887381370616,45.53180390003939
"6aa2ca513469270012307944","OCC-2609YW08334651",,"Villeray-Saint-Michel-Parc-Extension","Travaux","Permis émis","2026-09-09T20:00:00Z","2026-09-11T19:59:59Z","Construction/rénovation sans excavation","Chabot entre Jean-Talon et Everett","Entreprise","LES HABITATIONS COLONIALES INC.","t","f","t","f","t","f","t","f","t","f","f","f","f","f",,,"07:00","16:00","07:00","16:00","07:00","16:00","07:00","16:00","07:00","16:00",,,"2026-09-11T00:02:11Z",-73.60627277657292,45.54916808081055
"6aa2cabb34692700123079a1","OCC-2609OI08328627",,"Anjou","Travaux","Permis émis","2026-08-30T20:00:00Z","2026-09-16T19:59:59Z","S-2 Infrastructure souterraine mineure ou équipement hors-sol - Réseaux électriques, télécommunications ou câbles des distributions ","Rondeau entre Rondeau et Châteauneuf","CSEM (Commission des services électriques de Montréal) ou son sous-traitant
","Telecon","t","f","t","f","t","f","t","f","t","f","f","f","f","f",,,"07:00","17:00","07:00","17:00","07:00","17:00","07:00","17:00","07:00","17:00",,,"2026-09-11T00:02:11Z",-73.55145832241908,45.61614009141891
"6aa2cad534692700123079c3","OCC-2609DK08371342",,"Ville-Marie","Travaux","Permis émis","2026-09-11T20:00:00Z","2026-09-12T19:59:59Z","Construction/rénovation sans excavation","Clark entre René-Lévesque et Sainte-Catherine","Organisation publique ou son sous-traitant","Pomerleau","f","f","f","f","f","f","f","f","f","f","t","f","f","f","07:00","17:00",,,,,,,,,,,,,"2026-09-11T00:02:11Z",-73.56307216238866,45.50896368111583
"6aa2cbdab10277001265dfa3","OCC-2609WO08333094",,"Rosemont-La Petite-Patrie","Travaux","Permis émis","2026-09-07T20:00:00Z","2026-09-15T19:59:59Z","Construction/rénovation avec excavation","9e entre Dandurand et Holt",,,"t","t","t","t","t","t","t","t","t","t","t","t","t","t",,,,,,,,,,,,,,,"2026-09-11T00:02:11Z",-73.57805692356773,45.55104077129563
"6aa2cdbbb10277001265e059","OCC-2609QG08336294",,"Ahuntsic-Cartierville","Travaux","Permis émis","2026-09-09T20:00:00Z","2026-09-11T19:59:59Z","Toiture - Rénovation","De Lorimier entre Prieur et Henri-Bourassa","Entreprise","René Perron Couvreurs","t","f","t","f","t","f","t","f","t","f","f","f","f","f",,,"07:00","18:00","07:00","18:00","07:00","18:00","07:00","18:00","07:00","18:00",,,"2026-09-11T00:02:11Z",-73.65629755609206,45.57354323238562
"6aa2e3b53469270012307f6b","OCC-2609NB08392562",,"Le Sud-Ouest","Travaux","Permis émis","2026-09-09T20:00:00Z","2026-09-14T19:59:59Z","Entretien","Shearer entre Richardson et Augustin-Cantin","Entreprise","Lavage de vitres Future inc.","t","f","t","f","t","f","t","f","t","f","f","f","f","f",,,"07:00","18:00","07:00","18:00","07:00","18:00","07:00","18:00","07:00","18:00",,,"2026-09-11T00:02:11Z",-73.56313766062998,45.48384954353615
"6aa2e59e346927001230804b","OCC-2609JI08397107",,"Verdun","Travaux","Permis émis","2026-09-09T20:00:00Z","2026-09-23T19:59:59Z","Construction/rénovation sans excavation","6e entre Verdun et Bannantyne","Entreprise","Trochaines","t","t","t","t","t","t","t","t","t","t","t","t","t","t",,,,,,,,,,,,,,,"2026-09-11T00:02:11Z",-73.57261877951005,45.45563619556138
"6aa2e67eb10277001265e792","OCC-2609BU08400805",,"Villeray-Saint-Michel-Parc-Extension","Travaux","Permis émis","2026-09-11T20:00:00Z","2026-09-12T19:59:59Z","Entretien","Jean-Talon entre 10e et 12e","RTU (Réseau technique urbain) ou son sous-traitant
","Hydro-Québec-Entrave courte durée","f","f","f","f","f","f","f","f","f","f","t","f","f","f","09:00","17:00",,,,,,,,,,,,,"2026-09-11T00:02:11Z",-73.59835623682964,45.55905798398047
"6aa2e82e346927001230810c","OCC-2609FL08540741",,"Mercier-Hochelaga-Maisonneuve","Travaux","Permis émis","2026-08-27T20:00:00Z","2026-10-03T19:59:59Z","Autre","De Boucherville entre Hector-Barsalou et Tellier","Organisation publique ou son sous-traitant","Renouveau Lafontaine","t","t","t","t","t","t","t","t","t","t","t","t","t","t",,,,,,,,,,,,,,,"2026-09-11T00:02:11Z",-73.5182575951343,45.587454493576814
"6a98a5ee5cde020012e4e293","OCC-2609QV07350597",,"Ville-Marie","Travaux","Permis émis","2026-09-10T20:00:00Z","2026-09-11T19:59:59Z","Construction/rénovation avec excavation","Saint-Antoine entre Bonsecours et Berri","Entreprise","CLOBRACON CONSTRUCTION INC.","t","f","t","f","t","f","t","f","t","f","f","f","f","f",,,"06:00","18:00","06:00","18:00","06:00","18:00","06:00","18:00","06:00","18:00",,,"2026-09-11T00:02:11Z",-73.55425726591737,45.51114704814542
"6a9975525cde020012e4eb7d","OCC-2609JE07644813","202501","Mercier-Hochelaga-Maisonneuve","Travaux","Permis émis","2026-09-09T20:00:00Z","2026-09-18T19:59:59Z","Construction/rénovation avec excavation","Hochelaga entre Hochelaga et Moreau","Entrepreneur sous contrat avec la Ville de Montréal","Bruneau Electrique Inc","t","t","t","t","t","t","t","t","t","t","t","t","t","t",,,,,,,,,,,,,,,"2026-09-11T00:02:11Z",-73.5547676386775,45.54122676487458
"6a9979a2fa7b4d00129f0e70","OCC-2609GK07642545","1652355","St-Laurent","Travaux","Permis émis","2026-09-09T20:00:00Z","2026-09-10T19:59:59Z","Autre","Jean-Gascon entre Guy-Hoffmann et Félix-Leclerc","Entrepreneur sous contrat avec la Ville de Montréal","Énergère Inc.","t","f","t","f","t","f","t","f","t","f","f","f","f","f",,,"07:00","15:00","07:00","15:00","07:00","15:00","07:00","15:00","07:00","15:00",,,"2026-09-11T00:02:11Z",-73.73277476245278,45.50789569107572
"6a997cfbfa7b4d00129f1057","OCC-2609BY07643261","1652355","St-Laurent","Travaux","Permis émis","2026-09-09T20:00:00Z","2026-09-10T19:59:59Z","Autre","Outardes entre Sam-Borenstein et Claude-Henri-Grignon","Entrepreneur sous contrat avec la Ville de Montréal","Énergère Inc.","t","f","t","f","t","f","t","f","t","f","f","f","f","f",,,"07:00","15:00","07:00","15:00","07:00","15:00","07:00","15:00","07:00","15:00",,,"2026-09-11T00:02:11Z",-73.73187616788644,45.509223724121824
"6a9980925cde020012e4f21b","OCC-2609LJ07643836","1652355","St-Laurent","Travaux","Permis émis","2026-09-10T20:00:00Z","2026-09-11T19:59:59Z","Autre","Gaétan-Labrèche entre Guy-Hoffmann et Guy-Hoffmann","Entrepreneur sous contrat avec la Ville de Montréal","Énergère Inc.","t","f","t","f","t","f","t","f","t","f","f","f","f","f",,,"07:00","15:00","07:00","15:00","07:00","15:00","07:00","15:00","07:00","15:00",,,"2026-09-11T00:02:11Z",-73.7337353989459,45.50484354793252
"6a99828efa7b4d00129f1499","OCC-2609CD07646526","1652355","St-Laurent","Travaux","Permis émis","2026-09-10T20:00:00Z","2026-09-11T19:59:59Z","Autre","Céline-Marier entre Céline-Marier et Bois-Franc","Entrepreneur sous contrat avec la Ville de Montréal","Énergère Inc.","t","f","t","f","t","f","t","f","t","f","f","f","f","f",,,"07:00","15:00","07:00","15:00","07:00","15:00","07:00","15:00","07:00","15:00",,,"2026-09-11T00:02:11Z",-73.72873213792437,45.5030790130704
"6a9985c4fa7b4d00129f1644","OCC-2609SV07645846","1652355","St-Laurent","Travaux","Permis émis","2026-09-10T20:00:00Z","2026-09-11T19:59:59Z","Autre","Bois-Franc entre Jean-B.-Meilleur et Félix-Leclerc","Entrepreneur sous contrat avec la Ville de Montréal","Énergère Inc.","t","f","t","f","t","f","t","f","t","f","f","f","f","f",,,"07:00","15:00","07:00","15:00","07:00","15:00","07:00","15:00","07:00","15:00",,,"2026-09-11T00:02:11Z",-73.72803412304187,45.50512591098751
"6a9986c0fa7b4d00129f167d","OCC-2609AD07645165","1652355","St-Laurent","Travaux","Permis émis","2026-09-10T20:00:00Z","2026-09-11T19:59:59Z","Autre","Bois-Franc entre William-Chapman et Félix-Leclerc","Entrepreneur sous contrat avec la Ville de Montréal","Énergère Inc.","t","f","t","f","t","f","t","f","t","f","f","f","f","f",,,"07:00","15:00","07:00","15:00","07:00","15:00","07:00","15:00","07:00","15:00",,,"2026-09-11T00:02:11Z",-73.72750482656053,45.50543164915323
"6a999629fa7b4d00129f1c1e","OCC-2609CM07556822",,"St-Laurent","Travaux","Permis émis","2026-09-08T20:00:00Z","2026-09-14T19:59:59Z","Autre","Saint-Aubin entre Bourdon et Collège","RTU (Réseau technique urbain) ou son sous-traitant
","Lanauco","t","f","t","f","t","f","t","f","t","f","f","f","f","f",,,"06:00","16:00","06:00","16:00","06:00","16:00","06:00","16:00","06:00","16:00",,,"2026-09-11T00:02:11Z",-73.6782291247537,45.50190236147532
"6a9999925cde020012e4fba1","OCC-2609DF07420675",,"Lachine","Travaux","Permis émis","2026-09-09T20:00:00Z","2026-09-10T19:59:59Z","Égouts et aqueducs - Excavation","Provost entre 10e et 11e","Ville de Montréal",,"t","f","t","f","t","f","t","f","t","f","f","f","f","f",,,"08:00","15:00","08:00","15:00","08:00","15:00","08:00","15:00","08:00","15:00",,,"2026-09-11T00:02:11Z",-73.6733814765089,45.44197434986796
"6a99c26d5cde020012e509a9","OCC-2609FO07382981","524002","Villeray-Saint-Michel-Parc-Extension","Travaux","Permis émis","2026-09-09T20:00:00Z","2026-09-14T19:59:59Z","Égouts et aqueducs - Réhabilitation","Bloomfield entre Anvers et Crémazie","Entrepreneur sous contrat avec la Ville de Montréal","Insituform Technologies Limited","t","t","t","t","t","t","t","t","t","t","f","t","f","t",,,,,,,,,,,,,,,"2026-09-11T00:02:11Z",-73.64168619777662,45.53246697902929
"6a99c90bfa7b4d00129f2d6b","OCC-2609RT07388141",,"Le Plateau-Mont-Royal","Travaux","Permis émis","2026-09-04T20:00:00Z","2026-09-21T19:59:59Z","Construction/rénovation sans excavation","Milton entre Jeanne-Mance et Parc","Entreprise","St-Denis Thompson","t","t","t","t","t","t","t","t","t","t","t","t","t","t",,,,,,,,,,,,,,,"2026-09-11T00:02:11Z",-73.57312502602299,45.51000961184271
"6a99ca5dfa7b4d00129f2db0","OCC-2609QN07443319",,"Ahuntsic-Cartierville","Travaux","Permis émis","2026-09-09T20:00:00Z","2026-09-10T19:59:59Z","Entretien","Papineau entre Prieur et Henri-Bourassa","RTU (Réseau technique urbain) ou son sous-traitant
","Hydro-Québec-Entrave courte durée","t","f","t","f","t","f","t","f","t","f","f","f","f","f",,,"19:00","22:00","19:00","22:00","19:00","22:00","19:00","22:00","19:00","22:00",,,"2026-09-11T00:02:11Z",-73.65800087546347,45.56993653808639
"6a99ccaa5cde020012e50d14","OCC-2609TI08257256","524002","Villeray-Saint-Michel-Parc-Extension","Travaux","Permis émis","2026-09-09T20:00:00Z","2026-09-10T19:59:59Z","Égouts et aqueducs - Inspection et nettoyage","Crémazie entre 18e et 21e","Entrepreneur sous contrat avec la Ville de Montréal","Insituform Technologies Limited","t","f","t","f","t","f","t","f","t","f","f","f","f","f",,,"09:30","15:00","09:30","15:00","09:30","15:00","09:30","15:00","09:30","15:00",,,"2026-09-11T00:02:11Z",-73.60175476392337,45.5685986203084
"6a99de825cde020012e51005","OCC-2609YE08282661",,"St-Laurent","Travaux","Permis émis","2026-09-10T20:00:00Z","2026-09-11T19:59:59Z","Construction/rénovation avec excavation","Saint-François-Xavier entre Decelles et Saint-François-Xavier","Entreprise","exkavo","t","f","t","f","t","f","t","f","t","f","f","f","f","f",,,"07:00","17:00","07:00","17:00","07:00","17:00","07:00","17:00","07:00","17:00",,,"2026-09-11T00:02:11Z",-73.67996408285242,45.51546358162653
"6a9a1b0ab10277001265396f","OCC-2609HC08353573","317601","Rivière-des-Prairies-Pointe-aux-Trembles","Travaux","Permis émis","2026-09-09T20:00:00Z","2026-09-25T19:59:59Z","Réseaux routier - Réfection et travaux corrélatifs","8e entre Saint-Joseph et Prince-Albert","Entrepreneur sous contrat avec la Ville de Montréal","Duroking Construction","t","t","t","t","t","t","t","t","t","t","t","t","t","t",,,,,,,,,,,,,,,"2026-09-11T00:02:11Z",-73.49083106764904,45.63832215692246
"6a2083dbef86e200124cf255","OCC-2606KN02456504","193711","Le Sud-Ouest","Travaux","Permis émis","2026-06-02T20:00:00Z","2026-12-18T18:59:59Z","Construction/rénovation avec excavation","136 entre 720 et 720","Entrepreneur sous contrat avec la Ville de Montréal","Pronex Excavation","t","t","t","t","t","t","t","t","t","t","t","t","t","t",,,,,,,,,,,,,,,"2026-06-05T00:02:01Z",-73.57266075385479,45.492574277838585
"69c32f9e5f40ae0012c1109e","OCC-2604MO07369553","503001","Ville-Marie","Travaux","Permis émis","2026-04-11T20:00:00Z","2026-10-30T19:59:59Z","Construction/rénovation avec excavation","Stanley entre René-Lévesque et De Maisonneuve","Entrepreneur sous contrat avec la Ville de Montréal","Roxboro Excavation Inc.","t","t","t","t","t","t","t","t","t","t","t","t","t","t",,,,,,,,,,,,,,,"2026-04-17T00:01:54Z",-73.57292925944328,45.499333279511816
"6a51135f034844001262b62c","OCC-2607YX08384320",,"Ville-Marie","Travaux","Permis émis","2026-07-10T20:00:00Z","2026-11-20T18:59:59Z","Construction/rénovation sans excavation","Sainte-Catherine entre Mackay et Guy","Entreprise","Magil Construction est du Canada inc.","t","t","t","t","t","t","t","t","t","t","t","t","t","t",,,,,,,,,,,,,,,"2026-07-12T00:01:38Z",-73.57716750140878,45.49563337559616
"6a3ed83434772f0012a7a94f","OCC-2607KC08412679",,"Mercier-Hochelaga-Maisonneuve","Travaux","Permis émis","2026-08-09T20:00:00Z","2026-12-11T18:59:59Z","Construction/rénovation sans excavation","Ruelle","Entreprise","An-Au Construction","t","t","t","t","t","t","t","t","t","t","t","t","t","t",,,,,,,,,,,,,,,"2026-07-12T00:01:38Z",-73.53914644478442,45.54348101860326
"6aa1a5223469270012305db8","OCC-2609YV08206236",,"Ville-Marie","Travaux","Permis émis","2026-09-10T20:00:00Z","2026-10-01T19:59:59Z","Construction/rénovation sans excavation","Sainte-Catherine entre Saint-André et Saint-Timothée","Entreprise","Groupe Atwill-Morin inc.","t","t","t","t","t","t","t","t","t","t","t","t","t","t",,,,,,,,,,,,,,,"2026-09-11T00:02:11Z",-73.55774941199242,45.516621388355546
"6aa1a5cd3469270012305dc3","OCC-2609BJ07586869",,"Rosemont-La Petite-Patrie","Travaux","Permis émis","2026-09-08T20:00:00Z","2026-09-11T19:59:59Z","Construction/rénovation sans excavation","Chabot entre Carrières et Rosemont","Entreprise","Gestion ino-vita inc.","t","t","t","t","t","t","t","t","t","t","f","f","f","f",,,,,,,,,,,,,,,"2026-09-11T00:02:11Z",-73.58978488908583,45.541634226100726
"6aa1c99ab10277001265c48a","OCC-2609DO07670028",,"LaSalle","Travaux","Permis émis","2026-09-10T20:00:00Z","2026-09-12T19:59:59Z","Autre","Gérald entre Bannon et Champlain",,,"t","t","t","t","t","t","t","t","t","t","t","t","t","t",,,,,,,,,,,,,,,"2026-09-11T00:02:11Z",-73.59714167789113,45.4368081499436
"6aa1d598346927001230666e","OCC-2609SX08238389",,"Rosemont-La Petite-Patrie","Travaux","Permis émis","2026-09-10T20:00:00Z","2026-09-11T19:59:59Z","Construction/rénovation sans excavation","Clark entre Clark et Beaubien","Entreprise","9338-4055 Québec inc.","t","f","t","f","t","f","t","f","t","f","f","f","f","f",,,"09:30","17:00","09:30","17:00","09:30","17:00","09:30","17:00","09:30","17:00",,,"2026-09-11T00:02:11Z",-73.60896802292993,45.529566228715794
"6aa28da5b10277001265ca4e","OCC-2609DB08290614",,"Saint-Léonard","Travaux","Permis émis","2026-09-09T20:00:00Z","2026-09-10T19:59:59Z","Toiture - Rénovation","Dollier entre Boischatel et Montbrun","Entreprise","Les Toitures Et Imperméabilisation Trans Canada Ltée","t","f","t","f","t","f","t","f","t","f","f","f","f","f",,,"07:00","15:00","07:00","15:00","07:00","15:00","07:00","15:00","07:00","15:00",,,"2026-09-11T00:02:11Z",-73.58616524174475,45.57989049991065
"6aa29191346927001230670f","OCC-2609DT08354302","405720","Le Sud-Ouest","Travaux","Permis émis","2026-09-09T20:00:00Z","2026-09-11T19:59:59Z","Autre","Murray entre Wellington et Ottawa","Entrepreneur sous contrat avec la Ville de Montréal","Les Excavations Super Inc.","t","f","t","f","t","f","t","f","t","f","f","f","f","f",,,"06:00","17:00","06:00","17:00","06:00","17:00","06:00","17:00","06:00","17:00",,,"2026-09-11T00:02:11Z",-73.55923579771594,45.49260108413333
"6aa2919e346927001230671a","OCC-2609CU08299976",,"Ville-Marie","Travaux","Permis émis","2026-09-09T20:00:00Z","2026-09-25T19:59:59Z","Autre","Rouen entre Bordeaux et De Lorimier","Entreprise","92244474 Québec inc.","t","t","t","t","t","t","t","t","t","t","t","t","t","t",,,,,,,,,,,,,,,"2026-09-11T00:02:11Z",-73.56036290967856,45.5291252076022
"6aa294f4b10277001265caab","OCC-2609FA08354844",,"Le Sud-Ouest","Travaux","Permis émis","2026-09-09T20:00:00Z","2026-09-10T19:59:59Z","Autre","Peel entre Wellington et Ottawa","Entreprise","SLON inc","t","f","t","f","t","f","t","f","t","f","f","f","f","f",,,"09:00","18:00","09:00","18:00","09:00","18:00","09:00","18:00","09:00","18:00",,,"2026-09-11T00:02:11Z",-73.55839023299065,45.49376809062733
"6aa2971834692700123067ac","OCC-2609QM08302849",,"Ville-Marie","Travaux","Permis émis","2026-09-10T20:00:00Z","2026-09-11T19:59:59Z","Construction/rénovation sans excavation","Florian entre Rouen et Hochelaga","Entreprise","7663609 Canada inc (GOOD ONE)","t","f","t","f","t","f","t","f","t","f","f","f","f","f",,,"07:00","14:00","07:00","14:00","07:00","14:00","07:00","14:00","07:00","14:00",,,"2026-09-11T00:02:11Z",-73.55487921604578,45.53876616487021
"6aa2973934692700123067be","OCC-2609IG08210868","523901","Anjou","Travaux","Permis émis","2026-09-10T20:00:00Z","2026-09-16T19:59:59Z","Autre","Galeries-d'Anjou entre Jarry et Baudrière","Entrepreneur sous contrat avec la Ville de Montréal","Laurin Laurin (Bell, VL, EC, HQ)","t","t","t","t","t","t","t","t","t","t","t","t","t","t",,,,,,,,,,,,,,,"2026-09-11T00:02:11Z",-73.57545739130575,45.60197534005911
"6aa01c4a34692700123019f4","OCC-2609FO08242959",,"Verdun","Travaux","Permis émis","2026-09-10T20:00:00Z","2026-09-11T19:59:59Z","Construction/rénovation sans excavation","4e entre LaSalle et Wellington","Entreprise","Gagné Métal Inc.","t","f","t","f","t","f","t","f","t","f","f","f","f","f",,,"07:00","19:00","07:00","19:00","07:00","19:00","07:00","19:00","07:00","19:00",,,"2026-09-11T00:02:11Z",-73.56484374466032,45.45652856859936
"6aa29fb734692700123068df","OCC-2609TH08282061",,"Côte-des-Neiges-Notre-Dame-de-Grâce","Travaux","Permis émis","2026-09-10T20:00:00Z","2026-09-11T19:59:59Z","Entretien","Sherbrooke entre Park Row Ouest et Mariette","RTU (Réseau technique urbain) ou son sous-traitant
","Hydro-Québec-Entrave courte durée","t","f","t","f","t","f","t","f","t","f","f","f","f","f",,,"09:30","16:00","09:30","16:00","09:30","16:00","09:30","16:00","09:30","16:00",,,"2026-09-11T00:02:11Z",-73.63451997451388,45.460718474219256
"6aa2d3213469270012307c05","OCC-2609DR08361234",,"Villeray-Saint-Michel-Parc-Extension","Travaux","Permis émis","2026-09-10T20:00:00Z","2026-09-11T19:59:59Z","Toiture - Rénovation","De L'Épée entre Ball et Jarry","Entreprise","Toitures Denis Courville Inc.","t","f","t","f","t","f","t","f","t","f","f","f","f","f",,,"07:00","19:00","07:00","19:00","07:00","19:00","07:00","19:00","07:00","19:00",,,"2026-09-11T00:02:11Z",-73.63459113056413,45.53106137987295
"6aa2d3e0b10277001265e247","OCC-2609DT08428608",,"Ahuntsic-Cartierville","Travaux","Permis émis","2026-09-10T20:00:00Z","2026-09-11T19:59:59Z","Entretien","Cousineau entre Laurin et Gouin","Entreprise","Lavage de vitres Future inc.","t","f","t","f","t","f","t","f","t","f","f","f","f","f",,,"07:00","17:00","07:00","17:00","07:00","17:00","07:00","17:00","07:00","17:00",,,"2026-09-11T00:02:11Z",-73.72409580226281,45.52899212452926
"6aa2d6eab10277001265e3cd","OCC-2609VF08419400",,"Rosemont-La Petite-Patrie","Travaux","Permis émis","2026-09-10T20:00:00Z","2026-09-11T19:59:59Z","Construction/rénovation sans excavation","Masson entre D'Iberville et Masson","Entreprise","RESIDIA - DÉVELOPPEMENT IMMOBILIER INC.","t","f","t","f","t","f","t","f","t","f","f","f","f","f",,,"09:00","17:00","09:00","17:00","09:00","17:00","09:00","17:00","09:00","17:00",,,"2026-09-11T00:02:11Z",-73.5778618544079,45.543487297629
"6aa2d873b10277001265e43d","OCC-2609WK08364304",,"Ahuntsic-Cartierville","Travaux","Permis émis","2026-08-30T20:00:00Z","2026-09-18T19:59:59Z","Autre","Acadie entre Legendre et Chabanel","Organisation publique ou son sous-traitant","Hydro-Québec","t","t","t","t","t","t","t","t","t","t","t","t","t","t",,,,,,,,,,,,,,,"2026-09-11T00:02:11Z",-73.65402174138858,45.53260831771716
"6aa2db0eb10277001265e507","OCC-2609UK08434669",,"Villeray-Saint-Michel-Parc-Extension","Travaux","Permis émis","2026-09-10T20:00:00Z","2026-09-18T19:59:59Z","Construction/rénovation avec excavation","Écores entre Villeray et Tillemont",,,"t","t","t","t","t","t","t","t","t","t","t","t","t","t",,,,,,,,,,,,,,,"2026-09-11T00:02:11Z",-73.61075990857432,45.555783568450885
"6aa2dda83469270012307e4b","OCC-2609VD08405864",,"Verdun","Travaux","Permis émis","2026-09-10T20:00:00Z","2026-09-11T19:59:59Z","Construction/rénovation sans excavation","Brown entre Bannantyne et Beurling","Entreprise","Couvreur GP inc","t","f","t","f","t","f","t","f","t","f","f","f","f","f",,,"07:00","15:00","07:00","15:00","07:00","15:00","07:00","15:00","07:00","15:00",,,"2026-09-11T00:02:11Z",-73.58184339122691,45.44894809520672
"6aa2de623469270012307e6f","OCC-2609HZ08419131",,"Villeray-Saint-Michel-Parc-Extension","Travaux","Permis émis","2026-09-09T20:00:00Z","2026-09-11T19:59:59Z","Construction/rénovation avec excavation","Rousselot entre Everett et Villeray",,,"t","f","t","f","t","f","t","f","t","f","f","f","f","f",,,"07:00","17:00","07:00","17:00","07:00","17:00","07:00","17:00","07:00","17:00",,,"2026-09-11T00:02:11Z",-73.61411869453518,45.54774007278631
"6aa2e23bb10277001265e5f7","OCC-2609TC08394880",,"Ahuntsic-Cartierville","Travaux","Permis émis","2026-09-10T20:00:00Z","2026-09-11T19:59:59Z","Construction/rénovation sans excavation","Saint-Laurent entre Sauriol et Fleury","Entreprise","BASTIUM CONSTRUCTION INC.","t","f","t","f","t","f","t","f","t","f","f","f","f","f",,,"07:00","15:00","07:00","15:00","07:00","15:00","07:00","15:00","07:00","15:00",,,"2026-09-11T00:02:11Z",-73.66360272917886,45.548192502372615
"69dfd59afc71860012198862","OCC-2604VX14493651","2420779","Ahuntsic-Cartierville","Travaux","Permis émis","2026-04-21T20:00:00Z","2026-11-01T18:59:59Z","Entretien","Ruelle","Entrepreneur sous contrat avec la Ville de Montréal","Les entreprises Roseneige","t","f","t","f","t","f","t","f","t","f","f","f","f","f",,,"07:00","16:00","07:00","16:00","07:00","16:00","07:00","16:00","07:00","16:00",,,"2026-04-19T00:01:49Z",-73.65515628779684,45.53806008051988
"6a88a4dc8d981b0012f62703","OCC-2609PU07570844",,"Verdun","Travaux","Permis émis","2026-09-12T20:00:00Z","2026-09-14T19:59:59Z","Construction/rénovation sans excavation","10 entre 10 et 10","Organisation publique ou son sous-traitant","Pomerleau Inc.","t","f","t","f","t","f","t","f","t","f","f","f","t","f",,,"00:00","04:00","00:00","04:00","00:00","04:00","00:00","04:00","00:00","04:00","22:00","23:00","2026-09-11T00:02:11Z",-73.54208448885588,45.4743356025531
"6a8db5868d88dc00127d0dde","OCC-2609QU07543185",,"Saint-Léonard","Travaux","Permis émis","2026-09-09T20:00:00Z","2026-09-10T19:59:59Z","Entretien","Arras entre Milly et Lacoursière","RTU (Réseau technique urbain) ou son sous-traitant
","Hydro-Québec-Entrave courte durée","t","f","t","f","t","f","t","f","t","f","f","f","f","f",,,"07:00","16:00","07:00","16:00","07:00","16:00","07:00","16:00","07:00","16:00",,,"2026-09-11T00:02:11Z",-73.59611112561424,45.598938409452686
"6a8db5ba8d981b0012f6704f","OCC-2609FJ07544755",,"Saint-Léonard","Travaux","Permis émis","2026-09-09T20:00:00Z","2026-09-10T19:59:59Z","Entretien","Val-Marie entre Belherbe et Milly","RTU (Réseau technique urbain) ou son sous-traitant
","Hydro-Québec-Entrave courte durée","t","f","t","f","t","f","t","f","t","f","f","f","f","f",,,"07:00","16:00","07:00","16:00","07:00","16:00","07:00","16:00","07:00","16:00",,,"2026-09-11T00:02:11Z",-73.59482759339966,45.59824704505248
"6a8effa58d981b0012f69641","OCC-2609YJ07644500","527004","Villeray-Saint-Michel-Parc-Extension","Travaux","Permis émis","2026-09-11T20:00:00Z","2026-09-18T19:59:59Z","Autre","Léonard-De Vinci entre Crémazie et Jarry","Entrepreneur sous contrat avec la Ville de Montréal","Demix construction","t","f","t","f","t","f","t","f","t","f","t","f","t","f","09:00","17:00","07:00","19:00","07:00","19:00","07:00","19:00","07:00","19:00","07:00","19:00","09:00","17:00","2026-09-11T00:02:11Z",-73.60417600102672,45.56780733807737
"6a8f53ef8d88dc00127d54e4","OCC-2609FQ07426640","527004","Villeray-Saint-Michel-Parc-Extension","Travaux","Permis émis","2026-09-10T20:00:00Z","2026-09-18T19:59:59Z","Autre","17e entre Jarry et Jean-Rivard","Entrepreneur sous contrat avec la Ville de Montréal","Demix construction","t","t","t","t","t","t","t","t","t","t","t","t","t","t",,,,,,,,,,,,,,,"2026-09-11T00:02:11Z",-73.60732066556595,45.568099912165145
"6a9af52db1027700126551c4","OCC-2609AG07433899",,"Mercier-Hochelaga-Maisonneuve","Travaux","Permis émis","2026-09-09T20:00:00Z","2026-09-10T19:59:59Z","Construction/rénovation sans excavation","Sainte-Catherine entre Desjardins et De La Salle","Entreprise","3LP Construction","t","f","t","f","t","f","t","f","t","f","f","f","f","f",,,"07:00","15:00","07:00","15:00","07:00","15:00","07:00","15:00","07:00","15:00",,,"2026-09-11T00:02:11Z",-73.53478279833348,45.549341278098886
"6a9b0dadb1027700126558a0","OCC-2609MF07429732",,"Mercier-Hochelaga-Maisonneuve","Travaux","Permis émis","2026-09-09T20:00:00Z","2026-09-10T19:59:59Z","Autre","Chauveau entre Assomption et Dickson","Entreprise","PRAXIS CONSTRUCTION INC.","t","f","t","f","t","f","t","f","t","f","f","f","f","f",,,"03:00","23:00","03:00","23:00","03:00","23:00","03:00","23:00","03:00","23:00",,,"2026-09-11T00:02:11Z",-73.54706059376932,45.57122423395837
"6a9b0f033469270012300004","OCC-2609QL07056242","405720","Le Sud-Ouest","Travaux","Permis émis","2026-09-09T20:00:00Z","2026-09-11T19:59:59Z","Autre","Murray entre Wellington et Ottawa","Entrepreneur sous contrat avec la Ville de Montréal","Les Excavations Super Inc.","t","f","t","f","t","f","t","f","t","f","f","f","f","f",,,"06:00","18:00","06:00","18:00","06:00","18:00","06:00","18:00","06:00","18:00",,,"2026-09-11T00:02:11Z",-73.55909862591642,45.49251736837
"6a9b0f61b102770012655923","OCC-2609RB07056534","405720","Le Sud-Ouest","Travaux","Permis émis","2026-09-09T20:00:00Z","2026-09-11T19:59:59Z","Autre","Murray entre Ottawa et William","Entrepreneur sous contrat avec la Ville de Montréal","Les Excavations Super Inc.","t","f","t","f","t","f","t","f","t","f","f","f","f","f",,,"06:00","18:00","06:00","18:00","06:00","18:00","06:00","18:00","06:00","18:00",,,"2026-09-11T00:02:11Z",-73.56081166035993,45.49319666417212
"6a9b2c23b102770012655df6","OCC-2609IB07446121",,"Villeray-Saint-Michel-Parc-Extension","Travaux","Permis émis","2026-09-10T20:00:00Z","2026-09-11T19:59:59Z","Construction/rénovation sans excavation","Villeray entre 10e et Saint-Michel","Entreprise","Les entreprises QMD inc.","t","f","t","f","t","f","t","f","t","f","f","f","f","f",,,"06:00","18:00","06:00","18:00","06:00","18:00","06:00","18:00","06:00","18:00",,,"2026-09-11T00:02:11Z",-73.60401397836357,45.56105959315962
"6a9c2debb10277001265630b","OCC-2609NU07553124",,"Saint-Léonard","Travaux","Permis émis","2026-09-10T20:00:00Z","2026-09-11T19:59:59Z","Construction/rénovation avec excavation","Jean-Nicolet entre Viau et Robert","Entreprise","Construgep","t","t","t","t","t","t","t","t","t","t","f","f","f","f",,,,,,,,,,,,,,,"2026-09-11T00:02:11Z",-73.60506359323495,45.583099665639146
"6a9fedb63469270012300c86","OCC-2609AJ07321636",,"Le Plateau-Mont-Royal","Travaux","Permis émis","2026-09-07T20:00:00Z","2026-10-09T19:59:59Z","Construction/rénovation sans excavation","Saint-Laurent entre Maguire et Saint-Viateur","Entreprise","152519 Canada Inc","t","t","t","t","t","t","t","t","t","t","t","t","t","t",,,,,,,,,,,,,,,"2026-09-11T00:02:11Z",-73.59851932522791,45.52557236895616
"6a9ff8533469270012300e79","OCC-2609OY08453482",,"Villeray-Saint-Michel-Parc-Extension","Travaux","Permis émis","2026-09-11T20:00:00Z","2026-09-12T19:59:59Z","Entretien","12e entre Jean-Talon et Shaughnessy","RTU (Réseau technique urbain) ou son sous-traitant
","Hydro-Québec-Entrave courte durée","f","f","f","f","f","f","f","f","f","f","t","f","f","f","09:00","17:00",,,,,,,,,,,,,"2026-09-11T00:02:11Z",-73.59723877740815,45.56041641805238
"6aa0009134692700123010c4","OCC-2609EQ07589411","202503","Villeray-Saint-Michel-Parc-Extension","Travaux","Permis émis","2026-09-09T20:00:00Z","2026-09-11T19:59:59Z","Feux de signalisation - Ajout/réparation","Villeray entre Marquette et Cartier","Entrepreneur sous contrat avec la Ville de Montréal","Bruneau Electrique Inc","t","f","t","f","t","f","t","f","t","f","f","f","f","f",,,"07:00","15:00","07:00","15:00","07:00","15:00","07:00","15:00","07:00","15:00",,,"2026-09-11T00:02:11Z",-73.61459380490855,45.551347813152375
"6aa00467b102770012656cec","OCC-2609MP07380732","25008","LaSalle","Travaux","Permis émis","2026-09-08T20:00:00Z","2026-09-30T19:59:59Z","Construction/rénovation sans excavation","Saint-Patrick entre Saint-Patrick et Vézina","Entrepreneur sous contrat avec la Ville de Montréal","Eurovia Québec Grands Projets","t","t","t","t","t","t","t","t","t","t","t","t","t","t",,,,,,,,,,,,,,,"2026-09-11T00:02:11Z",-73.65560666545915,45.43557492481308
"6aa00456b102770012656ce0","OCC-2609OC07622742","2602","Lachine","Travaux","Permis émis","2026-09-09T20:00:00Z","2026-10-02T19:59:59Z","Trottoirs - Construction","24e entre Saint-Antoine et Provost","Entrepreneur sous contrat avec la Ville de Montréal","COJALAC INC.","t","t","t","t","t","t","t","t","t","t","t","t","t","t",,,,,,,,,,,,,,,"2026-09-11T00:02:11Z",-73.68544023626129,45.44071489649622
"6aa004aa346927001230130e","OCC-2609IE07662848","2602","Lachine","Travaux","Permis émis","2026-09-09T20:00:00Z","2026-10-02T19:59:59Z","Trottoirs - Construction","10e entre Saint-Louis et Notre-Dame","Entrepreneur sous contrat avec la Ville de Montréal","COJALAC INC.","t","t","t","t","t","t","t","t","t","t","t","t","t","t",,,,,,,,,,,,,,,"2026-09-11T00:02:11Z",-73.67254325087029,45.43396430841693
"6aa00518b102770012656d38","OCC-2609NS07550557","2602","Lachine","Travaux","Permis émis","2026-09-09T20:00:00Z","2026-10-02T19:59:59Z","Trottoirs - Construction","Moulin entre Érables et Émile-Gauthier","Entrepreneur sous contrat avec la Ville de Montréal","COJALAC INC.","t","t","t","t","t","t","t","t","t","t","t","t","t","t",,,,,,,,,,,,,,,"2026-09-11T00:02:11Z",-73.65296861333975,45.445866984305226
"6aa0060b3469270012301373","OCC-2609BE08259615",,"St-Laurent","Travaux","Permis émis","2026-09-09T20:00:00Z","2026-09-11T19:59:59Z","Construction/rénovation sans excavation","Chinook entre Montérégiennes et Hémisphères","Entreprise","Sol-Vert","t","t","t","t","t","t","t","t","t","t","f","t","f","t",,,,,,,,,,,,,,,"2026-09-11T00:02:11Z",-73.71263507389887,45.51509048558052
"6a9b0c3634692700122fff40","OCC-2609YZ07440887",,"Villeray-Saint-Michel-Parc-Extension","Travaux","Permis émis","2026-09-08T20:00:00Z","2026-09-11T19:59:59Z","Entretien","Jean-Talon entre 22e et Pie-IX","CSEM (Commission des services électriques de Montréal) ou son sous-traitant
","CSEM","t","f","t","f","t","f","t","f","t","f","f","f","f","f",,,"07:00","16:00","07:00","16:00","07:00","16:00","07:00","16:00","07:00","16:00",,,"2026-09-11T00:02:11Z",-73.59167716348318,45.56629294909107
"6aa011a9b1027700126571ed","OCC-2609JH07419248","2602","Villeray-Saint-Michel-Parc-Extension","Travaux","Permis émis","2026-09-08T20:00:00Z","2026-09-11T19:59:59Z","Autre","Crémazie entre 18e et 20e","Entrepreneur sous contrat avec la Ville de Montréal","Les Pavages Céka","t","f","t","f","t","f","t","f","t","f","f","f","f","f",,,"09:00","15:00","09:00","15:00","09:00","15:00","09:00","15:00","09:00","15:00",,,"2026-09-11T00:02:11Z",-73.60140251043296,45.568048744707966
"6a9ac51eb1027700126542a2","OCC-2609AV07489790","26005","Ville-Marie","Travaux","Permis émis","2026-09-09T20:00:00Z","2026-09-18T19:59:59Z","Trottoirs - Construction","Visitation entre Berthier et Larivière","Entrepreneur sous contrat avec la Ville de Montréal","COJALAC INC.","t","t","t","t","t","t","t","t","t","t","t","t","t","t",,,,,,,,,,,,,,,"2026-09-11T00:02:11Z",-73.56309687692203,45.522789630936295
"6a9ac91ab10277001265446b","OCC-2609BP07565270",,"Rosemont-La Petite-Patrie","Travaux","Permis émis","2026-09-09T20:00:00Z","2026-09-17T19:59:59Z","S-2 Infrastructure souterraine mineure ou équipement hors-sol - Réseaux de gaz ","De Lorimier entre Bellechasse et Beaubien","RTU (Réseau technique urbain) ou son sous-traitant
","Énergir","t","f","t","f","t","f","t","f","t","f","t","f","f","f","07:00","19:00","07:00","19:00","07:00","19:00","07:00","19:00","07:00","19:00","07:00","19:00",,,"2026-09-11T00:02:11Z",-73.59223012982189,45.544491377838746
"6a9ace4334692700122fecd9","OCC-2609OJ06892431","524103","St-Laurent","Travaux","Permis émis","2026-09-07T20:00:00Z","2026-09-18T19:59:59Z","Autre","Église entre Décarie et Leduc","Entrepreneur sous contrat avec la Ville de Montréal","FER-PAL CONSTRUCTION LTD.","t","t","t","t","t","t","t","t","t","t","t","t","t","t",,,,,,,,,,,,,,,"2026-09-11T00:02:11Z",-73.68032724354994,45.51007395036719
"6a9ad07634692700122fed5c","OCC-2609JU03103852",,"Côte-des-Neiges-Notre-Dame-de-Grâce","Travaux","Permis émis","2026-08-02T20:00:00Z","2026-09-11T19:59:59Z","Construction/rénovation sans excavation","Bates entre Wilderton et Darlington","Entreprise","Les entreprises QMD inc.","t","f","t","f","t","f","t","f","t","f","f","f","f","f",,,"06:00","18:00","06:00","18:00","06:00","18:00","06:00","18:00","06:00","18:00",,,"2026-09-11T00:02:11Z",-73.63166752695761,45.5128576186436
"6a9ad3df34692700122fee2a","OCC-2609JN07342006",,"Ville-Marie","Travaux","Permis émis","2026-09-09T20:00:00Z","2026-09-11T19:59:59Z","Construction/rénovation sans excavation","Saint-Mathieu entre Tupper et Sainte-Catherine","Entreprise","Groupe Geyser inc.","t","t","t","t","t","t","t","t","t","t","f","f","f","f",,,,,,,,,,,,,,,"2026-09-11T00:02:11Z",-73.57849447045642,45.49344018996927
"6a9ae96934692700122ff46f","OCC-2609LQ07385704",,"Ahuntsic-Cartierville","Travaux","Permis émis","2026-09-09T20:00:00Z","2026-09-10T19:59:59Z","Entretien","Lajeunesse entre Legendre et Chabanel","RTU (Réseau technique urbain) ou son sous-traitant
","Hydro-Québec-Entrave courte durée","t","f","t","f","t","f","t","f","t","f","f","f","f","f",,,"19:00","22:00","19:00","22:00","19:00","22:00","19:00","22:00","19:00","22:00",,,"2026-09-11T00:02:11Z",-73.64677804656844,45.54906733329098
"6aa1458d3469270012303b2b","OCC-2609RG07626302",,"St-Laurent","Travaux","Permis émis","2026-09-07T20:00:00Z","2026-09-18T19:59:59Z","S-2 Infrastructure souterraine mineure ou équipement hors-sol - Réseaux de gaz ","Transcanadienne entre Ward et Dr.-Frederik-Philips","RTU (Réseau technique urbain) ou son sous-traitant
","Marathon Division Gaz","t","f","t","f","t","f","t","f","t","f","f","f","f","f",,,"09:00","15:00","09:00","15:00","09:00","15:00","09:00","15:00","09:00","15:00",,,"2026-09-11T00:02:11Z",-73.68697932359012,45.49504260967168
"6aa1462b3469270012303b6f","OCC-2609ZY07361735",,"Montréal-Nord","Travaux","Permis émis","2026-09-09T20:00:00Z","2026-09-10T19:59:59Z","Construction/rénovation sans excavation","Paris entre Monselet et Martial","Entreprise","Les Goudrons du Québec Inc.","t","f","t","f","t","f","t","f","t","f","f","f","f","f",,,"07:00","10:00","07:00","10:00","07:00","10:00","07:00","10:00","07:00","10:00",,,"2026-09-11T00:02:11Z",-73.64196836654983,45.59007325239239
"6aa148223469270012303c4e","OCC-2609WO07521767",,"Saint-Léonard","Travaux","Permis émis","2026-09-07T20:00:00Z","2026-09-18T19:59:59Z","S-2 Infrastructure souterraine mineure ou équipement hors-sol - Réseaux de gaz ","Jean-Nicolet entre Viau et Robert","RTU (Réseau technique urbain) ou son sous-traitant
","Marathon Division Gaz","t","f","t","f","t","f","t","f","t","f","f","f","f","f",,,"07:00","16:00","07:00","16:00","07:00","16:00","07:00","16:00","07:00","16:00",,,"2026-09-11T00:02:11Z",-73.6041573980894,45.58269475780868
"6aa14835b102770012659910","OCC-2609UQ07338782",,"Le Plateau-Mont-Royal","Travaux","Permis émis","2026-09-09T20:00:00Z","2026-09-10T19:59:59Z","Autre","Waverly entre Saint-Viateur et Bernard","CSEM (Commission des services électriques de Montréal) ou son sous-traitant
","Telecon","t","f","t","f","t","f","t","f","t","f","f","f","f","f",,,"09:30","17:00","09:30","17:00","09:30","17:00","09:30","17:00","09:30","17:00",,,"2026-09-11T00:02:11Z",-73.60334664110948,45.5257606963946
"6aa1487db1027700126599c4","OCC-2609CH07627458",,"St-Laurent","Travaux","Permis émis","2026-09-01T20:00:00Z","2026-09-18T19:59:59Z","S-2 Infrastructure souterraine mineure ou équipement hors-sol - Réseaux de gaz ","Cavendish entre Côte-Vertu et Thimens","RTU (Réseau technique urbain) ou son sous-traitant
","Marathon Division Gaz","t","f","t","f","t","f","t","f","t","f","f","f","f","f",,,"07:00","16:00","07:00","16:00","07:00","16:00","07:00","16:00","07:00","16:00",,,"2026-09-11T00:02:11Z",-73.7051477239696,45.50178669640973
"6aa14bb0b102770012659a5f","OCC-2609GC07560661",,"Verdun","Travaux","Permis émis","2026-09-11T20:00:00Z","2026-09-14T19:59:59Z","Égouts et aqueducs - Excavation","Crawford entre Churchill et Ouimet","Ville de Montréal",,"t","f","t","f","t","f","t","f","t","f","f","f","f","f",,,"07:00","16:00","07:00","16:00","07:00","16:00","07:00","16:00","07:00","16:00",,,"2026-09-11T00:02:11Z",-73.58712575928598,45.4387552940185
"6aa14bf13469270012303cef","OCC-2609YT08352356","405720","Le Sud-Ouest","Travaux","Permis émis","2026-09-09T20:00:00Z","2026-09-11T19:59:59Z","Autre","Wellington entre Murray et Montagne","Entrepreneur sous contrat avec la Ville de Montréal","Les Excavations Super Inc.","t","f","t","f","t","f","t","f","t","f","f","f","f","f",,,"09:30","15:00","09:30","15:00","09:30","15:00","09:30","15:00","09:30","15:00",,,"2026-09-11T00:02:11Z",-73.55807387237506,45.49205809146105
"6aa14ca8b102770012659a90","OCC-2609ED07387884",,"Le Plateau-Mont-Royal","Travaux","Permis émis","2026-09-09T20:00:00Z","2026-09-18T19:59:59Z","Réseaux routier - Réfection et travaux corrélatifs","Aylmer entre Sherbrooke et Milton","CSEM (Commission des services électriques de Montréal) ou son sous-traitant
","CMS Entrepreneurs Généraux Inc.","t","f","t","f","t","f","t","f","t","f","f","f","f","f",,,"07:00","17:00","07:00","17:00","07:00","17:00","07:00","17:00","07:00","17:00",,,"2026-09-11T00:02:11Z",-73.57411736331879,45.50703620137228
"6aa01816b1027700126573af","OCC-2609DV07377913",,"Ville-Marie","Travaux","Permis émis","2026-09-09T20:00:00Z","2026-09-14T19:59:59Z","Construction/rénovation sans excavation","Sherbrooke entre Stanley et Drummond","Entreprise","Construction Ville Marie","t","f","t","f","t","f","t","f","t","f","f","f","f","f",,,"07:00","17:00","07:00","17:00","07:00","17:00","07:00","17:00","07:00","17:00",,,"2026-09-11T00:02:11Z",-73.5778036857591,45.50070257873137
"6aa020763469270012301af4","OCC-2609UE07382987",,"Ville-Marie","Travaux","Permis émis","2026-09-09T20:00:00Z","2026-09-10T19:59:59Z","Construction/rénovation sans excavation","Sherbrooke entre Redpath et Simpson","Entreprise","St-Denis Thompson","t","t","t","t","t","t","t","t","t","t","f","f","f","f",,,,,,,,,,,,,,,"2026-09-11T00:02:11Z",-73.58082218556734,45.49766485107207
"6aa0294bb1027700126579d9","OCC-2609VN07339747","515101","Verdun","Travaux","Permis émis","2026-09-09T20:00:00Z","2026-09-11T19:59:59Z","Construction/rénovation avec excavation","Ethel entre Régina et Église","Entrepreneur sous contrat avec la Ville de Montréal","Eurovia Québec Grands Projets","t","f","t","f","t","f","t","f","t","f","f","f","f","f",,,"07:00","16:00","07:00","16:00","07:00","16:00","07:00","16:00","07:00","16:00",,,"2026-09-11T00:02:11Z",-73.56786640517046,45.46494471100238
"6aa02a493469270012301f29","OCC-2609QK07492719",,"Ville-Marie","Travaux","Permis émis","2026-09-08T20:00:00Z","2026-09-16T19:59:59Z","Construction/rénovation avec excavation","Riverside entre Mill et Moulins","Entreprise","Roxboro Excavation Inc.","t","t","t","t","t","t","t","t","t","t","t","t","t","t",,,,,,,,,,,,,,,"2026-09-11T00:02:11Z",-73.5508512095694,45.49094242838682
"6aa02aeeb102770012657a42","OCC-2609BG07493744","524204","Villeray-Saint-Michel-Parc-Extension","Travaux","Permis émis","2026-09-09T20:00:00Z","2026-09-18T19:59:59Z","Réseaux routier - Réfection et travaux corrélatifs","Boyer entre Jarry et Le Gardeur","Entrepreneur sous contrat avec la Ville de Montréal","FER-PAL CONSTRUCTION LTD.","t","t","t","t","t","t","t","t","t","t","f","f","f","f",,,,,,,,,,,,,,,"2026-09-11T00:02:11Z",-73.6279663135236,45.54836150795235
"6aa034d13469270012302366","OCC-2609TQ07465031",,"Villeray-Saint-Michel-Parc-Extension","Travaux","Permis émis","2026-09-09T20:00:00Z","2026-09-25T19:59:59Z","Autre","Beaumont entre Champagneur et Wiseman","Organisation publique ou son sous-traitant","Hydro-Québec","t","t","t","t","t","t","t","t","t","t","t","t","t","t",,,,,,,,,,,,,,,"2026-09-11T00:02:11Z",-73.62135778103001,45.525375532264576
"6aa03633b102770012657e56","OCC-2609UQ07465424",,"Villeray-Saint-Michel-Parc-Extension","Travaux","Permis émis","2026-09-09T20:00:00Z","2026-09-25T19:59:59Z","Autre","Outremont entre Beaumont et Jean-Talon","Organisation publique ou son sous-traitant","Hydro-Québec","t","t","t","t","t","t","t","t","t","t","t","t","t","t",,,,,,,,,,,,,,,"2026-09-11T00:02:11Z",-73.6242571471679,45.52611943775443
"6aa04126b10277001265809d","OCC-2609BN07468504",,"Villeray-Saint-Michel-Parc-Extension","Travaux","Permis émis","2026-09-09T20:00:00Z","2026-09-10T19:59:59Z","Toiture - Rénovation","Henri-Julien entre Gounod et Jarry","Entreprise","Mon-toit","t","f","t","f","t","f","t","f","t","f","f","f","f","f",,,"07:00","18:00","07:00","18:00","07:00","18:00","07:00","18:00","07:00","18:00",,,"2026-09-11T00:02:11Z",-73.62719392463885,45.54047619843082
"6a971f135cde020012e4b0dd","OCC-2609FS07633798",,"St-Laurent","Travaux","Permis émis","2026-09-10T20:00:00Z","2026-10-13T19:59:59Z","S-3 Infrastructure souterraine majeure - Puits d'accès","Griffith entre Griffith et Côte-de-Liesse","RTU (Réseau technique urbain) ou son sous-traitant
","Construction N.R.C. Inc","t","t","t","t","t","t","t","t","t","t","t","t","t","t",,,,,,,,,,,,,,,"2026-09-11T00:02:11Z",-73.70184104389494,45.48164764338709
"6aa041e1b1027700126580ff","OCC-2609KR07429321","2320159","Mercier-Hochelaga-Maisonneuve","Travaux","Permis émis","2026-09-12T20:00:00Z","2026-09-14T19:59:59Z","Égouts et aqueducs - Inspection et nettoyage","Notre-Dame entre Gonthier et Notre-Dame","Entrepreneur sous contrat avec la Ville de Montréal","SIMO Management","t","f","t","f","t","f","t","f","t","f","f","f","t","f",,,"00:00","04:00","00:00","04:00","00:00","04:00","00:00","04:00","00:00","04:00","22:00","23:00","2026-09-11T00:02:11Z",-73.51050965142859,45.61122247955087
"6aa0476b3469270012302ac8","OCC-2609LT07414634","25008","LaSalle","Travaux","Permis émis","2026-09-09T20:00:00Z","2026-09-10T19:59:59Z","Construction/rénovation sans excavation","Jean-Milot entre Newman et Laplante","Entrepreneur sous contrat avec la Ville de Montréal","Eurovia Québec Grands Projets","t","t","t","t","t","t","t","t","t","t","f","t","f","t",,,,,,,,,,,,,,,"2026-09-11T00:02:11Z",-73.64001927419625,45.42905194841605
"6aa04bfcb102770012658632","OCC-2609GB07404366","1781717","Ahuntsic-Cartierville","Travaux","Permis émis","2026-09-09T20:00:00Z","2026-09-11T19:59:59Z","Entretien","Louvain entre Lajeunesse et Saint-Hubert","Entrepreneur sous contrat avec la Ville de Montréal","Les Signalisations RC","t","t","t","t","t","t","t","t","t","t","f","f","f","f",,,,,,,,,,,,,,,"2026-09-11T00:02:11Z",-73.65039640047078,45.551717959424565
"6aa04d253469270012302cd2","OCC-2609LT07468068",,"Mercier-Hochelaga-Maisonneuve","Travaux","Permis émis","2026-09-09T20:00:00Z","2026-09-10T19:59:59Z","Autre","Leclaire entre Hochelaga et Pierre-De Coubertin","Entreprise","Bisson Expert Inc.","t","f","t","f","t","f","t","f","t","f","f","f","f","f",,,"07:00","16:00","07:00","16:00","07:00","16:00","07:00","16:00","07:00","16:00",,,"2026-09-11T00:02:11Z",-73.54524166951705,45.559863930549255
"6aa04f66b102770012658725","OCC-2609KD07333189",,"Verdun","Travaux","Permis émis","2026-09-09T20:00:00Z","2026-10-30T19:59:59Z","Construction/rénovation avec excavation","Ethel entre Strathmore et Régina","Entreprise","Comax Construction","t","t","t","t","t","t","t","t","t","t","t","t","t","t",,,,,,,,,,,,,,,"2026-09-11T00:02:11Z",-73.56754778220477,45.46796756341165
"6aa0508ab10277001265878b","OCC-2609HN07552773",,"Ville-Marie","Travaux","Permis émis","2026-09-08T20:00:00Z","2026-09-15T19:59:59Z","Égouts et aqueducs - Inspection et nettoyage","Atwater entre De Maisonneuve et Lincoln","Ville de Montréal",,"t","f","t","f","t","f","t","f","t","f","t","f","t","f","07:00","23:00","07:00","23:00","07:00","23:00","07:00","23:00","07:00","23:00","07:00","23:00","07:00","23:00","2026-09-11T00:02:11Z",-73.58629180088803,45.49041400901338
"6aa0526f3469270012302ef4","OCC-2609EP07507292",,"Ville-Marie","Travaux","Permis émis","2026-09-08T20:00:00Z","2026-09-15T19:59:59Z","Égouts et aqueducs - Inspection et nettoyage","Sainte-Catherine entre Lambert-Closse et Atwater","Ville de Montréal",,"t","f","t","f","t","f","t","f","t","f","t","f","t","f","07:00","23:00","07:00","23:00","07:00","23:00","07:00","23:00","07:00","23:00","07:00","23:00","07:00","23:00","2026-09-11T00:02:11Z",-73.58384453687486,45.48985718637735
"6aa0568e346927001230306b","OCC-2609IH07365592",,"Rosemont-La Petite-Patrie","Travaux","Permis émis","2026-09-08T20:00:00Z","2026-09-11T19:59:59Z","Autre","Saint-Zotique entre Drolet et Saint-Denis","Entreprise","Cafe Construction","t","t","t","t","t","t","t","t","t","t","f","f","f","f",,,,,,,,,,,,,,,"2026-09-11T00:02:11Z",-73.60902290496482,45.53510481983271
"6aa05962346927001230317a","OCC-2609OL07580448",,"Le Plateau-Mont-Royal","Travaux","Permis émis","2026-09-09T20:00:00Z","2026-09-11T19:59:59Z","S-2 Infrastructure souterraine mineure ou équipement hors-sol - Réseaux de gaz ","Saint-Laurent entre Maguire et Saint-Viateur","RTU (Réseau technique urbain) ou son sous-traitant
","Énergir","t","f","t","f","t","f","t","f","t","f","f","f","f","f",,,"07:00","19:00","07:00","19:00","07:00","19:00","07:00","19:00","07:00","19:00",,,"2026-09-11T00:02:11Z",-73.59804641086616,45.52536657699004
"6aa05ce5346927001230321e","OCC-2609KV07368649",,"Rosemont-La Petite-Patrie","Travaux","Permis émis","2026-09-09T20:00:00Z","2026-09-10T19:59:59Z","Construction/rénovation sans excavation","Clark entre Clark et Beaubien","Entreprise","9338-4055 Québec inc.","t","f","t","f","t","f","t","f","t","f","f","f","f","f",,,"09:30","17:00","09:30","17:00","09:30","17:00","09:30","17:00","09:30","17:00",,,"2026-09-11T00:02:11Z",-73.60896576973747,45.52956146273277
"6aa060b9b102770012658cec","OCC-2609DG07336775",,"Verdun","Travaux","Permis émis","2026-09-09T20:00:00Z","2026-09-10T19:59:59Z","Autre","Pointe-Nord entre Alexander-Graham-Bell et Alexander-Graham-Bell","Organisation publique ou son sous-traitant","Les ponts Jacques Cartier et Champlain Incorporée","t","f","t","f","t","f","t","f","t","f","f","f","f","f",,,"09:00","16:00","09:00","16:00","09:00","16:00","09:00","16:00","09:00","16:00",,,"2026-09-11T00:02:11Z",-73.54267120787013,45.472659175782205
"6aa0610fb102770012658cf8","OCC-2609GF07563341",,"St-Laurent","Travaux","Permis émis","2026-09-09T20:00:00Z","2026-09-10T19:59:59Z","Construction/rénovation sans excavation","Cavendish entre Outardes et Henri-Bourassa",,,"t","f","t","f","t","f","t","f","t","f","f","f","f","f",,,"07:00","15:30","07:00","15:30","07:00","15:30","07:00","15:30","07:00","15:30",,,"2026-09-11T00:02:11Z",-73.71870950122091,45.51239471451645
"6aa06513346927001230345b","OCC-2609RI08285929",,"Villeray-Saint-Michel-Parc-Extension","Travaux","Permis émis","2026-09-10T20:00:00Z","2026-09-14T19:59:59Z","Construction/rénovation sans excavation","40 entre 40 et 40","Organisation publique ou son sous-traitant","Construction Demathieu & Bard (CDB) inc.","t","f","t","f","t","f","t","f","t","f","t","f","t","f","00:00","23:59","09:30","23:59","09:30","23:59","09:30","23:59","09:30","23:59","09:30","23:59","00:00","23:59","2026-09-11T00:02:11Z",-73.61000157361464,45.559785181924674
"6aa066c334692700123034d4","OCC-2609VO07636279",,"Villeray-Saint-Michel-Parc-Extension","Travaux","Permis émis","2026-09-10T20:00:00Z","2026-09-14T19:59:59Z","Construction/rénovation sans excavation","Crémazie entre 12e et 15e","Organisation publique ou son sous-traitant","Construction Demathieu & Bard (CDB) inc.","t","f","t","f","t","f","t","f","t","f","t","f","t","f","00:00","23:59","09:30","23:59","09:30","23:59","09:30","23:59","09:30","23:59","09:30","23:59","00:00","23:59","2026-09-11T00:02:11Z",-73.60508607828051,45.56472895677996
"6aa0690d3469270012303567","OCC-2609UR07489960",,"Anjou","Travaux","Permis émis","2026-09-10T20:00:00Z","2026-09-11T19:59:59Z","Toiture - Rénovation","Lévesque entre De La Vérendrye et Georges","Entreprise","9180-9806 Qc Inc","t","f","t","f","t","f","t","f","t","f","f","f","f","f",,,"07:00","19:00","07:00","19:00","07:00","19:00","07:00","19:00","07:00","19:00",,,"2026-09-11T00:02:11Z",-73.54714944678764,45.61364753904656
"6a90e22b8d88dc00127d8b7a","OCC-2609WU07360688",,"LaSalle","Travaux","Permis émis","2026-09-08T20:00:00Z","2026-09-10T19:59:59Z","Construction/rénovation sans excavation","41e entre 41e et 41e","Entreprise","RESIDENCE A LA BONNE ETOILE INC.","t","f","t","f","t","f","t","f","t","f","f","f","f","f",,,"07:00","17:00","07:00","17:00","07:00","17:00","07:00","17:00","07:00","17:00",,,"2026-09-11T00:02:11Z",-73.6180596528701,45.41867536958731
"6aa06bdb3469270012303665","OCC-2609DY07371176",,"Rosemont-La Petite-Patrie","Travaux","Permis émis","2026-09-08T20:00:00Z","2026-09-10T19:59:59Z","Construction/rénovation sans excavation","Papineau entre Rosemont et Bellechasse",,,"t","f","t","f","t","f","t","f","t","f","f","f","f","f",,,"06:00","17:00","06:00","17:00","06:00","17:00","06:00","17:00","06:00","17:00",,,"2026-09-11T00:02:11Z",-73.59173424139576,45.54096496458521
"6aa0723234692700123037d9","OCC-2609EB07403153",,"Le Plateau-Mont-Royal","Travaux","Permis émis","2026-09-08T20:00:00Z","2026-09-18T19:59:59Z","Construction/rénovation sans excavation","Aylmer entre Milton et Prince-Arthur","Entreprise","9342-6450 Québec inc.","t","t","t","t","t","t","t","t","t","t","f","f","f","f",,,,,,,,,,,,,,,"2026-09-11T00:02:11Z",-73.57571699936602,45.50773395198704
"6aa073b1b1027700126590fd","OCC-2609WU07398532",,"Ville-Marie","Travaux","Permis émis","2026-09-02T20:00:00Z","2026-09-16T19:59:59Z","S-2 Infrastructure souterraine mineure ou équipement hors-sol - Réseaux électriques, télécommunications ou câbles des distributions ","Visitation entre Logan et Robin","CSEM (Commission des services électriques de Montréal) ou son sous-traitant
","Telecon","t","f","t","f","t","f","t","f","t","f","f","f","f","f",,,"07:00","17:00","07:00","17:00","07:00","17:00","07:00","17:00","07:00","17:00",,,"2026-09-11T00:02:11Z",-73.55869534915635,45.52076703910821
"6aa074773469270012303807","OCC-2609VM08347324","527004","Villeray-Saint-Michel-Parc-Extension","Travaux","Permis émis","2026-09-12T20:00:00Z","2026-09-14T19:59:59Z","Construction/rénovation sans excavation","40 entre 40 et 40","Entrepreneur sous contrat avec la Ville de Montréal","Demix construction","t","f","t","f","t","f","t","f","t","f","f","f","t","f",,,"00:00","07:00","00:00","07:00","00:00","07:00","00:00","07:00","00:00","07:00","21:30","23:59","2026-09-11T00:02:11Z",-73.6044278682121,45.56712780338047
"6aa07754b10277001265913a","OCC-2609CE07400820",,"Le Sud-Ouest","Travaux","Permis émis","2026-09-08T20:00:00Z","2026-09-10T19:59:59Z","Construction/rénovation sans excavation","Marc-Cantin entre Marc-Cantin et Gaétan-Laberge","Organisation publique ou son sous-traitant","Duroking Construction","t","f","t","f","t","f","t","f","t","f","f","f","f","f",,,"06:00","18:00","06:00","18:00","06:00","18:00","06:00","18:00","06:00","18:00",,,"2026-09-11T00:02:11Z",-73.54872120305245,45.47516207572529
"6aa0796c3469270012303872","OCC-2609WM07393754",,"Le Sud-Ouest","Travaux","Permis émis","2026-09-09T20:00:00Z","2026-09-10T19:59:59Z","Trottoirs - Construction","Ropery entre Châteauguay et Centre","Entreprise","MGB Associés Inc.","t","f","t","f","t","f","t","f","t","f","f","f","f","f",,,"07:00","17:00","07:00","17:00","07:00","17:00","07:00","17:00","07:00","17:00",,,"2026-09-11T00:02:11Z",-73.56652716925801,45.47937796122493
"6aa079b9346927001230387d","OCC-2609AP07619591",,"Le Plateau-Mont-Royal","Travaux","Permis émis","2026-09-10T20:00:00Z","2026-09-11T19:59:59Z","Toiture - Rénovation","Ruelle","Entreprise","Entreprises J.Veilleux et Fils inc","t","f","t","f","t","f","t","f","t","f","f","f","f","f",,,"07:00","15:00","07:00","15:00","07:00","15:00","07:00","15:00","07:00","15:00",,,"2026-09-11T00:02:11Z",-73.59453764713051,45.52711290350995
"6aa07bd3b102770012659153","OCC-2609UG07396781",,"Le Sud-Ouest","Travaux","Permis émis","2026-09-09T20:00:00Z","2026-09-10T19:59:59Z","Trottoirs - Construction","Grand Trunk entre De Montmorency et Sucrerie","Entreprise","MGB Associés Inc.","t","f","t","f","t","f","t","f","t","f","f","f","f","f",,,"07:00","17:00","07:00","17:00","07:00","17:00","07:00","17:00","07:00","17:00",,,"2026-09-11T00:02:11Z",-73.5592100374201,45.48389490144445
"6aa07cab346927001230389a","OCC-2609KI07394988",,"Le Sud-Ouest","Travaux","Permis émis","2026-09-09T20:00:00Z","2026-09-10T19:59:59Z","Trottoirs - Construction","Le Ber entre Charon et Ash","Entreprise","MGB Associés Inc.","t","f","t","f","t","f","t","f","t","f","f","f","f","f",,,"07:00","17:00","07:00","17:00","07:00","17:00","07:00","17:00","07:00","17:00",,,"2026-09-11T00:02:11Z",-73.55309422771502,45.478838264801794
"6aa088c2b10277001265964e","OCC-2609TR08490335",,"Villeray-Saint-Michel-Parc-Extension","Travaux","Permis émis","2026-09-11T20:00:00Z","2026-09-12T19:59:59Z","Autre","1re entre Bélanger et Bélair","Entreprise","Église Baptiste Evangélique Bethesda","f","f","f","f","f","f","f","f","f","f","t","f","f","f","07:00","19:00",,,,,,,,,,,,,"2026-09-11T00:02:11Z",-73.59824483577712,45.55394480433656
"6aa09c2b346927001230390e","OCC-2609CD07361448","434710","Rosemont-La Petite-Patrie","Travaux","Permis émis","2026-08-23T20:00:00Z","2026-09-25T19:59:59Z","Construction/rénovation avec excavation","Saint-Zotique entre Clark et Saint-Urbain","Entrepreneur sous contrat avec la Ville de Montréal","Demix construction","t","f","t","f","t","f","t","f","t","f","f","f","f","f",,,"07:00","17:00","07:00","17:00","07:00","17:00","07:00","17:00","07:00","17:00",,,"2026-09-11T00:02:11Z",-73.61318145032419,45.531096474608646
"6aa0a77d3469270012303929","OCC-2609TF07392066",,"Le Sud-Ouest","Travaux","Permis émis","2026-09-09T20:00:00Z","2026-09-11T19:59:59Z","Toiture - Rénovation","Beaulieu entre Allard et Raudot","Entreprise","TOITURES KD INC.","t","f","t","f","t","f","t","f","t","f","f","f","f","f",,,"07:00","16:00","07:00","16:00","07:00","16:00","07:00","16:00","07:00","16:00",,,"2026-09-11T00:02:11Z",-73.59393421551954,45.45042877644696
"6aa0cdbd3469270012303956","OCC-2609BY07459235",,"Ville-Marie","Travaux","Permis émis","2026-09-10T20:00:00Z","2026-09-11T19:59:59Z","Entretien","Bishop entre De Maisonneuve et Sherbrooke","Entreprise","Lavage Avenir 2000 inc","t","f","t","f","t","f","t","f","t","f","f","f","f","f",,,"07:00","16:00","07:00","16:00","07:00","16:00","07:00","16:00","07:00","16:00",,,"2026-09-11T00:02:11Z",-73.57951004272937,45.49813831578589
"6aa0d07ab1027700126596ce","OCC-2609QL08214436",,"Ville-Marie","Travaux","Permis émis","2026-09-11T20:00:00Z","2026-09-12T19:59:59Z","Entretien","Sherbrooke entre Musée et Bishop","Entreprise","Lavage Avenir 2000 inc","f","f","f","f","f","f","f","f","f","f","t","f","f","f","07:00","16:00",,,,,,,,,,,,,"2026-09-11T00:02:11Z",-73.57961384202565,45.49858266110101
"6aa0d1a4b1027700126596d9","OCC-2609MQ08215518",,"Ville-Marie","Travaux","Permis émis","2026-09-11T20:00:00Z","2026-09-12T19:59:59Z","Entretien","Crescent entre De Maisonneuve et Sherbrooke","Entreprise","Lavage Avenir 2000 inc","f","f","f","f","f","f","f","f","f","f","t","f","f","f","07:00","16:00",,,,,,,,,,,,,"2026-09-11T00:02:11Z",-73.57902335150064,45.49872809762272
"6aa1407d3469270012303ab1","OCC-2609BI07397560",,"Le Plateau-Mont-Royal","Travaux","Permis émis","2026-09-10T20:00:00Z","2026-09-25T19:59:59Z","Trottoirs - Construction","Boyer entre Latreille et Mont-Royal","Ville de Montréal",,"t","f","t","f","t","f","t","f","t","f","f","f","f","f",,,"07:00","15:00","07:00","15:00","07:00","15:00","07:00","15:00","07:00","15:00",,,"2026-09-11T00:02:11Z",-73.57867573344782,45.52690102041221
"6aa15f3c34692700123042e3","OCC-2609ZS07416184",,"Côte-des-Neiges-Notre-Dame-de-Grâce","Travaux","Permis émis","2026-09-10T20:00:00Z","2026-09-11T19:59:59Z","Construction/rénovation sans excavation","Lacombe entre Côte-des-Neiges et Légaré","Entreprise","Éco-Ébénisterie St-Dominique inc.","t","f","t","f","t","f","t","f","t","f","f","f","f","f",,,"07:00","19:00","07:00","19:00","07:00","19:00","07:00","19:00","07:00","19:00",,,"2026-09-11T00:02:11Z",-73.62467204861653,45.49546213326249
"6aa15f29b10277001265a0f1","OCC-2609TD08228976",,"Mercier-Hochelaga-Maisonneuve","Travaux","Permis émis","2026-09-09T20:00:00Z","2026-09-10T19:59:59Z","Toiture - Rénovation","Pierre-De Coubertin entre Joseph-Nolin et Aubry","Entreprise","Toitures J. Bélanger & Fils Inc.","t","f","t","f","t","f","t","f","t","f","f","f","f","f",,,"07:00","14:00","07:00","14:00","07:00","14:00","07:00","14:00","07:00","14:00",,,"2026-09-11T00:02:11Z",-73.51870687991072,45.60793108590125
"6aa161abb10277001265a18e","OCC-2609YW07423527",,"Côte-des-Neiges-Notre-Dame-de-Grâce","Travaux","Permis émis","2026-09-09T20:00:00Z","2026-09-10T19:59:59Z","Toiture - Rénovation","Connaught entre Fielding et Chester","Entreprise","Clinique de la toiture FCA Inc.","t","f","t","f","t","f","t","f","t","f","f","f","f","f",,,"07:00","19:00","07:00","19:00","07:00","19:00","07:00","19:00","07:00","19:00",,,"2026-09-11T00:02:11Z",-73.65334130204641,45.4582651158032
"6aa14d9e3469270012303d2f","OCC-2609TB07424168","519505","Côte-des-Neiges-Notre-Dame-de-Grâce","Travaux","Permis émis","2026-09-09T20:00:00Z","2026-09-18T19:59:59Z","Égouts et aqueducs - Excavation","Chester entre MacMahon et Doherty","Entrepreneur sous contrat avec la Ville de Montréal","Services d'infrastructures Vortex","t","t","t","t","t","t","t","t","t","t","t","t","t","t",,,,,,,,,,,,,,,"2026-09-11T00:02:11Z",-73.65186957158303,45.46266979502565
"6aa14fb63469270012303d78","OCC-2609OZ07363575",,"Montréal-Nord","Travaux","Permis émis","2026-09-09T20:00:00Z","2026-09-11T19:59:59Z","Construction/rénovation sans excavation","Bellevois entre Ardennes et Léger","Entreprise","9525-3159 Québec inc.","t","f","t","f","t","f","t","f","t","f","f","f","f","f",,,"07:00","15:00","07:00","15:00","07:00","15:00","07:00","15:00","07:00","15:00",,,"2026-09-11T00:02:11Z",-73.63698890151463,45.60257108094143
"6aa14ff63469270012303d83","OCC-2609KT07358957",,"Ahuntsic-Cartierville","Travaux","Permis émis","2026-09-08T20:00:00Z","2026-09-10T19:59:59Z","Entretien","Lachapelle entre Dulongpré et De Salaberry","RTU (Réseau technique urbain) ou son sous-traitant
","Hydro-Québec-Entrave courte durée","t","f","t","f","t","f","t","f","t","f","f","f","f","f",,,"09:00","15:00","09:00","15:00","09:00","15:00","09:00","15:00","09:00","15:00",,,"2026-09-11T00:02:11Z",-73.71303958359472,45.52588816382157
"6aa152893469270012303ea1","OCC-2609KI07365632",,"Ahuntsic-Cartierville","Travaux","Permis émis","2026-09-09T20:00:00Z","2026-09-10T19:59:59Z","Entretien","Chevalier entre Lachapelle et Gouin","RTU (Réseau technique urbain) ou son sous-traitant
","G-TEK INC.","t","f","t","f","t","f","t","f","t","f","f","f","f","f",,,"08:00","16:00","08:00","16:00","08:00","16:00","08:00","16:00","08:00","16:00",,,"2026-09-11T00:02:11Z",-73.72225523589559,45.53012980963462
"6aa15306b102770012659c26","OCC-2609WZ07371660",,"Côte-des-Neiges-Notre-Dame-de-Grâce","Travaux","Permis émis","2026-09-08T20:00:00Z","2026-09-16T19:59:59Z","Autre","Sherbrooke entre Prud'homme et Sherbrooke","RTU (Réseau technique urbain) ou son sous-traitant
","Telecon","t","f","t","f","t","f","t","f","t","f","f","f","f","f",,,"09:30","15:30","09:30","15:30","09:30","15:30","09:30","15:30","09:30","15:30",,,"2026-09-11T00:02:11Z",-73.60984594140263,45.47356153288609
"6aa15331b102770012659c39","OCC-2609EF07388420",,"Ville-Marie","Travaux","Permis émis","2026-07-05T20:00:00Z","2026-10-31T19:59:59Z","Construction/rénovation sans excavation","Saint-Denis entre Ontario et Saint-Denis","Organisation publique ou son sous-traitant","Cegerco","t","t","t","t","t","t","t","t","t","t","t","t","t","t",,,,,,,,,,,,,,,"2026-09-11T00:02:11Z",-73.56557934863747,45.51601656009052
"6aa15362b102770012659c49","OCC-2609LU07389953",,"Ville-Marie","Travaux","Permis émis","2026-08-27T20:00:00Z","2026-10-31T19:59:59Z","Construction/rénovation sans excavation","Saint-Denis entre Ontario et Saint-Denis","Organisation publique ou son sous-traitant","Cegerco","t","t","t","t","t","t","t","t","t","t","t","t","t","t",,,,,,,,,,,,,,,"2026-09-11T00:02:11Z",-73.56552126626372,45.51596321491117
"6aa154023469270012303f2e","OCC-2609VY07406615",,"Ville-Marie","Travaux","Permis émis","2026-09-09T20:00:00Z","2026-09-10T19:59:59Z","Construction/rénovation sans excavation","Saint-Christophe entre La Fayette et Ontario","Entreprise","9238-7703 QUÉBEC INC.","t","t","t","t","t","t","t","t","t","t","f","f","f","f",,,,,,,,,,,,,,,"2026-09-11T00:02:11Z",-73.56359169843967,45.51827004787021
"6aa1541f3469270012303f35","OCC-2609DC07643454",,"Le Plateau-Mont-Royal","Travaux","Permis émis","2026-09-10T20:00:00Z","2026-09-11T19:59:59Z","Toiture - Rénovation","Marie-Anne entre De Lanaudière et Garnier","Entreprise","TOITURES ALTO INC.","t","f","t","f","t","f","t","f","t","f","f","f","f","f",,,"07:00","18:00","07:00","18:00","07:00","18:00","07:00","18:00","07:00","18:00",,,"2026-09-11T00:02:11Z",-73.57434145058517,45.5295794993078
"6aa1533f3469270012303ecf","OCC-2609QZ08257921",,"Le Plateau-Mont-Royal","Travaux","Permis émis","2026-09-09T20:00:00Z","2026-09-17T19:59:59Z","Construction/rénovation sans excavation","Sherbrooke entre Saint-Denis et Berri","Entreprise","St-Denis Thompson","t","f","t","f","t","f","t","f","t","f","f","f","f","f",,,"09:30","15:00","09:30","15:00","09:30","15:00","09:30","15:00","09:30","15:00",,,"2026-09-11T00:02:11Z",-73.56742553671232,45.51725844340166
"6aa156cfb102770012659dd4","OCC-2609JL07378341",,"Côte-des-Neiges-Notre-Dame-de-Grâce","Travaux","Permis émis","2026-09-08T20:00:00Z","2026-09-10T19:59:59Z","Toiture - Rénovation","Prud'homme entre Côte-Saint-Antoine et Notre-Dame-de-Grâce","Entreprise","Toitures Alliance inc.","t","t","t","t","t","t","t","t","t","t","f","f","f","f",,,,,,,,,,,,,,,"2026-09-11T00:02:11Z",-73.61476156946622,45.47624031451508
"6aa156e83469270012304028","OCC-2609PF07412076",,"Rosemont-La Petite-Patrie","Travaux","Permis émis","2026-09-09T20:00:00Z","2026-09-10T19:59:59Z","Entretien","Cartier entre Dandurand et Carrières","RTU (Réseau technique urbain) ou son sous-traitant
","Hydro-Québec-Entrave courte durée","t","f","t","f","t","f","t","f","t","f","f","f","f","f",,,"08:00","16:00","08:00","16:00","08:00","16:00","08:00","16:00","08:00","16:00",,,"2026-09-11T00:02:11Z",-73.58681141409896,45.53961737178973
"6aa158a63469270012304088","OCC-2609UH07439753",,"LaSalle","Travaux","Permis émis","2026-09-09T20:00:00Z","2026-09-10T19:59:59Z","Toiture - Rénovation","43e entre LaSalle et Rapides","Entreprise","Toiture Vincent Inc","t","f","t","f","t","f","t","f","t","f","f","f","f","f",,,"07:00","16:00","07:00","16:00","07:00","16:00","07:00","16:00","07:00","16:00",,,"2026-09-11T00:02:11Z",-73.61770898280113,45.41626317679236
"6aa15d27346927001230420c","OCC-2609IJ07395902",,"Verdun","Travaux","Permis émis","2026-09-08T20:00:00Z","2026-09-17T19:59:59Z","Construction/rénovation sans excavation","Ruelle","Entreprise","MAÇONNERIE CHARLES BRISEBOIS INC.","t","t","t","t","t","t","t","t","t","t","t","t","t","t",,,,,,,,,,,,,,,"2026-09-11T00:02:11Z",-73.57004042929475,45.46221030112863
"6aa15d9cb10277001265a003","OCC-2609KE07430215",,"Ahuntsic-Cartierville","Travaux","Permis émis","2026-09-10T20:00:00Z","2026-09-11T19:59:59Z","Toiture - Rénovation","Hamel entre Port-Royal et Sauvé","Entreprise","Couvreur Couv-toit","t","f","t","f","t","f","t","f","t","f","f","f","f","f",,,"07:00","17:00","07:00","17:00","07:00","17:00","07:00","17:00","07:00","17:00",,,"2026-09-11T00:02:11Z",-73.64866781618971,45.560289353781286
"6aa15ee034692700123042bd","OCC-2609DN08359846",,"Villeray-Saint-Michel-Parc-Extension","Travaux","Permis émis","2026-09-10T20:00:00Z","2026-09-11T19:59:59Z","Construction/rénovation sans excavation","De L'Épée entre Ogilvy et Saint-Roch","Entreprise","LES BALCONS ET ESCALIERS IDÉALS INC.","t","f","t","f","t","f","t","f","t","f","f","f","f","f",,,"07:00","17:00","07:00","17:00","07:00","17:00","07:00","17:00","07:00","17:00",,,"2026-09-11T00:02:11Z",-73.62731524995198,45.528988121417456
"6aa1740f3469270012304b5a","OCC-2609XY07451407",,"Ahuntsic-Cartierville","Travaux","Permis émis","2026-08-30T20:00:00Z","2026-09-17T19:59:59Z","Autre","Acadie entre Chabanel et Louvain","Organisation publique ou son sous-traitant","Hydro-Québec","t","t","t","t","t","t","t","t","t","t","t","t","t","t",,,,,,,,,,,,,,,"2026-09-11T00:02:11Z",-73.65851781907857,45.5339124696002
"6aa1745d3469270012304d9e","OCC-2609WQ07624991",,"Le Plateau-Mont-Royal","Travaux","Permis émis","2026-09-07T20:00:00Z","2026-09-18T19:59:59Z","Autre","Berri entre De Bienville et Gilford","CSEM (Commission des services électriques de Montréal) ou son sous-traitant
","Telecon","t","f","t","f","t","f","t","f","t","f","f","f","f","f",,,"07:00","17:00","07:00","17:00","07:00","17:00","07:00","17:00","07:00","17:00",,,"2026-09-11T00:02:11Z",-73.58535696755715,45.52644118566561
"6aa1749ab10277001265aa95","OCC-2609RU07559346",,"Rosemont-La Petite-Patrie","Travaux","Permis émis","2026-09-08T20:00:00Z","2026-09-10T19:59:59Z","Construction/rénovation avec excavation","Chabot entre Dandurand et Carrières",,,"t","f","t","f","t","f","t","f","t","f","f","f","f","f",,,"09:00","13:00","09:00","13:00","09:00","13:00","09:00","13:00","09:00","13:00",,,"2026-09-11T00:02:11Z",-73.58679296287556,45.54030451672356
"6aa174d1b10277001265aaa0","OCC-2609JK07473131",,"Verdun","Travaux","Permis émis","2026-09-09T20:00:00Z","2026-09-10T19:59:59Z","Toiture - Rénovation","Riverview entre LaSalle et Bannantyne","Entreprise","TOITURES ALTO INC.","t","f","t","f","t","f","t","f","t","f","f","f","f","f",,,"07:00","18:00","07:00","18:00","07:00","18:00","07:00","18:00","07:00","18:00",,,"2026-09-11T00:02:11Z",-73.57521278325481,45.44672326261243
"6aa175353469270012304e08","OCC-2609QR07572863",,"Villeray-Saint-Michel-Parc-Extension","Travaux","Permis émis","2026-09-09T20:00:00Z","2026-09-10T19:59:59Z","Construction/rénovation sans excavation","Villeray entre 10e et Saint-Michel","Entreprise","Les entreprises QMD inc.","t","f","t","f","t","f","t","f","t","f","f","f","f","f",,,"06:00","18:00","06:00","18:00","06:00","18:00","06:00","18:00","06:00","18:00",,,"2026-09-11T00:02:11Z",-73.60400722142874,45.56105866992791
"6aa1760e3469270012304e9b","OCC-2609BM07485260",,"Ville-Marie","Travaux","Permis émis","2026-09-08T20:00:00Z","2026-09-10T19:59:59Z","Construction/rénovation sans excavation","Sanguinet entre Christin et Dufault","Entreprise","MGB Associés Inc.","t","f","t","f","t","f","t","f","t","f","f","f","f","f",,,"14:00","17:00","14:00","17:00","14:00","17:00","14:00","17:00","14:00","17:00",,,"2026-09-11T00:02:11Z",-73.5604752546995,45.51238036926459
"6a4fc1fb0348440012629011","OCC-2607ML07549753","1756624","Verdun","Travaux","Permis émis","2026-07-31T20:00:00Z","2027-02-28T18:59:59Z","Autre","Ruelle","Entrepreneur sous contrat avec la Ville de Montréal","Nature-Action Québec","t","t","t","t","t","t","t","t","t","t","t","t","t","t",,,,,,,,,,,,,,,"2026-07-11T00:01:48Z",-73.53946402853555,45.46261715564758
"69dd0d4e10232b00128313cc","OCC-2604BC11039355","2420496","Côte-des-Neiges-Notre-Dame-de-Grâce","Travaux","Permis émis","2026-04-13T20:00:00Z","2026-11-01T18:59:59Z","Entretien","Ruelle","Entrepreneur sous contrat avec la Ville de Montréal","Les entreprises Roseneige","t","f","t","f","t","f","t","f","t","f","f","f","f","f",,,"06:00","21:00","06:00","21:00","06:00","21:00","06:00","21:00","06:00","21:00",,,"2026-04-15T00:01:43Z",-73.62095498699219,45.46399049974645
"69de0d4b8afbba00134a51a5","OCC-2604DX11820634",,"Ville-Marie","Travaux","Permis émis","2026-04-14T20:00:00Z","2026-12-15T18:59:59Z","Entretien","Gosford entre Saint-Louis et Saint-Antoine","Ville de Montréal",,"t","f","t","f","t","f","t","f","t","f","t","f","t","f","06:00","22:00","06:00","22:00","06:00","22:00","06:00","22:00","06:00","22:00","06:00","22:00","06:00","22:00","2026-04-16T00:01:52Z",-73.55473162024508,45.50977743872111
"69dd3e3e10232b001283244c","OCC-2604JU12587209","2420779","Le Sud-Ouest","Travaux","Permis émis","2026-04-14T20:00:00Z","2026-11-30T18:59:59Z","Entretien","Bel-Air entre Saint-Jacques et Saint-Antoine","Entrepreneur sous contrat avec la Ville de Montréal","Les entreprises Roseneige","t","f","t","f","t","f","t","f","t","f","f","f","f","f",,,"06:00","21:00","06:00","21:00","06:00","21:00","06:00","21:00","06:00","21:00",,,"2026-04-17T00:01:54Z",-73.58395695981727,45.482539644586325
"6aa1b34cb10277001265c002","OCC-2609QL07613756",,"Verdun","Travaux","Permis émis","2026-09-10T20:00:00Z","2026-09-11T19:59:59Z","Toiture - Rénovation","Egan entre Wellington et Verdun","Entreprise","9180-9806 Qc Inc","t","f","t","f","t","f","t","f","t","f","f","f","f","f",,,"07:00","19:00","07:00","19:00","07:00","19:00","07:00","19:00","07:00","19:00",,,"2026-09-11T00:02:11Z",-73.5713194360151,45.45200164731905
"6aa1b37034692700123061f8","OCC-2609SL08418813","516106","Rivière-des-Prairies-Pointe-aux-Trembles","Travaux","Permis émis","2026-09-09T20:00:00Z","2026-09-28T19:59:59Z","Autre","Sherbrooke entre Sherbrooke et Sherbrooke","Entrepreneur sous contrat avec la Ville de Montréal","Laurin Laurin (Bell, VL, EC, HQ)","t","t","t","t","t","t","t","t","t","t","t","t","t","t",,,,,,,,,,,,,,,"2026-09-11T00:02:11Z",-73.51270983005148,45.64696756238307
"6a4ff67745ae010012f24743","OCC-2607QZ08266282","2603","Rivière-des-Prairies-Pointe-aux-Trembles","Travaux","Permis émis","2026-08-02T20:00:00Z","2026-11-13T18:59:59Z","Égouts et aqueducs - Excavation","Louis-Lumière entre Anselme-Baril et Anselme-Baril","Entrepreneur sous contrat avec la Ville de Montréal","Les Entreprises Michaudville","t","t","t","t","t","t","t","t","t","t","t","t","t","t",,,,,,,,,,,,,,,"2026-07-12T00:01:38Z",-73.57206804755675,45.652640801159215
"6aa1b53bb10277001265c078","OCC-2609TI07619165",,"Mercier-Hochelaga-Maisonneuve","Travaux","Permis émis","2026-09-07T20:00:00Z","2026-09-11T19:59:59Z","Déménagement","De Teck entre De Contrecoeur et Hector",,,"t","f","t","f","t","f","t","f","t","f","f","f","f","f",,,"07:00","19:00","07:00","19:00","07:00","19:00","07:00","19:00","07:00","19:00",,,"2026-09-11T00:02:11Z",-73.52376105991395,45.61178489594086
"6aa1ad36b10277001265bdc7","OCC-2609EN07651112",,"Lachine","Travaux","Permis émis","2026-09-09T20:00:00Z","2026-09-11T19:59:59Z","Construction/rénovation sans excavation","Notre-Dame entre 19e et 20e","Entreprise","2348-2350 Saint-Patrick S.E.C.","t","f","t","f","t","f","t","f","t","f","f","f","f","f",,,"06:00","21:00","06:00","21:00","06:00","21:00","06:00","21:00","06:00","21:00",,,"2026-09-11T00:02:11Z",-73.68216398373642,45.434924868815685
"6aa1adad3469270012306095","OCC-2609AB07651656",,"Lachine","Travaux","Permis émis","2026-09-09T20:00:00Z","2026-09-11T19:59:59Z","Construction/rénovation sans excavation","20e entre Saint-Joseph et Notre-Dame","Entreprise","2348-2350 Saint-Patrick S.E.C.","t","f","t","f","t","f","t","f","t","f","f","f","f","f",,,"06:00","21:00","06:00","21:00","06:00","21:00","06:00","21:00","06:00","21:00",,,"2026-09-11T00:02:11Z",-73.68245439982499,45.43472692031112
"6aa1bb4734692700123063cf","OCC-2609IX07633358","524003","Mercier-Hochelaga-Maisonneuve","Travaux","Permis émis","2026-09-08T20:00:00Z","2026-09-15T19:59:59Z","Égouts et aqueducs - Excavation","Des Ormeaux entre De Teck et Sherbrooke","Entrepreneur sous contrat avec la Ville de Montréal","Insituform Technologies Limited","t","t","t","t","t","t","t","t","t","t","t","t","t","t",,,,,,,,,,,,,,,"2026-09-11T00:02:11Z",-73.53020534138457,45.60416684804146
"6aa1bc2a3469270012306439","OCC-2609ZP08281379",,"Villeray-Saint-Michel-Parc-Extension","Travaux","Permis émis","2026-09-09T20:00:00Z","2026-09-15T19:59:59Z","Autre","Esplanade entre Guizot et Guizot","RTU (Réseau technique urbain) ou son sous-traitant
","Laurin Laurin (Bell, VL, EC, HQ)","t","f","t","f","t","f","t","f","t","f","f","f","f","f",,,"07:00","18:00","07:00","18:00","07:00","18:00","07:00","18:00","07:00","18:00",,,"2026-09-11T00:02:11Z",-73.6364699100978,45.53717751644052
"6aa2a1e5346927001230699e","OCC-2609HO08223738",,"Ahuntsic-Cartierville","Travaux","Permis émis","2026-08-24T20:00:00Z","2026-09-10T19:59:59Z","S-3 Infrastructure souterraine majeure - Massifs et conduits","Saint-Laurent entre Sauvé et Sauriol","CSEM (Commission des services électriques de Montréal) ou son sous-traitant
","CMS Entrepreneurs Généraux Inc.","t","t","t","t","t","t","t","t","t","t","t","t","t","t",,,,,,,,,,,,,,,"2026-09-11T00:02:11Z",-73.66183495154449,45.54761110228024
"6aa2a1f734692700123069b5","OCC-2609AR08231825","524005","Rosemont-La Petite-Patrie","Travaux","Permis émis","2026-09-06T20:00:00Z","2026-09-15T19:59:59Z","Égouts et aqueducs - Réhabilitation","Jeanne-d'Arc entre Rachel et Saint-Joseph","Entrepreneur sous contrat avec la Ville de Montréal","CGI Environnement Inc.","t","f","t","f","t","f","t","f","t","f","f","f","f","f",,,"07:00","19:00","07:00","19:00","07:00","19:00","07:00","19:00","07:00","19:00",,,"2026-09-11T00:02:11Z",-73.56097049431872,45.555670045566735
"6aa2a248b10277001265cd94","OCC-2609AK08240952","523901","Anjou","Travaux","Permis émis","2026-09-12T20:00:00Z","2026-09-15T19:59:59Z","Autre","Galeries-d'Anjou entre Bélanger et Jean-Talon","Entrepreneur sous contrat avec la Ville de Montréal","Laurin Laurin (Bell, VL, EC, HQ)","t","t","t","t","t","t","t","t","t","t","t","t","t","t",,,,,,,,,,,,,,,"2026-09-11T00:02:11Z",-73.56572581086735,45.59803337515599
"6aa2a39ab10277001265cdf5","OCC-2609UN08228114",,"Mercier-Hochelaga-Maisonneuve","Travaux","Permis émis","2026-09-07T20:00:00Z","2026-09-10T19:59:59Z","Construction/rénovation avec excavation","Ruelle",,,"t","f","t","f","t","f","t","f","t","f","f","f","f","f",,,"07:00","15:00","07:00","15:00","07:00","15:00","07:00","15:00","07:00","15:00",,,"2026-09-11T00:02:11Z",-73.53987985096711,45.55002806222517
"6aa2a403b10277001265ce49","OCC-2609RQ08367044",,"Ville-Marie","Travaux","Permis émis","2026-09-09T20:00:00Z","2026-09-10T19:59:59Z","Entretien","Saint-Jacques entre Gauvin et Robert-Bourassa","Entreprise","Gestion Gravité Inc.","t","f","t","f","t","f","t","f","t","f","f","f","f","f",,,"08:00","18:00","08:00","18:00","08:00","18:00","08:00","18:00","08:00","18:00",,,"2026-09-11T00:02:11Z",-73.56168828956751,45.50017884094855
"6aa2a544b10277001265cec1","OCC-2609GC08377251",,"Ville-Marie","Travaux","Permis émis","2026-09-09T20:00:00Z","2026-09-10T19:59:59Z","Entretien","Saint-Jacques entre Gauvin et Gauvin","Entreprise","Gestion Gravité Inc.","t","f","t","f","t","f","t","f","t","f","f","f","f","f",,,"08:00","18:00","08:00","18:00","08:00","18:00","08:00","18:00","08:00","18:00",,,"2026-09-11T00:02:11Z",-73.56136622626919,45.50051265640961
"6aa2a66ab10277001265cf46","OCC-2609TP08235308",,"Rosemont-La Petite-Patrie","Travaux","Permis émis","2026-09-07T20:00:00Z","2026-09-10T19:59:59Z","Construction/rénovation avec excavation","8e entre Masson et Dandurand","Entreprise","Héneault et Gosselin","t","t","t","t","t","t","t","t","t","t","f","f","f","f",,,,,,,,,,,,,,,"2026-09-11T00:02:11Z",-73.57668491944673,45.549974870839534
"6aa2a67bb10277001265cf5d","OCC-2609XN08235844",,"Ville-Marie","Travaux","Permis émis","2026-09-04T20:00:00Z","2026-09-14T19:59:59Z","Égouts et aqueducs - Inspection et nettoyage","Sherbrooke entre Musée et Bishop","Ville de Montréal",,"t","f","t","f","t","f","t","f","t","f","t","f","t","f","00:00","23:00","07:00","23:00","07:00","23:00","07:00","23:00","07:00","23:00","07:00","23:00","00:00","23:00","2026-09-11T00:02:11Z",-73.5798228831887,45.49853029341831
"6aa2a79cb10277001265cff2","OCC-2609KP08257041","2602","Lachine","Travaux","Permis émis","2026-09-09T20:00:00Z","2026-09-18T19:59:59Z","Trottoirs - Construction","Moulin entre Érables et Émile-Gauthier","Entrepreneur sous contrat avec la Ville de Montréal","COJALAC INC.","t","t","t","t","t","t","t","t","t","t","t","t","t","t",,,,,,,,,,,,,,,"2026-09-11T00:02:11Z",-73.65286800476456,45.44599601448412
"6aa2a8afb10277001265d0b0","OCC-2609MA08460470",,"Montréal-Nord","Travaux","Permis émis","2026-09-10T20:00:00Z","2026-09-11T19:59:59Z","Toiture - Rénovation","Langelier entre Tardif et Pascal","Entreprise","Groupe  Projal  inc","t","f","t","f","t","f","t","f","t","f","f","f","f","f",,,"07:00","18:00","07:00","18:00","07:00","18:00","07:00","18:00","07:00","18:00",,,"2026-09-11T00:02:11Z",-73.61618703260936,45.61861396934574
"6aa2a8dfb10277001265d0bb","OCC-2609MP08243325",,"Rosemont-La Petite-Patrie","Travaux","Permis émis","2026-09-09T20:00:00Z","2026-09-10T19:59:59Z","Toiture - Rénovation","Saint-Zotique entre Saint-Laurent et Saint-Dominique","Entreprise","Entreprises J.Veilleux et Fils inc","t","f","t","f","t","f","t","f","t","f","f","f","f","f",,,"07:00","17:00","07:00","17:00","07:00","17:00","07:00","17:00","07:00","17:00",,,"2026-09-11T00:02:11Z",-73.61143867335505,45.53227544902981
"6aa2ab963469270012306dd5","OCC-2609SD08415473",,"Mercier-Hochelaga-Maisonneuve","Travaux","Permis émis","2026-09-10T20:00:00Z","2026-09-11T19:59:59Z","Égouts et aqueducs - Excavation","Cuvillier entre Sainte-Catherine et Thibault","Ville de Montréal",,"t","f","t","f","t","f","t","f","t","f","f","f","f","f",,,"07:00","19:00","07:00","19:00","07:00","19:00","07:00","19:00","07:00","19:00",,,"2026-09-11T00:02:11Z",-73.54110738983624,45.54226293669708
"6aa2af993469270012306f58","OCC-2609IP08258812",,"Le Plateau-Mont-Royal","Travaux","Permis émis","2026-09-07T20:00:00Z","2026-09-10T19:59:59Z","Autre","Drolet entre Villeneuve et Saint-Joseph",,,"t","f","t","f","t","f","t","f","t","f","f","f","f","f",,,"07:00","17:00","07:00","17:00","07:00","17:00","07:00","17:00","07:00","17:00",,,"2026-09-11T00:02:11Z",-73.58711186944078,45.52491910141401
"6aa2af6c3469270012306f0e","OCC-2609PM08293486",,"Le Plateau-Mont-Royal","Travaux","Permis émis","2026-09-09T20:00:00Z","2026-09-15T19:59:59Z","Construction/rénovation sans excavation","Gauthier entre De Lorimier et Érables","Entreprise","Maçonnerie Gratton","t","f","t","f","t","f","t","f","t","f","f","f","f","f",,,"07:00","16:00","07:00","16:00","07:00","16:00","07:00","16:00","07:00","16:00",,,"2026-09-11T00:02:11Z",-73.56486723507868,45.53217494040996
"6aa2af72b10277001265d427","OCC-2609RY08351624",,"Ville-Marie","Travaux","Permis émis","2026-09-12T20:00:00Z","2026-09-16T19:59:59Z","Construction/rénovation sans excavation","Jeanne-Mance entre Viger et De La Gauchetière","Entreprise","MAÇONNERIE S.D.L. INC.","t","t","t","t","t","t","t","t","t","t","t","t","t","t",,,,,,,,,,,,,,,"2026-09-11T00:02:11Z",-73.56159983841351,45.50509649719858
"6aa2b1e0b10277001265d4d8","OCC-2609AR08354857",,"Rosemont-La Petite-Patrie","Travaux","Permis émis","2026-09-11T20:00:00Z","2026-09-25T19:59:59Z","Construction/rénovation sans excavation","Marquette entre Saint-Zotique et Bélanger",,,"t","t","t","t","t","t","t","t","t","t","t","t","t","t",,,,,,,,,,,,,,,"2026-09-11T00:02:11Z",-73.60276930410137,45.54506198216225
"6aa2b351346927001230704e","OCC-2609KZ08268879",,"Côte-des-Neiges-Notre-Dame-de-Grâce","Travaux","Permis émis","2026-08-16T20:00:00Z","2026-09-25T19:59:59Z","S-2 Infrastructure souterraine mineure ou équipement hors-sol - Réseaux électriques, télécommunications ou câbles des distributions ","Earnscliffe entre Isabella et Dupuis","CSEM (Commission des services électriques de Montréal) ou son sous-traitant
","Telecon","t","f","t","f","t","f","t","f","t","f","f","f","f","f",,,"07:00","17:00","07:00","17:00","07:00","17:00","07:00","17:00","07:00","17:00",,,"2026-09-11T00:02:11Z",-73.63404243615804,45.48337377050318
"6aa2b412b10277001265d596","OCC-2609GB08271118",,"Le Plateau-Mont-Royal","Travaux","Permis émis","2026-08-11T20:00:00Z","2026-09-27T19:59:59Z","Construction/rénovation sans excavation","Mont-Royal entre Saint-Denis et Rivard","Entreprise","DU BOCAGE PROPRIETES INC.","t","t","t","t","t","t","t","t","t","t","t","t","t","t",,,,,,,,,,,,,,,"2026-09-11T00:02:11Z",-73.5827978695787,45.52417345420679
"6aa2b56234692700123070f4","OCC-2609TL08289625",,"Le Plateau-Mont-Royal","Travaux","Permis émis","2026-08-23T20:00:00Z","2026-10-09T19:59:59Z","Construction/rénovation sans excavation","Laurier entre Parc et Hutchison","Entreprise","Construction ALFID","t","t","t","t","t","t","t","t","t","t","t","t","t","t",,,,,,,,,,,,,,,"2026-09-11T00:02:11Z",-73.5963460187222,45.51883952328142
"6aa2b5ec3469270012307147","OCC-2609HF08280506",,"Verdun","Travaux","Permis émis","2026-09-10T20:00:00Z","2026-09-11T19:59:59Z","Construction/rénovation sans excavation","Newmarch entre Hickson et Église","Entreprise","9107-7537 QUÉBEC INC.","t","f","t","f","t","f","t","f","t","f","f","f","f","f",,,"07:00","15:00","07:00","15:00","07:00","15:00","07:00","15:00","07:00","15:00",,,"2026-09-11T00:02:11Z",-73.57435578443308,45.46509882871347
"6a91a7e08d981b0012f6ef64","OCC-2609CP08337317",,"St-Laurent","Travaux","Permis émis","2026-09-09T20:00:00Z","2026-09-10T19:59:59Z","Entretien","Muir entre Montpellier et Fortier","RTU (Réseau technique urbain) ou son sous-traitant
","Hydro-Québec-Entrave courte durée","t","f","t","f","t","f","t","f","t","f","f","f","f","f",,,"13:00","17:00","13:00","17:00","13:00","17:00","13:00","17:00","13:00","17:00",,,"2026-09-11T00:02:11Z",-73.67145004136182,45.52085704733902
"6a9592368d981b0012f717d2","OCC-2609UF07547599",,"Saint-Léonard","Travaux","Permis émis","2026-09-09T20:00:00Z","2026-09-10T19:59:59Z","Autre","Jarry entre Croix et Aimé-Renaud","Organisation publique ou son sous-traitant","Québecor Média Inc.","t","f","t","f","t","f","t","f","t","f","f","f","f","f",,,"07:00","15:00","07:00","15:00","07:00","15:00","07:00","15:00","07:00","15:00",,,"2026-09-11T00:02:11Z",-73.58960638834908,45.58608633193725
"6a95939a8d88dc00127dcaab","OCC-2609JQ07550604",,"Saint-Léonard","Travaux","Permis émis","2026-09-09T20:00:00Z","2026-09-10T19:59:59Z","Autre","Jarry entre De Ligneris et Jean-Nicolet","Organisation publique ou son sous-traitant","Québecor Média Inc.","t","f","t","f","t","f","t","f","t","f","f","f","f","f",,,"07:00","15:00","07:00","15:00","07:00","15:00","07:00","15:00","07:00","15:00",,,"2026-09-11T00:02:11Z",-73.59456794609736,45.580533005496825
"6a95b13c8d88dc00127dd333","OCC-2609RL07632933",,"St-Laurent","Travaux","Permis émis","2026-09-09T20:00:00Z","2026-09-10T19:59:59Z","Entretien","Ruelle","RTU (Réseau technique urbain) ou son sous-traitant
","Hydro-Québec-Entrave courte durée","t","f","t","f","t","f","t","f","t","f","f","f","f","f",,,"08:00","16:00","08:00","16:00","08:00","16:00","08:00","16:00","08:00","16:00",,,"2026-09-11T00:02:11Z",-73.73931707202073,45.47396618895733
"6a96b04a5cde020012e48fd4","OCC-2609PO07418194",,"Lachine","Travaux","Permis émis","2026-09-10T20:00:00Z","2026-09-11T19:59:59Z","Entretien","Windsor entre Érables et Desrosiers","RTU (Réseau technique urbain) ou son sous-traitant
","Hydro-Québec-Entrave courte durée","t","f","t","f","t","f","t","f","t","f","f","f","f","f",,,"08:00","14:00","08:00","14:00","08:00","14:00","08:00","14:00","08:00","14:00",,,"2026-09-11T00:02:11Z",-73.65410655517897,45.44477924152947
"6a96cedf5cde020012e49510","OCC-2609WO00474561","476011","Ahuntsic-Cartierville","Travaux","Permis émis","2026-08-16T20:00:00Z","2026-10-26T19:59:59Z","Égouts et aqueducs - Excavation","Louvain entre Saint-Hubert et Olivier-Maurault","Entrepreneur sous contrat avec la Ville de Montréal","Charex inc","t","t","t","t","t","t","t","t","t","t","t","t","t","t",,,,,,,,,,,,,,,"2026-09-11T00:02:11Z",-73.64857073894795,45.55475622351406
"6aa181cbb10277001265afd8","OCC-2609EA07487181",,"Ville-Marie","Travaux","Permis émis","2026-09-09T20:00:00Z","2026-09-10T19:59:59Z","Construction/rénovation sans excavation","De La Gauchetière entre Mansfield et Canada","Entreprise","Vitreco inc.","t","f","t","f","t","f","t","f","t","f","f","f","f","f",,,"07:00","17:00","07:00","17:00","07:00","17:00","07:00","17:00","07:00","17:00",,,"2026-09-11T00:02:11Z",-73.56691609368012,45.49844492151952
"6aa182993469270012305301","OCC-2609ED07488740",,"Verdun","Travaux","Permis émis","2026-09-08T20:00:00Z","2026-09-10T19:59:59Z","Entretien","Strathmore entre Verdun et Joseph","Entreprise","Lavage de vitres Future inc.","t","f","t","f","t","f","t","f","t","f","f","f","f","f",,,"07:00","18:00","07:00","18:00","07:00","18:00","07:00","18:00","07:00","18:00",,,"2026-09-11T00:02:11Z",-73.57116061825764,45.46893749619361
"6aa182f1b10277001265b058","OCC-2609AE07523149",,"Le Plateau-Mont-Royal","Travaux","Permis émis","2026-09-09T20:00:00Z","2026-09-10T19:59:59Z","Construction/rénovation sans excavation","Mentana entre Roy et Napoléon","Entreprise","Construction Libersan Inc.","t","f","t","f","t","f","t","f","t","f","f","f","f","f",,,"07:00","19:00","07:00","19:00","07:00","19:00","07:00","19:00","07:00","19:00",,,"2026-09-11T00:02:11Z",-73.57045709791896,45.52256843365252
"6aa18387346927001230536f","OCC-2609QW07580954",,"Villeray-Saint-Michel-Parc-Extension","Travaux","Permis émis","2026-09-10T20:00:00Z","2026-09-11T19:59:59Z","Construction/rénovation sans excavation","Henri-Julien entre Jarry et Guizot","Entreprise","Expertise portes et fenêtres","t","f","t","f","t","f","t","f","t","f","f","f","f","f",,,"07:00","12:00","07:00","12:00","07:00","12:00","07:00","12:00","07:00","12:00",,,"2026-09-11T00:02:11Z",-73.63148325598308,45.5417217495932
"6aa183c43469270012305381","OCC-2609MR07557092",,"Mercier-Hochelaga-Maisonneuve","Travaux","Permis émis","2026-09-10T20:00:00Z","2026-09-25T19:59:59Z","Autre","Beaurivage entre La Fontaine et Ontario","Entreprise","Bisson Expert Inc.","t","f","t","f","t","f","t","f","t","f","f","f","f","f",,,"07:00","16:00","07:00","16:00","07:00","16:00","07:00","16:00","07:00","16:00",,,"2026-09-11T00:02:11Z",-73.51377212944837,45.59067937252068
"6aa18435b10277001265b0e5","OCC-2609ZH07492627",,"Le Plateau-Mont-Royal","Travaux","Permis émis","2026-09-07T20:00:00Z","2026-09-10T19:59:59Z","Toiture - Rénovation","Hôtel-de-Ville entre Marie-Anne et Mont-Royal","Entreprise","Les Toitures Hogue Inc.","t","t","t","t","t","t","t","t","t","t","f","f","f","f",,,,,,,,,,,,,,,"2026-09-11T00:02:11Z",-73.58284631559734,45.5211548749606
"6a42d94134772f0012a7e026","OCC-2607FJ10822106",,"Ville-Marie","Travaux","Permis émis","2026-07-17T20:00:00Z","2026-09-19T19:59:59Z","Construction/rénovation sans excavation","Mansfield entre René-Lévesque et Sainte-Catherine","Entreprise","Magil Construction est du Canada inc.","t","t","t","t","t","t","t","t","t","t","t","t","t","t",,,,,,,,,,,,,,,"2026-07-15T00:01:51Z",-73.57087599797607,45.50092827955368
"6aa1765a3469270012304ec7","OCC-2609PS07578657",,"Villeray-Saint-Michel-Parc-Extension","Travaux","Permis émis","2026-09-10T20:00:00Z","2026-09-11T19:59:59Z","Construction/rénovation avec excavation","Ruelle","Entreprise","Les entreprises QMD inc.","t","f","t","f","t","f","t","f","t","f","f","f","f","f",,,"00:00","18:00","00:00","18:00","00:00","18:00","00:00","18:00","00:00","18:00",,,"2026-09-11T00:02:11Z",-73.60440760461529,45.56092142402164
"6aa193afb10277001265b3fb","OCC-2609MT07533591",,"Villeray-Saint-Michel-Parc-Extension","Travaux","Permis émis","2026-09-08T20:00:00Z","2026-09-10T19:59:59Z","Toiture - Rénovation","Reims entre Guizot et Liège","Entreprise","COUVREUR DE TOITURES MONT-ROSE (QC) LTEE","t","f","t","f","t","f","t","f","t","f","f","f","f","f",,,"07:00","17:00","07:00","17:00","07:00","17:00","07:00","17:00","07:00","17:00",,,"2026-09-11T00:02:11Z",-73.6362166954413,45.53810968023584
"6aa193b9b10277001265b40a","OCC-2609OA07545211",,"Mercier-Hochelaga-Maisonneuve","Travaux","Permis émis","2026-09-10T20:00:00Z","2026-09-11T19:59:59Z","Toiture - Rénovation","Dézéry entre Hochelaga et Sherbrooke","Entreprise","René Perron Couvreurs","t","f","t","f","t","f","t","f","t","f","f","f","f","f",,,"07:00","18:00","07:00","18:00","07:00","18:00","07:00","18:00","07:00","18:00",,,"2026-09-11T00:02:11Z",-73.55546541665973,45.54348624721739
"6aa193ffb10277001265b41c","OCC-2609PV07537679",,"Le Sud-Ouest","Travaux","Permis émis","2026-09-10T20:00:00Z","2026-10-06T19:59:59Z","Construction/rénovation avec excavation","Ruelle","Entreprise","Héneault et Gosselin","t","t","t","t","t","t","t","t","t","t","t","t","t","t",,,,,,,,,,,,,,,"2026-09-11T00:02:11Z",-73.58773353989284,45.45994145340295
"6aa194b7b10277001265b47d","OCC-2609GF07549995",,"Rosemont-La Petite-Patrie","Travaux","Permis émis","2026-09-09T20:00:00Z","2026-09-10T19:59:59Z","Toiture - Rénovation","Écores entre Bellechasse et Beaubien","Entreprise","TOITURES JSB INC.","t","f","t","f","t","f","t","f","t","f","f","f","f","f",,,"07:00","16:00","07:00","16:00","07:00","16:00","07:00","16:00","07:00","16:00",,,"2026-09-11T00:02:11Z",-73.59184220780764,45.54709682693385
"6aa195233469270012305782","OCC-2609NQ07537209",,"Le Sud-Ouest","Travaux","Permis émis","2026-08-31T20:00:00Z","2026-09-19T19:59:59Z","Autre","Le Caron entre Laurendeau et Eadie","Organisation publique ou son sous-traitant","CONCERTATION VILLE-EMARD ET CÔTE ST-PAUL","t","t","t","t","t","t","t","t","t","t","t","t","t","t",,,,,,,,,,,,,,,"2026-09-11T00:02:11Z",-73.58828148587621,45.46200557373616
"6a99cd935cde020012e50d4f","OCC-2609IR07605131",,"Ahuntsic-Cartierville","Travaux","Permis émis","2026-09-10T20:00:00Z","2026-09-11T19:59:59Z","Entretien","Lachapelle entre De Salaberry et Legault","RTU (Réseau technique urbain) ou son sous-traitant
","Hydro-Québec-Entrave courte durée","t","f","t","f","t","f","t","f","t","f","f","f","f","f",,,"07:00","15:00","07:00","15:00","07:00","15:00","07:00","15:00","07:00","15:00",,,"2026-09-11T00:02:11Z",-73.71612594762274,45.52769137150238
"6aa1962bb10277001265b4d6","OCC-2609GC08224475",,"Mercier-Hochelaga-Maisonneuve","Travaux","Permis émis","2026-09-09T20:00:00Z","2026-09-10T19:59:59Z","Autre","Bruxelles entre Ontario et Tellier","Entreprise","ALERTE FISSURE INC.","t","f","t","f","t","f","t","f","t","f","f","f","f","f",,,"07:00","16:00","07:00","16:00","07:00","16:00","07:00","16:00","07:00","16:00",,,"2026-09-11T00:02:11Z",-73.51703138325013,45.59023333717434
"6aa196483469270012305819","OCC-2609SI07564597",,"Rosemont-La Petite-Patrie","Travaux","Permis émis","2026-09-10T20:00:00Z","2026-09-16T19:59:59Z","Construction/rénovation sans excavation","Elsdale entre D'Iberville et Molson","Entreprise","Escalier MTL inc.","t","f","t","f","t","f","t","f","t","f","f","f","f","f",,,"07:00","16:00","07:00","16:00","07:00","16:00","07:00","16:00","07:00","16:00",,,"2026-09-11T00:02:11Z",-73.59321587331459,45.54992719211285
"6aa19664346927001230582c","OCC-2609ED07539793","202606","Anjou","Travaux","Permis émis","2026-08-26T20:00:00Z","2026-09-10T19:59:59Z","Trottoirs - Construction","Fougeray entre Peterborough et Châteauneuf","Entrepreneur sous contrat avec la Ville de Montréal","Construction Larotek inc","t","t","t","t","t","t","t","t","t","t","t","t","t","t",,,,,,,,,,,,,,,"2026-09-11T00:02:11Z",-73.55529752119631,45.61138108046556
"6aa19699b10277001265b522","OCC-2609LX07539455","202606","Anjou","Travaux","Permis émis","2026-08-26T20:00:00Z","2026-09-10T19:59:59Z","Trottoirs - Construction","Châteauneuf entre Cellier et Fougeray","Entrepreneur sous contrat avec la Ville de Montréal","Construction Larotek inc","t","t","t","t","t","t","t","t","t","t","t","t","t","t",,,,,,,,,,,,,,,"2026-09-11T00:02:11Z",-73.55593477679244,45.61125537886374
"6aa1973f34692700123058c4","OCC-2609NC07583688",,"Rosemont-La Petite-Patrie","Travaux","Permis émis","2026-09-07T20:00:00Z","2026-09-18T19:59:59Z","Autre","Ukraine entre Saint-Michel et 12e","RTU (Réseau technique urbain) ou son sous-traitant
","Lanauco","t","f","t","f","t","f","t","f","t","f","f","f","f","f",,,"06:00","16:00","06:00","16:00","06:00","16:00","06:00","16:00","06:00","16:00",,,"2026-09-11T00:02:11Z",-73.58346004504502,45.554699345650846
"6aa19773b10277001265b590","OCC-2609QB07541639",,"Montréal-Nord","Travaux","Permis émis","2026-09-09T20:00:00Z","2026-09-10T19:59:59Z","Toiture - Rénovation","Laurentides entre Monselet et Martial","Entreprise","Groupe  Projal  inc","t","f","t","f","t","f","t","f","t","f","f","f","f","f",,,"07:00","18:00","07:00","18:00","07:00","18:00","07:00","18:00","07:00","18:00",,,"2026-09-11T00:02:11Z",-73.64508249827009,45.5878262198973
"6aa1985134692700123058fe","OCC-2609BK07562993",,"Rosemont-La Petite-Patrie","Travaux","Permis émis","2026-09-08T20:00:00Z","2026-09-11T19:59:59Z","Construction/rénovation sans excavation","De Gaspé entre Dante et Bélanger","Entreprise","Grillo groupe conseil inc","t","t","t","t","t","t","t","t","t","t","f","f","f","f",,,,,,,,,,,,,,,"2026-09-11T00:02:11Z",-73.61300065348024,45.53474527110086
"6aa198763469270012305910","OCC-2609VS08229830",,"Mercier-Hochelaga-Maisonneuve","Travaux","Permis émis","2026-09-09T20:00:00Z","2026-09-10T19:59:59Z","Toiture - Rénovation","Bilaudeau entre De Teck et Sherbrooke","Entreprise","9391-3671 QUÉBEC INC.","t","f","t","f","t","f","t","f","t","f","f","f","f","f",,,"07:00","13:00","07:00","13:00","07:00","13:00","07:00","13:00","07:00","13:00",,,"2026-09-11T00:02:11Z",-73.5256753427665,45.61115608597018
"6aa198bdb10277001265b633","OCC-2609WR07564272",,"Rosemont-La Petite-Patrie","Travaux","Permis émis","2026-09-08T20:00:00Z","2026-09-11T19:59:59Z","Construction/rénovation sans excavation","De Gaspé entre Dante et Bélanger","Entreprise","Grillo groupe conseil inc","t","t","t","t","t","t","t","t","t","t","f","f","f","f",,,,,,,,,,,,,,,"2026-09-11T00:02:11Z",-73.61305653791425,45.534738755645314
"6aa199f3b10277001265b703","OCC-2609RT08231511",,"Montréal-Nord","Travaux","Permis émis","2026-09-09T20:00:00Z","2026-09-10T19:59:59Z","Construction/rénovation avec excavation","Hénault entre Amiens et Castille","Entreprise","9431-0315 Québec inc.","t","f","t","f","t","f","t","f","t","f","f","f","f","f",,,"07:00","17:00","07:00","17:00","07:00","17:00","07:00","17:00","07:00","17:00",,,"2026-09-11T00:02:11Z",-73.62681063322245,45.59626512573045
"6aa19a4634692700123059b6","OCC-2609RZ07591350",,"Ville-Marie","Travaux","Permis émis","2026-09-09T20:00:00Z","2026-09-10T19:59:59Z","Construction/rénovation avec excavation","Sainte-Catherine entre De Lorimier et Parthenais","Entreprise","Construction Alma Inc.","t","f","t","f","t","f","t","f","t","f","f","f","f","f",,,"07:00","16:00","07:00","16:00","07:00","16:00","07:00","16:00","07:00","16:00",,,"2026-09-11T00:02:11Z",-73.5495201583748,45.52560523195312
"6aa17226b10277001265a9d5","OCC-2609YO08192114",,"Le Plateau-Mont-Royal","Travaux","Permis émis","2026-09-09T20:00:00Z","2026-09-10T19:59:59Z","Toiture - Rénovation","Ruelle","Entreprise","COUVREUR DE TOITURES MONT-ROSE (QC) LTEE","t","f","t","f","t","f","t","f","t","f","f","f","f","f",,,"07:00","17:00","07:00","17:00","07:00","17:00","07:00","17:00","07:00","17:00",,,"2026-09-11T00:02:11Z",-73.57198192035546,45.52922478541316
"6aa19c71b10277001265b7ef","OCC-2609DL07556490",,"Mercier-Hochelaga-Maisonneuve","Travaux","Permis émis","2026-08-23T20:00:00Z","2026-09-10T19:59:59Z","Autre","Beaurivage entre La Fontaine et Ontario","Entreprise","Bisson Expert NE PLUS UTILISER","t","f","t","f","t","f","t","f","t","f","f","f","f","f",,,"07:00","16:00","07:00","16:00","07:00","16:00","07:00","16:00","07:00","16:00",,,"2026-09-11T00:02:11Z",-73.51376973558881,45.59067423359119
"6aa19d7cb10277001265b89d","OCC-2609XU07578837",,"Villeray-Saint-Michel-Parc-Extension","Travaux","Permis émis","2026-09-08T20:00:00Z","2026-09-11T19:59:59Z","Construction/rénovation sans excavation","Mile End entre De Castelnau et Gary-Carter","Entreprise","St-Denis Thompson","t","f","t","f","t","f","t","f","t","f","f","f","f","f",,,"07:00","17:00","07:00","17:00","07:00","17:00","07:00","17:00","07:00","17:00",,,"2026-09-11T00:02:11Z",-73.62405930686137,45.53244485235564
"6aa19f063469270012305b6b","OCC-2609SN07572234",,"Mercier-Hochelaga-Maisonneuve","Travaux","Permis émis","2026-08-29T20:00:00Z","2026-09-14T19:59:59Z","Construction/rénovation avec excavation","Marseille entre Desautels et Haig","Organisation publique ou son sous-traitant","Hydro-Québec","t","t","t","t","t","t","t","t","t","t","t","t","t","t",,,,,,,,,,,,,,,"2026-09-11T00:02:11Z",-73.53774081255973,45.5839957589708
"6aa19eeb3469270012305b61","OCC-2609XT07562441",,"Ville-Marie","Travaux","Permis émis","2026-09-09T20:00:00Z","2026-09-11T19:59:59Z","Construction/rénovation sans excavation","Mansfield entre Cathcart et Sainte-Catherine",,,"t","t","t","t","t","t","t","t","t","t","f","t","f","t",,,,,,,,,,,,,,,"2026-09-11T00:02:11Z",-73.57117769151931,45.50123059533159
"6a82fcf98d981b0012f561d3","OCC-2608AP14298960",,"Ville-Marie","Travaux","Permis émis","2026-08-01T20:00:00Z","2026-10-02T19:59:59Z","Construction/rénovation sans excavation","Savoie entre De Maisonneuve et Ontario","Entreprise","LA SOCIÉTÉ DE DÉVELOPPEMENT DONACONA INC.","t","t","t","t","t","t","t","t","t","t","t","t","t","t",,,,,,,,,,,,,,,"2026-08-19T00:01:47Z",-73.5629375249953,45.51537474384698
"6aa16096346927001230434d","OCC-2609JU07409106",,"Rosemont-La Petite-Patrie","Travaux","Permis émis","2026-09-09T20:00:00Z","2026-09-10T19:59:59Z","Toiture - Rénovation","5e entre Bellechasse et 6e","Entreprise","9436-1144 Québec Inc","t","f","t","f","t","f","t","f","t","f","f","f","f","f",,,"07:00","17:00","07:00","17:00","07:00","17:00","07:00","17:00","07:00","17:00",,,"2026-09-11T00:02:11Z",-73.58573227010754,45.55108966020394
"6aa1620cb10277001265a1b5","OCC-2609PA07405308",,"Le Sud-Ouest","Travaux","Permis émis","2026-08-30T20:00:00Z","2026-09-10T19:59:59Z","Construction/rénovation sans excavation","Notre-Dame entre Saint-Philippe et Sainte-Marguerite","Entreprise","Gestion Agona Inc.","t","f","t","f","t","f","t","f","t","f","f","f","f","f",,,"07:00","14:00","07:00","14:00","07:00","14:00","07:00","14:00","07:00","14:00",,,"2026-09-11T00:02:11Z",-73.5861919055029,45.47588184290297
"6aa163a6346927001230442e","OCC-2609SO07411018",,"Rosemont-La Petite-Patrie","Travaux","Permis émis","2026-09-09T20:00:00Z","2026-09-10T19:59:59Z","Toiture - Rénovation","39e entre Rosemont et Bellechasse","Entreprise","Clinique de la toiture FCA Inc.","t","f","t","f","t","f","t","f","t","f","f","f","f","f",,,"07:00","19:00","07:00","19:00","07:00","19:00","07:00","19:00","07:00","19:00",,,"2026-09-11T00:02:11Z",-73.56571893740144,45.57076079162915
"6aa163b0b10277001265a249","OCC-2609OL07410490",,"Villeray-Saint-Michel-Parc-Extension","Travaux","Permis émis","2026-09-09T20:00:00Z","2026-09-10T19:59:59Z","Autre","Durocher entre Beaumont et Jean-Talon","Entreprise","CONSTRUCTION CNRJ INC.","t","f","t","f","t","f","t","f","t","f","f","f","f","f",,,"07:00","16:00","07:00","16:00","07:00","16:00","07:00","16:00","07:00","16:00",,,"2026-09-11T00:02:11Z",-73.62119024133847,45.52852447854641
"6aa1648eb10277001265a2f7","OCC-2609JE07422278",,"Ahuntsic-Cartierville","Travaux","Permis émis","2026-09-09T20:00:00Z","2026-09-10T19:59:59Z","Toiture - Rénovation","De Martigny entre Sauvé et Sauriol","Entreprise","9498-4002 Québec inc.","t","f","t","f","t","f","t","f","t","f","f","f","f","f",,,"07:00","17:00","07:00","17:00","07:00","17:00","07:00","17:00","07:00","17:00",,,"2026-09-11T00:02:11Z",-73.64433346182751,45.57092797515955
"6aa1653734692700123044fd","OCC-2609HR07416053",,"Ville-Marie","Travaux","Permis émis","2026-09-10T20:00:00Z","2026-09-18T19:59:59Z","Construction/rénovation sans excavation","Saint-André entre De Maisonneuve et Mercure",,,"t","t","t","t","t","t","t","t","t","t","f","f","f","f",,,,,,,,,,,,,,,"2026-09-11T00:02:11Z",-73.56010359591566,45.517360999191496
"6aa1657eb10277001265a36c","OCC-2609GT07552971",,"Ville-Marie","Travaux","Permis émis","2026-09-11T20:00:00Z","2026-09-12T19:59:59Z","Autre","De Boisbriand entre Saint-Dominique et De Bullion","Entreprise","Evenko GP","f","f","f","f","f","f","f","f","f","f","t","t","t","t",,,,,,,,,,,,,,,"2026-09-11T00:02:11Z",-73.56381334359902,45.5109127926567
"6aa15c8f34692700123041e4","OCC-2609HT07434126",,"Ville-Marie","Travaux","Permis émis","2026-09-04T20:00:00Z","2026-09-17T19:59:59Z","Construction/rénovation avec excavation","De Champlain entre Ontario et Sherbrooke","Entreprise","Construction K2","t","t","t","t","t","t","t","t","t","t","t","t","t","t",,,,,,,,,,,,,,,"2026-09-11T00:02:11Z",-73.56199692085023,45.52604991814899
"6aa165f3346927001230454c","OCC-2609ZC07417071","1789023","Verdun","Travaux","Permis émis","2026-09-08T20:00:00Z","2026-10-23T19:59:59Z","Construction/rénovation avec excavation","1re entre Verdun et Bannantyne","Entrepreneur sous contrat avec la Ville de Montréal","Les Entreprises Ventec Inc","t","t","t","t","t","t","t","t","t","t","t","t","t","t",,,,,,,,,,,,,,,"2026-09-11T00:02:11Z",-73.57299136459723,45.45926890320034
"6aa165fe3469270012304562","OCC-2609TO07480887",,"Villeray-Saint-Michel-Parc-Extension","Travaux","Permis émis","2026-09-10T20:00:00Z","2026-09-11T19:59:59Z","Toiture - Rénovation","Saint-Dominique entre Jarry et Guizot","Entreprise","Toitex inc.","t","f","t","f","t","f","t","f","t","f","f","f","f","f",,,"07:00","19:00","07:00","19:00","07:00","19:00","07:00","19:00","07:00","19:00",,,"2026-09-11T00:02:11Z",-73.63367726822457,45.54035598765996
"6aa16677b10277001265a422","OCC-2609KW07418497",,"Le Sud-Ouest","Travaux","Permis émis","2026-09-09T20:00:00Z","2026-09-10T19:59:59Z","Toiture - Rénovation","Émard entre De La Vérendrye et Angers","Entreprise","Le Groupe Toitures LV","t","f","t","f","t","f","t","f","t","f","f","f","f","f",,,"07:00","19:00","07:00","19:00","07:00","19:00","07:00","19:00","07:00","19:00",,,"2026-09-11T00:02:11Z",-73.58445080253492,45.454611056605614
"6aa16708b10277001265a471","OCC-2609UO07451360",,"Ahuntsic-Cartierville","Travaux","Permis émis","2026-09-08T20:00:00Z","2026-09-10T19:59:59Z","Construction/rénovation sans excavation","Saint-Laurent entre Sauvé et Sauriol","Entreprise","LM SODARO INC.","t","f","t","f","t","f","t","f","t","f","f","f","f","f",,,"16:00","06:00","16:00","06:00","16:00","06:00","16:00","06:00","16:00","06:00",,,"2026-09-11T00:02:11Z",-73.66021184174573,45.54716273859754
"6aa16780b10277001265a500","OCC-2609EJ08425011",,"Villeray-Saint-Michel-Parc-Extension","Travaux","Permis émis","2026-09-10T20:00:00Z","2026-09-11T19:59:59Z","Déménagement","Saint-Denis entre Faillon et Villeray","Entreprise","MARTEL EXPRESS MONTREAL INC","t","f","t","f","t","f","t","f","t","f","f","f","f","f",,,"07:00","19:00","07:00","19:00","07:00","19:00","07:00","19:00","07:00","19:00",,,"2026-09-11T00:02:11Z",-73.62217593089952,45.54064709581105
"6aa167ea346927001230462e","OCC-2609UX07420591",,"Ahuntsic-Cartierville","Travaux","Permis émis","2026-09-08T20:00:00Z","2026-09-10T19:59:59Z","Entretien","Laurentien entre Louisbourg et Keller","RTU (Réseau technique urbain) ou son sous-traitant
","Hydro-Québec-Entrave courte durée","t","f","t","f","t","f","t","f","t","f","f","f","f","f",,,"09:00","15:00","09:00","15:00","09:00","15:00","09:00","15:00","09:00","15:00",,,"2026-09-11T00:02:11Z",-73.71131910530242,45.52476688890344
"6aa1682db10277001265a567","OCC-2609SA07420885","524005","Rosemont-La Petite-Patrie","Travaux","Permis émis","2026-08-20T20:00:00Z","2026-09-11T19:59:59Z","Égouts et aqueducs - Réhabilitation","De La Roche entre Saint-Zotique et Jean-Talon","Entrepreneur sous contrat avec la Ville de Montréal","CGI Environnement Inc.","t","t","t","t","t","t","t","t","t","t","t","t","t","t",,,,,,,,,,,,,,,"2026-09-11T00:02:11Z",-73.60782257256881,45.54167131332195
"6a55285445ae010012f2956f","OCC-2607GI11030396",,"Ville-Marie","Travaux","Permis émis","2025-12-19T19:00:00Z","2026-09-18T19:59:59Z","Construction/rénovation sans excavation","Notre-Dame entre Saint-Sulpice et Armes","Entreprise","Maçonnerie Rainville et Frères","t","t","t","t","t","t","t","t","t","t","t","t","t","t",,,,,,,,,,,,,,,"2026-07-15T00:01:51Z",-73.55662240067566,45.50484253746223
"6a5528da45ae010012f29589","OCC-2607CN11031154",,"Ville-Marie","Travaux","Permis émis","2025-12-19T19:00:00Z","2026-09-18T19:59:59Z","Construction/rénovation sans excavation","Saint-Sulpice entre De Brésoles et Armes","Entreprise","Maçonnerie Rainville et Frères","t","t","t","t","t","t","t","t","t","t","t","t","t","t",,,,,,,,,,,,,,,"2026-07-15T00:01:51Z",-73.55634303643573,45.50481729159041
"6a5529c9034844001262e206","OCC-2607OF11050802",,"Ville-Marie","Travaux","Permis émis","2026-01-04T19:00:00Z","2026-09-18T19:59:59Z","Construction/rénovation sans excavation","Notre-Dame entre Armes et Saint-François-Xavier","Entreprise","Maçonnerie Rainville et Frères","t","f","t","f","t","f","t","f","t","f","f","f","f","f",,,"05:00","14:00","05:00","14:00","05:00","14:00","05:00","14:00","05:00","14:00",,,"2026-07-15T00:01:51Z",-73.55702227057158,45.50430768195959
"6aa16a13b10277001265a67d","OCC-2609RP07569854","1781717","Ahuntsic-Cartierville","Travaux","Permis émis","2026-09-09T20:00:00Z","2026-09-12T19:59:59Z","Entretien","Esplanade entre Chabanel et Louvain","Entrepreneur sous contrat avec la Ville de Montréal","Les Signalisations RC","t","t","t","t","t","t","t","t","t","t","t","t","t","t",,,,,,,,,,,,,,,"2026-09-11T00:02:11Z",-73.65491156724737,45.5416297577565
"6aa16a66b10277001265a689","OCC-2609IC07426310",,"Côte-des-Neiges-Notre-Dame-de-Grâce","Travaux","Permis émis","2026-09-07T20:00:00Z","2026-09-11T19:59:59Z","Construction/rénovation sans excavation","Bates entre Vimy et Wilderton","Entreprise","Groupe Module Construction","t","t","t","t","t","t","t","t","t","t","f","t","f","t",,,,,,,,,,,,,,,"2026-09-11T00:02:11Z",-73.63042905855379,45.51419885455706
"6aa16b32b10277001265a736","OCC-2609FJ07428708",,"Le Plateau-Mont-Royal","Travaux","Permis émis","2026-09-08T20:00:00Z","2026-09-10T19:59:59Z","Construction/rénovation sans excavation","Casgrain entre Laurier et Fairmount","Entreprise","LES BALCONS ET ESCALIERS IDÉALS INC.","t","f","t","f","t","f","t","f","t","f","f","f","f","f",,,"07:00","17:00","07:00","17:00","07:00","17:00","07:00","17:00","07:00","17:00",,,"2026-09-11T00:02:11Z",-73.5925478063525,45.52472969814856
"6aa1700a34692700123049de","OCC-2609UJ08195787",,"Rosemont-La Petite-Patrie","Travaux","Permis émis","2026-09-09T20:00:00Z","2026-09-10T19:59:59Z","Construction/rénovation sans excavation","Masson entre D'Iberville et Masson","Entreprise","RESIDIA - DÉVELOPPEMENT IMMOBILIER INC.","t","f","t","f","t","f","t","f","t","f","f","f","f","f",,,"09:00","19:00","09:00","19:00","09:00","19:00","09:00","19:00","09:00","19:00",,,"2026-09-11T00:02:11Z",-73.57791354065624,45.54348416877842
"6aa17065b10277001265a933","OCC-2609OR07487095",,"Le Plateau-Mont-Royal","Travaux","Permis émis","2026-09-08T20:00:00Z","2026-09-10T19:59:59Z","Toiture - Rénovation","Fabre entre Latreille et Simard","Entreprise","Toiture Expert","t","f","t","f","t","f","t","f","t","f","f","f","f","f",,,"07:00","12:00","07:00","12:00","07:00","12:00","07:00","12:00","07:00","12:00",,,"2026-09-11T00:02:11Z",-73.57520722096051,45.53124470093165
"6aa17788b10277001265ac69","OCC-2609WG07464018",,"Le Plateau-Mont-Royal","Travaux","Permis émis","2026-09-08T20:00:00Z","2026-09-14T19:59:59Z","Entretien","Laval entre Sherbrooke et Square-Saint-Louis","Entreprise","9490-8571 Québec inc.","t","t","t","t","t","t","t","t","t","t","t","t","t","t",,,,,,,,,,,,,,,"2026-09-11T00:02:11Z",-73.56953646160389,45.51564654314118
"6aa1761f3469270012304ea6","OCC-2609AP07469183",,"Mercier-Hochelaga-Maisonneuve","Travaux","Permis émis","2026-09-09T20:00:00Z","2026-09-10T19:59:59Z","Toiture - Rénovation","Leclaire entre Sainte-Catherine et Adam","Entreprise","TOITURES ALTO INC.","t","f","t","f","t","f","t","f","t","f","f","f","f","f",,,"07:00","18:00","07:00","18:00","07:00","18:00","07:00","18:00","07:00","18:00",,,"2026-09-11T00:02:11Z",-73.53254784612365,45.55569557878992
"6aa17a6b3469270012305043","OCC-2609XV07539341",,"Ville-Marie","Travaux","Permis émis","2026-08-02T20:00:00Z","2026-09-19T19:59:59Z","Autre","Rouen entre Frontenac et Havre",,,"t","t","t","t","t","t","t","t","t","t","t","t","t","t",,,,,,,,,,,,,,,"2026-09-11T00:02:11Z",-73.55569274066063,45.53472789343423
"6aa17ad3346927001230507e","OCC-2609CF07472806",,"Rosemont-La Petite-Patrie","Travaux","Permis émis","2026-09-11T20:00:00Z","2026-09-12T19:59:59Z","Toiture - Rénovation","Marquette entre Beaubien et Saint-Zotique",,,"f","f","f","f","f","f","f","f","f","f","t","f","f","f","07:00","17:00",,,,,,,,,,,,,"2026-09-11T00:02:11Z",-73.5984710819468,45.54310376231137
"6aa17e3d34692700123051e0","OCC-2609BC07477654","527003","Montréal-Nord","Travaux","Permis émis","2026-08-31T20:00:00Z","2026-09-14T19:59:59Z","Autre","Armand-Lavergne entre Industriel et Forest","Entrepreneur sous contrat avec la Ville de Montréal","Les Entrepreneurs Bucaro","t","f","t","f","t","f","t","f","t","f","t","f","f","f","09:00","17:00","07:00","19:00","07:00","19:00","07:00","19:00","07:00","19:00","07:00","19:00",,,"2026-09-11T00:02:11Z",-73.62783641193717,45.5889568833196
"6aa17ed7b10277001265af49","OCC-2609DX07559025","524202","Côte-des-Neiges-Notre-Dame-de-Grâce","Travaux","Permis émis","2026-09-11T20:00:00Z","2026-09-28T19:59:59Z","Autre","Madison entre Somerled et Biermans","Entrepreneur sous contrat avec la Ville de Montréal","Les Pavages Céka","t","f","t","f","t","f","t","f","t","f","t","f","f","f","08:00","17:00","07:00","19:00","07:00","19:00","07:00","19:00","07:00","19:00","07:00","19:00",,,"2026-09-11T00:02:11Z",-73.63660243899952,45.47088589451527
"6aa1a24bb10277001265ba35","OCC-2609SJ08302861",,"Ville-Marie","Travaux","Permis émis","2026-09-10T20:00:00Z","2026-09-11T19:59:59Z","Construction/rénovation sans excavation","Viger entre Square-Victoria et Square-Victoria","Entreprise","Vitreco inc.","t","f","t","f","t","f","t","f","t","f","f","f","f","f",,,"07:00","14:00","07:00","14:00","07:00","14:00","07:00","14:00","07:00","14:00",,,"2026-09-11T00:02:11Z",-73.56313488791015,45.50213967102504
"6aa1a325b10277001265ba7d","OCC-2609GS07582219",,"Rosemont-La Petite-Patrie","Travaux","Permis émis","2026-09-09T20:00:00Z","2026-09-14T19:59:59Z","Construction/rénovation sans excavation","10e entre Saint-Zotique et Bélanger","Entreprise","Services paysagers Dominique Filion","t","f","t","f","t","f","t","f","t","f","f","f","f","f",,,"07:00","17:00","07:00","17:00","07:00","17:00","07:00","17:00","07:00","17:00",,,"2026-09-11T00:02:11Z",-73.59263363440148,45.55598661695933
"6aa1a236b10277001265ba31","OCC-2609MB08221781",,"Mercier-Hochelaga-Maisonneuve","Travaux","Permis émis","2026-09-09T20:00:00Z","2026-10-16T19:59:59Z","Construction/rénovation sans excavation","Ruelle","Entreprise","Les constructions Maleco inc.","t","t","t","t","t","t","t","t","t","t","t","t","t","t",,,,,,,,,,,,,,,"2026-09-11T00:02:11Z",-73.53585923578271,45.54884169047206
"6aa1a429b10277001265bac9","OCC-2609ZH07586263",,"Rosemont-La Petite-Patrie","Travaux","Permis émis","2026-09-08T20:00:00Z","2026-09-18T19:59:59Z","Construction/rénovation sans excavation","Ruelle","Entreprise","Gestion ino-vita inc.","t","f","t","f","t","f","t","f","t","f","f","f","f","f",,,"07:00","15:00","07:00","15:00","07:00","15:00","07:00","15:00","07:00","15:00",,,"2026-09-11T00:02:11Z",-73.58976637680448,45.54200862470704
"6aa1a46c3469270012305d9f","OCC-2609JA07598771","1778629","Le Sud-Ouest","Travaux","Permis émis","2026-09-09T20:00:00Z","2026-10-17T19:59:59Z","Trottoirs - Construction","Saint-Rémi entre Saint-Rémi et Cazelais","Entrepreneur sous contrat avec la Ville de Montréal","Les Entreprises Michaudville","t","t","t","t","t","t","t","t","t","t","t","t","t","t",,,,,,,,,,,,,,,"2026-09-11T00:02:11Z",-73.59456425989148,45.47232372510881
"6aa2e970b10277001265e93c","OCC-2609IJ08418721",,"Côte-des-Neiges-Notre-Dame-de-Grâce","Travaux","Permis émis","2026-09-10T20:00:00Z","2026-09-11T19:59:59Z","Toiture - Rénovation","Grand entre De Maisonneuve et Sherbrooke","Entreprise","Toitures Blanchard","t","f","t","f","t","f","t","f","t","f","f","f","f","f",,,"07:00","17:00","07:00","17:00","07:00","17:00","07:00","17:00","07:00","17:00",,,"2026-09-11T00:02:11Z",-73.62175160171094,45.46596661016481
"6a216d61f588d7001215c360","OCC-2606EY03089677",,"Ville-Marie","Travaux","Permis émis","2026-06-09T20:00:00Z","2027-06-10T19:59:59Z","Construction/rénovation sans excavation","René-Lévesque entre Clark et Saint-Urbain","Organisation publique ou son sous-traitant","Pomerleau","t","t","t","t","t","t","t","t","t","t","t","t","t","t",,,,,,,,,,,,,,,"2026-06-06T00:01:47Z",-73.56240743849608,45.50817993172225
"6aa2eb013469270012308217","OCC-2609WZ08479746",,"Le Sud-Ouest","Travaux","Permis émis","2026-09-10T20:00:00Z","2026-09-11T19:59:59Z","Construction/rénovation sans excavation","Richmond entre Richmond et Basin","Entreprise","9523-6964 Québec inc.","t","f","t","f","t","f","t","f","t","f","f","f","f","f",,,"07:00","19:00","07:00","19:00","07:00","19:00","07:00","19:00","07:00","19:00",,,"2026-09-11T00:02:11Z",-73.56504542928543,45.48755003349438
"6aa2eb193469270012308232","OCC-2609BZ08411138","523101","Ahuntsic-Cartierville","Travaux","Permis émis","2026-09-03T20:00:00Z","2026-09-10T19:59:59Z","Construction/rénovation avec excavation","Lajeunesse entre Prieur et Gouin","Entrepreneur sous contrat avec la Ville de Montréal","Environnement Routier NRJ Inc.","t","t","t","t","t","t","t","t","t","t","t","t","t","t",,,,,,,,,,,,,,,"2026-09-11T00:02:11Z",-73.6682772064899,45.55511180962739
"6aa2ebd43469270012308279","OCC-2609DI08413402","523101","Ahuntsic-Cartierville","Travaux","Permis émis","2026-09-02T20:00:00Z","2026-09-30T19:59:59Z","Construction/rénovation sans excavation","Henri-Bourassa entre De La Roche et Sacré-Coeur","Entrepreneur sous contrat avec la Ville de Montréal","Environnement Routier NRJ Inc.","t","f","t","f","t","f","t","f","t","f","f","f","f","f",,,"09:00","15:00","09:00","15:00","09:00","15:00","09:00","15:00","09:00","15:00",,,"2026-09-11T00:02:11Z",-73.66471317510094,45.5617307317475
"6aa2ec7fb10277001265ea79","OCC-2609TB08415452","523101","Ahuntsic-Cartierville","Travaux","Permis émis","2026-08-30T20:00:00Z","2026-09-18T19:59:59Z","Construction/rénovation avec excavation","Henri-Bourassa entre Saint-Hubert et Olympia","Entrepreneur sous contrat avec la Ville de Montréal","Environnement Routier NRJ Inc.","t","t","t","t","t","t","t","t","t","t","t","t","t","t",,,,,,,,,,,,,,,"2026-09-11T00:02:11Z",-73.66398336614562,45.56186218312661
"6aa2eccb34692700123082ec","OCC-2609CY08466975","502201","Montréal-Nord","Travaux","Permis émis","2026-09-10T20:00:00Z","2026-09-14T19:59:59Z","Construction/rénovation avec excavation","Albert-Hudon entre Maurice-Duplessis et Léger","Entrepreneur sous contrat avec la Ville de Montréal","Duroking Construction","t","f","t","f","t","f","t","f","t","f","t","f","t","f","22:00","23:00","22:00","05:00","22:00","05:00","22:00","05:00","22:00","05:00","22:00","05:00","00:00","22:00","2026-09-11T00:02:11Z",-73.61587967767257,45.621542829694704
"6aa2ed02b10277001265eae2","OCC-2609UQ08416391",,"Côte-des-Neiges-Notre-Dame-de-Grâce","Travaux","Permis émis","2026-08-30T20:00:00Z","2026-09-18T19:59:59Z","Construction/rénovation avec excavation","Édouard-Montpetit entre Trans Island et Décarie","Entreprise","ALTITUDE 233 INC.","t","f","t","f","t","f","t","f","t","f","f","f","f","f",,,"07:00","15:00","07:00","15:00","07:00","15:00","07:00","15:00","07:00","15:00",,,"2026-09-11T00:02:11Z",-73.63412073004282,45.486386128113885
"6aa309f63469270012308be1","OCC-2609QU08492642",,"Le Plateau-Mont-Royal","Travaux","Permis émis","2026-08-10T20:00:00Z","2026-09-18T19:59:59Z","Autre","Maguire entre Saint-Dominique et Casgrain","Entreprise","Béton Fondation Plus","t","f","t","f","t","f","t","f","t","f","f","f","f","f",,,"07:00","17:00","07:00","17:00","07:00","17:00","07:00","17:00","07:00","17:00",,,"2026-09-11T00:02:11Z",-73.59498220348857,45.52534647420852
"6aa30c10b10277001265f5fd","OCC-2609BR08495531",,"Ville-Marie","Travaux","Permis émis","2026-09-09T20:00:00Z","2026-09-10T19:59:59Z","Construction/rénovation sans excavation","René-Lévesque entre Robert-Bourassa et Mansfield","Entreprise","Groupe Atwill-Morin inc.","t","f","t","f","t","f","t","f","t","f","f","f","f","f",,,"10:00","14:00","10:00","14:00","10:00","14:00","10:00","14:00","10:00","14:00",,,"2026-09-11T00:02:11Z",-73.56818229462834,45.500856074608365
"6aa31260b10277001265f71c","OCC-2609MI08511989",,"Le Sud-Ouest","Travaux","Permis émis","2026-09-07T20:00:00Z","2026-09-16T19:59:59Z","Réseaux routier - Réfection et travaux corrélatifs","Murray entre William et Notre-Dame","CSEM (Commission des services électriques de Montréal) ou son sous-traitant
","G-TEK INC.","t","t","t","t","t","t","t","t","t","t","f","f","f","f",,,,,,,,,,,,,,,"2026-09-11T00:02:11Z",-73.56261564290574,45.49387652602679
"6a05f71a2dd577001248a229","OCC-2605ZL22251143",,"Ville-Marie","Travaux","Permis émis","2026-05-27T20:00:00Z","2026-10-20T19:59:59Z","Autre","Musée entre Sherbrooke et Ontario","Organisation publique ou son sous-traitant","Musée des beaux-arts de Montréal","t","t","t","t","t","t","t","t","t","t","t","t","t","t",,,,,,,,,,,,,,,"2026-05-28T00:01:58Z",-73.57995249092113,45.49899084995887
"69e68bc3fc718600121a1ce2","OCC-2604LA18815414","20033148","Ville-Marie","Travaux","Permis émis","2026-04-23T20:00:00Z","2027-04-24T19:59:59Z","Construction/rénovation sans excavation","Docteur-Penfield entre Docteur-Penfield et Peel","Entrepreneur sous contrat avec la Ville de Montréal","Coffrage Alliance Ltée","t","f","t","f","t","f","t","f","t","f","f","f","f","f",,,"07:00","17:00","07:00","17:00","07:00","17:00","07:00","17:00","07:00","17:00",,,"2026-04-24T00:01:54Z",-73.57862315806615,45.50399768209301
"69e77709fc718600121a2847","OCC-2604NS18805074",,"Ville-Marie","Travaux","Permis émis","2026-04-30T20:00:00Z","2027-04-30T19:59:59Z","Autre","Saint-Dominique entre De Boisbriand et De Maisonneuve","Organisation publique ou son sous-traitant","Partenariat du Quartier des spectacles","t","t","t","t","t","t","t","t","t","t","t","t","t","t",,,,,,,,,,,,,,,"2026-04-24T00:01:54Z",-73.56453225511596,45.51084129192736
"68f28271ab3ced0012ef99fb","OCC-2510DP14469802",,"Ville-Marie","Travaux","Permis émis","2025-10-17T20:00:00Z","2026-10-16T19:59:59Z","Construction/rénovation sans excavation","University entre Pins et University","Entreprise","Pomerleau","t","t","t","t","t","t","t","t","t","t","t","t","t","t",,,,,,,,,,,,,,,"2025-10-19T00:01:39Z",-73.58107209581613,45.50858903957191
"6a4e95d734772f0012a8d7b7","OCC-2607HM11849297",,"Ville-Marie","Travaux","Permis émis","2026-08-03T20:00:00Z","2027-05-15T19:59:59Z","Construction/rénovation sans excavation","Sainte-Catherine entre Saint-Urbain et Jeanne-Mance","Organisation publique ou son sous-traitant","Société québécoise des infrastructures","t","t","t","t","t","t","t","t","t","t","t","t","t","t",,,,,,,,,,,,,,,"2026-07-16T00:01:54Z",-73.56635227506227,45.50752807338945
"6a15a979f588d700121478b8","OCC-2605MW23009256","1652355","Anjou","Travaux","Permis émis","2026-07-02T20:00:00Z","2026-12-31T18:59:59Z","Autre","Galeries-d'Anjou entre Bombardier et Galeries-d'Anjou","Entrepreneur sous contrat avec la Ville de Montréal","Énergère Inc.","t","f","t","f","t","f","t","f","t","f","f","f","f","f",,,"07:00","17:00","07:00","17:00","07:00","17:00","07:00","17:00","07:00","17:00",,,"2026-05-29T00:01:52Z",-73.58689976357368,45.60707446097451
"6a160d8fef86e200124bb8a1","OCC-2605XN22882734","1652355","Pierrefonds-Roxboro","Travaux","Permis émis","2026-07-02T20:00:00Z","2026-12-31T18:59:59Z","Autre","Mairie d'arrondissement (Pierrefonds-Roxboro)","Entrepreneur sous contrat avec la Ville de Montréal","Énergère Inc.","t","f","t","f","t","f","t","f","t","f","f","f","f","f",,,"07:00","17:00","07:00","17:00","07:00","17:00","07:00","17:00","07:00","17:00",,,"2026-05-29T00:01:52Z",-73.84774841612182,45.49505619598524
"6a161849f588d70012149cd9","OCC-2605YU23030146","1652355","Le Sud-Ouest","Travaux","Permis émis","2026-07-02T20:00:00Z","2026-12-31T18:59:59Z","Autre","Bel-Air entre Saint-Jacques et Saint-Antoine","Entrepreneur sous contrat avec la Ville de Montréal","Énergère Inc.","t","f","t","f","t","f","t","f","t","f","f","f","f","f",,,"07:00","17:00","07:00","17:00","07:00","17:00","07:00","17:00","07:00","17:00",,,"2026-05-29T00:01:52Z",-73.58394586558136,45.482518786164825
"69dd408d924e8d0012f6178a","OCC-2604PK19658516","2420779","St-Laurent","Travaux","Permis émis","2026-04-22T20:00:00Z","2026-11-30T18:59:59Z","Entretien","Ruelle","Entrepreneur sous contrat avec la Ville de Montréal","Les entreprises Roseneige","t","f","t","f","t","f","t","f","t","f","f","f","f","f",,,"06:00","21:00","06:00","21:00","06:00","21:00","06:00","21:00","06:00","21:00",,,"2026-04-25T00:01:50Z",-73.68235028281869,45.50742872487723
"6a7c71438d981b0012f4ec87","OCC-2608MI10132119","1570497","Rivière-des-Prairies-Pointe-aux-Trembles","Travaux","Permis émis","2026-09-06T20:00:00Z","2026-09-18T19:59:59Z","Égouts et aqueducs - Inspection et nettoyage","45e entre Ontario et Forsyth","Entrepreneur sous contrat avec la Ville de Montréal","ORTEC ENVIRONNEMENT SERVICES INC","t","f","t","f","t","f","t","f","t","f","f","f","f","f",,,"07:00","19:00","07:00","19:00","07:00","19:00","07:00","19:00","07:00","19:00",,,"2026-08-14T00:01:57Z",-73.50277176749803,45.66583653856366
"6a57815145ae010012f2d0e7","OCC-2607WU12664475","441930","Le Sud-Ouest","Travaux","Permis émis","2026-07-16T20:00:00Z","2026-09-30T19:59:59Z","Égouts et aqueducs - Excavation","Barré entre Versailles et Guy","Entrepreneur sous contrat avec la Ville de Montréal","Excavations Darche inc.","t","t","t","t","t","t","t","t","t","t","t","t","t","t",,,,,,,,,,,,,,,"2026-07-17T00:01:48Z",-73.56601031210332,45.49021563385551
"6a578317034844001263210c","OCC-2607WC12666927","441930","Le Sud-Ouest","Travaux","Permis émis","2026-07-16T20:00:00Z","2026-09-30T19:59:59Z","Égouts et aqueducs - Excavation","Barré entre Montagne et Versailles","Entrepreneur sous contrat avec la Ville de Montréal","Excavations Darche inc.","t","t","t","t","t","t","t","t","t","t","t","t","t","t",,,,,,,,,,,,,,,"2026-07-17T00:01:48Z",-73.56467244409033,45.492122089444514
"6a53b25145ae010012f27bcc","OCC-2607YZ12617081","2026004","Ahuntsic-Cartierville","Travaux","Permis émis","2026-07-18T20:00:00Z","2026-09-28T19:59:59Z","Égouts et aqueducs - Excavation","Marcelin-Wilson entre Robert-Charbonneau et Henri-Bourassa","Entrepreneur sous contrat avec la Ville de Montréal","Demix construction","t","t","t","t","t","t","t","t","t","t","t","t","t","t",,,,,,,,,,,,,,,"2026-07-17T00:01:48Z",-73.67833208898757,45.53590358530232
"6a54eb4d45ae010012f285b1","OCC-2607JU12854895",,"Le Plateau-Mont-Royal","Travaux","Permis émis","2026-08-02T20:00:00Z","2026-12-18T18:59:59Z","Construction/rénovation sans excavation","De Brébeuf entre Laurier et Saint-Grégoire","Organisation publique ou son sous-traitant","CONSTRUCTION MODULOR INC.","t","t","t","t","t","t","t","t","t","t","t","t","t","t",,,,,,,,,,,,,,,"2026-07-17T00:01:48Z",-73.58744892956099,45.533708798117424
"6a5667b10348440012630930","OCC-2607LD11860522",,"Ville-Marie","Travaux","Permis émis","2026-07-09T20:00:00Z","2026-09-10T19:59:59Z","Construction/rénovation sans excavation","Sainte-Catherine entre Saint-André et Saint-Timothée","Entreprise","Groupe Atwill-Morin inc.","t","t","t","t","t","t","t","t","t","t","t","t","t","t",,,,,,,,,,,,,,,"2026-07-17T00:01:48Z",-73.55774964785697,45.51662072195228
"6a5673360348440012630c8d","OCC-2607AC12615758","524202","Côte-des-Neiges-Notre-Dame-de-Grâce","Travaux","Permis émis","2026-08-02T20:00:00Z","2026-09-11T19:59:59Z","Autre","Walkley entre De Maisonneuve et Sherbrooke","Entrepreneur sous contrat avec la Ville de Montréal","Les Pavages Céka","t","f","t","f","t","f","t","f","t","f","t","f","f","f","08:00","17:00","07:00","19:00","07:00","19:00","07:00","19:00","07:00","19:00","07:00","19:00",,,"2026-07-17T00:01:48Z",-73.62898036069097,45.46207840260249
"6a7638258d88dc00127b324e","OCC-2608UE08261322",,"Rosemont-La Petite-Patrie","Travaux","Permis émis","2026-08-11T20:00:00Z","2026-09-25T19:59:59Z","S-3 Infrastructure souterraine majeure - Puits d'accès","De Lorimier entre Rosemont et Beaubien","CSEM (Commission des services électriques de Montréal) ou son sous-traitant
","Environnement Routier NRJ Inc.","t","t","t","t","t","t","t","t","t","t","t","t","t","t",,,,,,,,,,,,,,,"2026-08-12T00:01:57Z",-73.5920775405665,45.54428846155997
"6a19a409f588d70012150c8c","OCC-2605PJ24730847",,"Anjou","Travaux","Permis émis","2026-05-30T20:00:00Z","2026-11-27T18:59:59Z","Construction/rénovation sans excavation","Non-nommée entre 25 et 25","Organisation publique ou son sous-traitant","EBC Inc.","t","t","t","t","t","t","t","t","t","t","t","t","t","t",,,,,,,,,,,,,,,"2026-05-31T00:01:49Z",-73.56725477361537,45.60485929026053
"6a19a8acef86e200124c35b9","OCC-2605SW24771205","503001","Ville-Marie","Travaux","Permis émis","2026-05-29T20:00:00Z","2026-11-15T18:59:59Z","Construction/rénovation sans excavation","Crescent entre René-Lévesque et Sainte-Catherine","Entrepreneur sous contrat avec la Ville de Montréal","Roxboro Excavation Inc.","t","t","t","t","t","t","t","t","t","t","t","t","t","t",,,,,,,,,,,,,,,"2026-05-31T00:01:49Z",-73.57354669927476,45.49608809303547
"6a15acbbf588d70012147991","OCC-2605CI24941551","524103","St-Laurent","Travaux","Permis émis","2026-06-02T20:00:00Z","2026-09-15T19:59:59Z","Autre","Henri-Bourassa entre Guertin et Sorbonne","Entrepreneur sous contrat avec la Ville de Montréal","FER-PAL CONSTRUCTION LTD.","t","t","t","t","t","t","t","t","t","t","t","t","t","t",,,,,,,,,,,,,,,"2026-05-31T00:01:49Z",-73.69820430231171,45.52640095350276
"6a18922df588d7001214fab4","OCC-2605ZC24873310",,"Mercier-Hochelaga-Maisonneuve","Travaux","Permis émis","2026-05-31T20:00:00Z","2026-09-25T19:59:59Z","Autre","Assomption entre Hochelaga et Pierre-De Coubertin","RTU (Réseau technique urbain) ou son sous-traitant
","CRT Construction inc.","t","f","t","f","t","f","t","f","t","f","f","f","f","f",,,"07:00","19:00","07:00","19:00","07:00","19:00","07:00","19:00","07:00","19:00",,,"2026-05-31T00:01:49Z",-73.54163067156456,45.56709293546929
"69ea790cfc718600121aa185","OCC-2604YP25686956",,"Ville-Marie","Travaux","Permis émis","2026-05-10T20:00:00Z","2026-10-22T19:59:59Z","Autre","Sainte-Catherine entre Saint-Hubert et Atateken","Organisation publique ou son sous-traitant","Société de développement commercial Village Montréal","t","t","t","t","t","t","t","t","t","t","t","t","t","t",,,,,,,,,,,,,,,"2026-06-07T00:01:50Z",-73.55800994204321,45.51645942404076
"69ea791bfc718600121aa189","OCC-2604ET25695080",,"Ville-Marie","Travaux","Permis émis","2026-05-10T20:00:00Z","2026-10-22T19:59:59Z","Autre","Sainte-Catherine entre Atateken et Plessis","Organisation publique ou son sous-traitant","Société de développement commercial Village Montréal","t","t","t","t","t","t","t","t","t","t","t","t","t","t",,,,,,,,,,,,,,,"2026-06-07T00:01:50Z",-73.55568723345479,45.518988360840886
"6a50fa8a034844001262ad86","OCC-2607QI13683583",,"Le Plateau-Mont-Royal","Travaux","Permis émis","2026-08-02T20:00:00Z","2026-09-30T19:59:59Z","Construction/rénovation sans excavation","Ruelle","Entreprise","MILE CONSTRUCTION INC.","t","t","t","t","t","t","t","t","t","t","t","t","t","t",,,,,,,,,,,,,,,"2026-07-18T00:01:58Z",-73.57388367119673,45.5180625422972
"6a161272f588d70012149c66","OCC-2606US03998438","1652355","L'Île-Bizard-Sainte-Geneviève","Travaux","Permis émis","2026-08-02T20:00:00Z","2026-12-31T18:59:59Z","Autre","Église entre Cherrier et Chèvremont","Entrepreneur sous contrat avec la Ville de Montréal","Énergère Inc.","t","f","t","f","t","f","t","f","t","f","f","f","f","f",,,"07:00","17:00","07:00","17:00","07:00","17:00","07:00","17:00","07:00","17:00",,,"2026-06-07T00:01:50Z",-73.87989514434986,45.48715896474803
"6a57efca45ae010012f2f0fc","OCC-2607NG13533657",,"Le Plateau-Mont-Royal","Travaux","Permis émis","2026-07-17T20:00:00Z","2026-12-18T18:59:59Z","Construction/rénovation sans excavation","Marie-Anne entre Saint-Urbain et Esplanade","Entreprise","Construction Benoit Tremblay Inc","t","t","t","t","t","t","t","t","t","t","t","t","t","t",,,,,,,,,,,,,,,"2026-07-18T00:01:58Z",-73.58558562614115,45.517515954469935
"6a5a47080348440012637d43","OCC-2607WE14373504",,"Ville-Marie","Travaux","Permis émis","2025-08-17T20:00:00Z","2033-12-31T18:59:59Z","Construction/rénovation avec excavation","Docteur-Penfield entre Pins et McTavish","Ville de Montréal",,"t","t","t","t","t","t","t","t","t","t","t","t","t","t",,,,,,,,,,,,,,,"2026-07-19T00:01:55Z",-73.57873125016961,45.505510197259454
"6a50f143034844001262aa80","OCC-2607QM08408214",,"Ville-Marie","Travaux","Permis émis","2025-12-31T19:00:00Z","2026-12-01T18:59:59Z","Construction/rénovation sans excavation","Sherbrooke entre Stanley et Drummond","Entreprise","LES IMMEUBLES YALE LIMITEE","t","t","t","t","t","t","t","t","t","t","f","f","f","f",,,,,,,,,,,,,,,"2026-07-19T00:01:55Z",-73.57770975412845,45.50048899008693
"6a1dac7cef86e200124c6e33","OCC-2606IB00577041","503001","Ville-Marie","Travaux","Permis émis","2026-03-29T20:00:00Z","2026-10-31T19:59:59Z","Construction/rénovation sans excavation","Lincoln entre Guy et Saint-Mathieu","Entrepreneur sous contrat avec la Ville de Montréal","Roxboro Excavation Inc.","t","t","t","t","t","t","t","t","t","t","t","t","t","t",,,,,,,,,,,,,,,"2026-06-03T00:01:47Z",-73.58082051083035,45.4956551295865
"6a56342245ae010012f2a4f8","OCC-2607PC14455697",,"Ville-Marie","Travaux","Permis émis","2026-07-31T20:00:00Z","2026-09-30T19:59:59Z","Construction/rénovation sans excavation","De La Gauchetière entre Saint-Timothée et Amherst","Entreprise","Roger & Konrad Capital Inc","t","t","t","t","t","t","t","t","t","t","t","t","t","t",,,,,,,,,,,,,,,"2026-07-19T00:01:55Z",-73.55373436935153,45.515507590741
"6aa1853e34692700123053fa","OCC-2609QH07503040",,"Rosemont-La Petite-Patrie","Travaux","Permis émis","2026-09-10T20:00:00Z","2026-09-11T19:59:59Z","Toiture - Rénovation","Chabot entre Rosemont et Bellechasse",,,"t","f","t","f","t","f","t","f","t","f","f","f","f","f",,,"07:00","17:00","07:00","17:00","07:00","17:00","07:00","17:00","07:00","17:00",,,"2026-09-11T00:02:11Z",-73.59091582680453,45.542133685615
"6aa18d6934692700123054fb","OCC-2609MV07548947",,"Rosemont-La Petite-Patrie","Travaux","Permis émis","2026-09-09T20:00:00Z","2026-09-10T19:59:59Z","Construction/rénovation sans excavation","Ruelle","Entreprise","DeVauban","t","f","t","f","t","f","t","f","t","f","f","f","f","f",,,"10:00","14:00","10:00","14:00","10:00","14:00","10:00","14:00","10:00","14:00",,,"2026-09-11T00:02:11Z",-73.59684247426325,45.54903497063517
"6aa18e4cb10277001265b26b","OCC-2609MK07583340",,"Ville-Marie","Travaux","Permis émis","2026-09-09T20:00:00Z","2026-09-11T19:59:59Z","Construction/rénovation sans excavation","Saint-Paul entre Saint-Pierre et McGill","Entreprise","Les Entreprises Cam Construction inc","t","t","t","t","t","t","t","t","t","t","f","f","f","f",,,,,,,,,,,,,,,"2026-09-11T00:02:11Z",-73.55659404663497,45.500889225692895
"6aa18f50b10277001265b2ae","OCC-2609QH07521097",,"Ville-Marie","Travaux","Permis émis","2026-09-07T20:00:00Z","2026-09-11T19:59:59Z","Entretien","Dowd entre De Bleury et Saint-Alexandre","Entreprise","Lavage de vitres Future inc.","t","f","t","f","t","f","t","f","t","f","f","f","f","f",,,"07:00","17:00","07:00","17:00","07:00","17:00","07:00","17:00","07:00","17:00",,,"2026-09-11T00:02:11Z",-73.56373950125314,45.50457306976993
"6aa14cd7b102770012659aa6","OCC-2609CF07582471",,"Le Plateau-Mont-Royal","Travaux","Permis émis","2026-09-09T20:00:00Z","2026-09-10T19:59:59Z","Toiture - Rénovation","De Bienville entre Resther et Saint-Hubert","Entreprise","9417-7656 Québec Inc.","t","f","t","f","t","f","t","f","t","f","f","f","f","f",,,"07:00","19:00","07:00","19:00","07:00","19:00","07:00","19:00","07:00","19:00",,,"2026-09-11T00:02:11Z",-73.58315592077297,45.52658974811517
"6aa1933c34692700123056c6","OCC-2609OS07557214",,"Villeray-Saint-Michel-Parc-Extension","Travaux","Permis émis","2026-09-09T20:00:00Z","2026-09-10T19:59:59Z","Toiture - Rénovation","De Gaspé entre Jean-Talon et De Castelnau","Entreprise","TOITURES JSB INC.","t","f","t","f","t","f","t","f","t","f","f","f","f","f",,,"07:00","16:00","07:00","16:00","07:00","16:00","07:00","16:00","07:00","16:00",,,"2026-09-11T00:02:11Z",-73.61768940561332,45.5371164584518
"6aa2ede8b10277001265eb51","OCC-2609IL08452107",,"Côte-des-Neiges-Notre-Dame-de-Grâce","Travaux","Permis émis","2026-09-09T20:00:00Z","2026-09-11T19:59:59Z","Construction/rénovation avec excavation","Stirling entre Stirling et Côte-Sainte-Catherine",,,"t","t","t","t","t","t","t","t","t","t","f","f","f","f",,,,,,,,,,,,,,,"2026-09-11T00:02:11Z",-73.61758046442492,45.50835838268543
"6aa2ee5734692700123083c4","OCC-2609QP08446037",,"Rivière-des-Prairies-Pointe-aux-Trembles","Travaux","Permis émis","2026-09-10T20:00:00Z","2026-09-11T19:59:59Z","Toiture - Rénovation","Louis-Lumière entre Eudore-Dubeau et 38e","Entreprise","René Perron Couvreurs","t","f","t","f","t","f","t","f","t","f","f","f","f","f",,,"07:00","18:00","07:00","18:00","07:00","18:00","07:00","18:00","07:00","18:00",,,"2026-09-11T00:02:11Z",-73.58324326231514,45.64454699798832
"6aa2f13f34692700123084d1","OCC-2609SI08460054",,"Lachine","Travaux","Permis émis","2026-09-09T20:00:00Z","2026-09-11T19:59:59Z","Toiture - Rénovation","Camille entre Ouellette et Richmond","Entreprise","Serge et André","t","t","t","t","t","t","t","t","t","t","f","t","f","t",,,,,,,,,,,,,,,"2026-09-11T00:02:11Z",-73.64428222480579,45.445300897483946
"6aa2f25ab10277001265ecf8","OCC-2609EU08460376",,"LaSalle","Travaux","Permis émis","2026-09-09T20:00:00Z","2026-09-11T19:59:59Z","Toiture - Rénovation","Armel entre Jacqueline et Benoit","Entreprise","Serge et André","t","t","t","t","t","t","t","t","t","t","f","f","f","f",,,,,,,,,,,,,,,"2026-09-11T00:02:11Z",-73.63133468460748,45.43601836826361
"698dfe5a7e9f5a0012d7744f","OCC-2602NW13751689",,"Ville-Marie","Travaux","Permis émis","2026-02-16T19:00:00Z","2026-12-31T18:59:59Z","Construction/rénovation sans excavation","Lespérance entre Thomas-Valin et Thomas-Valin","Entreprise","LA COMPAGNIE DE CONSTRUCTION EDILBEC INC.","t","t","t","t","t","t","t","t","t","t","t","t","t","t",,,,,,,,,,,,,,,"2026-05-27T00:01:54Z",-73.55112261081773,45.538026054095695
"6aa2f7e93469270012308612","OCC-2609SZ08477332",,"Villeray-Saint-Michel-Parc-Extension","Travaux","Permis émis","2026-09-10T20:00:00Z","2026-09-11T19:59:59Z","Toiture - Rénovation","Durocher entre Saint-Roch et Ball","Entreprise","9403-5292 Québec inc.","t","f","t","f","t","f","t","f","t","f","f","f","f","f",,,"07:00","19:00","07:00","19:00","07:00","19:00","07:00","19:00","07:00","19:00",,,"2026-09-11T00:02:11Z",-73.629889762015,45.5311247512396
"6aa2f8d8346927001230865b","OCC-2609UJ08446321",,"Montréal-Nord","Travaux","Permis émis","2026-08-13T20:00:00Z","2026-09-10T19:59:59Z","Autre","Lapierre entre Pierre et Dagenais","Entreprise","Bisson Expert","t","f","t","f","t","f","t","f","t","f","f","f","f","f",,,"07:00","16:00","07:00","16:00","07:00","16:00","07:00","16:00","07:00","16:00",,,"2026-09-11T00:02:11Z",-73.62242568967268,45.62026537996169
"6aa2fcb53469270012308746","OCC-2609IH08456580",,"LaSalle","Travaux","Permis émis","2026-08-31T20:00:00Z","2026-09-15T19:59:59Z","Construction/rénovation sans excavation","Centrale entre Angus et 90e","Entreprise","Les Constructions DAGI inc.","t","t","t","t","t","t","t","t","t","t","t","t","t","t",,,,,,,,,,,,,,,"2026-09-11T00:02:11Z",-73.64375254035404,45.417807531342206
"6aa2fd443469270012308773","OCC-2609MX08457644",,"Outremont","Travaux","Permis émis","2026-09-07T20:00:00Z","2026-09-10T19:59:59Z","Construction/rénovation sans excavation","Wiseman entre Côte-Sainte-Catherine et Elmwood",,,"t","t","t","t","t","t","t","t","t","t","f","f","f","f",,,,,,,,,,,,,,,"2026-09-11T00:02:11Z",-73.60552983187246,45.515886308324646
"6aa3029bb10277001265f22e","OCC-2609BR08486551","26003","Ville-Marie","Travaux","Permis émis","2026-09-10T20:00:00Z","2026-09-17T19:59:59Z","Trottoirs - Construction","Plessis entre Logan et La Fontaine","Entrepreneur sous contrat avec la Ville de Montréal","COJALAC INC.","t","t","t","t","t","t","t","t","t","t","t","t","t","t",,,,,,,,,,,,,,,"2026-09-11T00:02:11Z",-73.55801704220828,45.5223192494726
"69e2408420e2850012c5db2e","OCC-2604NE17737897",,"Mercier-Hochelaga-Maisonneuve","Travaux","Permis émis","2026-04-30T20:00:00Z","2026-11-30T18:59:59Z","Autre","Parc de la Promenade-Bellerive","Organisation publique ou son sous-traitant","ARTM","t","t","t","t","t","t","t","t","t","t","t","t","t","t",,,,,,,,,,,,,,,"2026-04-23T00:01:54Z",-73.50891172327643,45.5951060583032
"6a15e7a7ef86e200124babe4","OCC-2605CE22274059",,"Villeray-Saint-Michel-Parc-Extension","Travaux","Permis émis","2026-01-14T19:00:00Z","2029-05-01T19:59:59Z","Autre","Everett entre Saint-Michel et 12e","Organisation publique ou son sous-traitant","Société de transports de Montréal (STM) Prolongement de la ligne bleue","t","f","t","f","t","f","t","f","t","f","t","f","t","f","09:00","17:00","07:00","19:00","07:00","19:00","07:00","19:00","07:00","19:00","07:00","19:00","09:00","17:00","2026-05-28T00:01:58Z",-73.60031313323155,45.56036525518415
"6a561a7d034844001262f184","OCC-2607AF11638013",,"Ville-Marie","Travaux","Permis émis","2025-12-19T19:00:00Z","2026-12-19T18:59:59Z","Construction/rénovation avec excavation","Saint-Jacques entre Saint-Laurent et Place-d'Armes","Organisation publique ou son sous-traitant","Pomerleau","t","t","t","t","t","t","t","t","t","t","t","t","t","t",,,,,,,,,,,,,,,"2026-07-16T00:01:54Z",-73.55672644957569,45.50598728091092
"6a561b9f034844001262f1b4","OCC-2607IN11641294",,"Ville-Marie","Travaux","Permis émis","2026-01-04T19:00:00Z","2027-01-01T18:59:59Z","Construction/rénovation avec excavation","Notre-Dame entre Saint-Laurent et Saint-Sulpice","Organisation publique ou son sous-traitant","Pomerleau","t","t","t","t","t","t","t","t","t","t","t","t","t","t",,,,,,,,,,,,,,,"2026-07-16T00:01:54Z",-73.55622393059382,45.50552000420016
"6a15b6eaef86e200124b963c","OCC-2605JI23010490","1652355","Ahuntsic-Cartierville","Travaux","Permis émis","2026-07-02T20:00:00Z","2026-12-31T18:59:59Z","Autre","Chabanel entre Parc et Meilleur","Entrepreneur sous contrat avec la Ville de Montréal","Énergère Inc.","t","f","t","f","t","f","t","f","t","f","f","f","f","f",,,"07:00","17:00","07:00","17:00","07:00","17:00","07:00","17:00","07:00","17:00",,,"2026-05-29T00:01:52Z",-73.65516954325618,45.53784409210601
"6a15c120ef86e200124b9cd1","OCC-2605XM22925497","1652355","Mercier-Hochelaga-Maisonneuve","Travaux","Permis émis","2026-07-02T20:00:00Z","2026-12-31T18:59:59Z","Autre","Robert-Jurie entre Desautels et Arcand","Entrepreneur sous contrat avec la Ville de Montréal","Énergère Inc.","t","f","t","f","t","f","t","f","t","f","f","f","f","f",,,"07:00","17:00","07:00","17:00","07:00","17:00","07:00","17:00","07:00","17:00",,,"2026-05-29T00:01:52Z",-73.54071653627923,45.58480534792258
"69e9365720e2850012c67434","OCC-2604LC20420561",,"St-Laurent","Travaux","Permis émis","2026-04-27T20:00:00Z","2026-10-17T19:59:59Z","Réseaux routier - Réfection et travaux corrélatifs","Côte-de-Liesse entre Côte-de-Liesse et Côte-de-Liesse","Organisation publique ou son sous-traitant","Construction Demathieu & Bard (CDB) inc.","t","t","t","t","t","t","t","t","t","t","t","t","t","t",,,,,,,,,,,,,,,"2026-04-26T00:01:41Z",-73.70800836690589,45.47357802180274
"6a79c5bb8d88dc00127b3ebf","OCC-2608LH08230327",,"Anjou","Travaux","Permis émis","2026-09-10T20:00:00Z","2026-09-12T19:59:59Z","Autre","Louis-H.-La Fontaine entre Wilfrid-Pelletier et Châteauneuf","Ville de Montréal",,"t","f","t","f","t","f","t","f","t","f","t","f","f","f","00:00","17:00","19:00","23:59","19:00","23:59","19:00","23:59","19:00","23:59","19:00","23:59",,,"2026-08-12T00:01:57Z",-73.55832694638626,45.60165551263284
"6a173320ef86e200124be1a2","OCC-2605TW23854119",,"St-Laurent","Travaux","Permis émis","2026-05-31T20:00:00Z","2026-09-30T19:59:59Z","Autre","Alfred-Nobel entre Frederick-Banting et Marie-Curie","Organisation publique ou son sous-traitant","NouvLR","t","t","t","t","t","t","t","t","t","t","t","t","t","t",,,,,,,,,,,,,,,"2026-05-30T00:01:50Z",-73.76215487815341,45.48490484303102
"6a22bfeeef86e200124d33f4","OCC-2606UV03912954",,"Ahuntsic-Cartierville","Travaux","Permis émis","2026-06-04T20:00:00Z","2026-12-18T18:59:59Z","Construction/rénovation sans excavation","Parthenais entre Sauriol et Parthenais","Entreprise","Groupe Geyser inc.","t","t","t","t","t","t","t","t","t","t","t","t","t","t",,,,,,,,,,,,,,,"2026-06-07T00:01:50Z",-73.64906026069298,45.57198823064663
"6a22c78af588d7001215f40b","OCC-2606RO04019257","520501","St-Laurent","Travaux","Permis émis","2026-06-07T20:00:00Z","2026-10-31T19:59:59Z","Égouts et aqueducs - Excavation","Crevier entre Côte-Vertu et Tassé","Entrepreneur sous contrat avec la Ville de Montréal","Gerald theoret inc.","t","t","t","t","t","t","t","t","t","t","t","t","t","t",,,,,,,,,,,,,,,"2026-06-07T00:01:50Z",-73.68782359078808,45.51353644914489
"6a187503f588d7001214f0ce","OCC-2605EH23967092","1702331","Rosemont-La Petite-Patrie","Travaux","Permis émis","2026-06-01T20:00:00Z","2026-09-30T19:59:59Z","Entretien","De Jumonville entre Turenne et De Jumonville","Entrepreneur sous contrat avec la Ville de Montréal","Les Terrassements Multi-paysages Inc.","t","f","t","f","t","f","t","f","t","f","f","f","f","f",,,"07:00","19:00","07:00","19:00","07:00","19:00","07:00","19:00","07:00","19:00",,,"2026-05-30T00:01:50Z",-73.55471986318732,45.57383644006392
"6a15e110f588d70012148f21","OCC-2605HP22253198","1652355","Rosemont-La Petite-Patrie","Travaux","Permis émis","2026-07-02T20:00:00Z","2026-12-31T18:59:59Z","Autre","D'Iberville entre Dandurand et Jourdain","Entrepreneur sous contrat avec la Ville de Montréal","Énergère Inc.","t","f","t","f","t","f","t","f","t","f","f","f","f","f",,,"07:00","17:00","07:00","17:00","07:00","17:00","07:00","17:00","07:00","17:00",,,"2026-07-17T00:01:48Z",-73.5815976199621,45.544449893311736
"6a18908def86e200124c19a2","OCC-2606FB09945020","524104","Rosemont-La Petite-Patrie","Travaux","Permis émis","2026-06-14T20:00:00Z","2026-10-05T19:59:59Z","Autre","Rosemont entre Saint-Denis et Boyer","Entrepreneur sous contrat avec la Ville de Montréal","FER-PAL CONSTRUCTION LTD.","t","t","t","t","t","t","t","t","t","t","t","t","t","t",,,,,,,,,,,,,,,"2026-07-17T00:01:48Z",-73.59704719394938,45.5326005143264
"6a0cc845ad5e3700125939f3","OCC-2605YQ23974725","62731","Le Sud-Ouest","Travaux","Permis émis","2026-06-07T20:00:00Z","2026-12-04T18:59:59Z","Autre","Ruelle","Entrepreneur sous contrat avec la Ville de Montréal","Duroking Construction","t","t","t","t","t","t","t","t","t","t","t","t","t","t",,,,,,,,,,,,,,,"2026-05-30T00:01:50Z",-73.5490567390397,45.47528097681443
"6a0cc907ad5e370012593a1a","OCC-2605JL23974497","62731","Le Sud-Ouest","Travaux","Permis émis","2026-06-07T20:00:00Z","2026-12-04T18:59:59Z","Autre","Ruelle","Entrepreneur sous contrat avec la Ville de Montréal","Duroking Construction","t","t","t","t","t","t","t","t","t","t","t","t","t","t",,,,,,,,,,,,,,,"2026-05-30T00:01:50Z",-73.54872488538152,45.47524514286158
"6a0cc9c8bb5b97001230b661","OCC-2605TH23975238","62731","Le Sud-Ouest","Travaux","Permis émis","2026-06-07T20:00:00Z","2026-12-04T18:59:59Z","Autre","Marc-Cantin / Carrie-Derick","Entrepreneur sous contrat avec la Ville de Montréal","Duroking Construction","t","t","t","t","t","t","t","t","t","t","t","t","t","t",,,,,,,,,,,,,,,"2026-05-30T00:01:50Z",-73.54032506212113,45.48674425791827
"6a5007b6034844001262a31c","OCC-2607JH12728581",,"Le Plateau-Mont-Royal","Travaux","Permis émis","2026-08-02T20:00:00Z","2026-09-30T19:59:59Z","Construction/rénovation sans excavation","Papineau entre Sherbrooke et Gauthier","Entreprise","LEM experts-conseils inc.","t","t","t","t","t","t","t","t","t","t","t","t","t","t",,,,,,,,,,,,,,,"2026-07-17T00:01:48Z",-73.56565944532628,45.52884106236288
"6a58ec6645ae010012f2fb21","OCC-2607TF13487179","515501","Ville-Marie","Travaux","Permis émis","2026-05-10T20:00:00Z","2026-10-31T19:59:59Z","Égouts et aqueducs - Réhabilitation","136 entre 720 et 720","Entrepreneur sous contrat avec la Ville de Montréal","Loiselle inc.","t","t","t","t","t","t","t","t","t","t","t","t","t","t",,,,,,,,,,,,,,,"2026-07-18T00:01:58Z",-73.56574837726221,45.49578865210455
"6a22f7cfef86e200124d4ad6","OCC-2606LA04045843",,"Le Sud-Ouest","Travaux","Permis émis","2025-11-23T19:00:00Z","2026-12-31T18:59:59Z","Autre","Fernand-Seguin entre Carrie-Derick et Marc-Cantin","Organisation publique ou son sous-traitant","Duroking Construction","t","t","t","t","t","t","t","t","t","t","t","t","t","t",,,,,,,,,,,,,,,"2026-06-07T00:01:50Z",-73.54081685246788,45.47856112748507
"6a22f810f588d7001216083c","OCC-2606ZT04046444",,"Le Sud-Ouest","Travaux","Permis émis","2025-11-23T19:00:00Z","2026-12-31T18:59:59Z","Autre","Carrie-Derick entre Carrie-Derick et Fernand-Seguin","Organisation publique ou son sous-traitant","Duroking Construction","t","t","t","t","t","t","t","t","t","t","t","t","t","t",,,,,,,,,,,,,,,"2026-06-07T00:01:50Z",-73.53858772908956,45.48432498488532
"6a58fc7e45ae010012f30087","OCC-2607FW13527763",,"Ville-Marie","Travaux","Permis émis","2025-10-02T20:00:00Z","2026-10-02T19:59:59Z","Construction/rénovation sans excavation","Montcalm entre René-Lévesque et Sainte-Catherine","Entreprise","Groupe ECG (9164 4971 QUEBEC INC.)","t","t","t","t","t","t","t","t","t","t","t","t","t","t",,,,,,,,,,,,,,,"2026-07-18T00:01:58Z",-73.55521246824428,45.5179189908545
"6a18f859f588d70012150274","OCC-2606UK03932917",,"Ville-Marie","Travaux","Permis émis","2026-06-04T20:00:00Z","2026-12-11T18:59:59Z","Construction/rénovation avec excavation","De Maisonneuve entre Saint-Dominique et Sanguinet","Organisation publique ou son sous-traitant","Excavation ESM","t","t","t","t","t","t","t","t","t","t","t","t","t","t",,,,,,,,,,,,,,,"2026-06-07T00:01:50Z",-73.563224237529,45.512998442125074
"6a19b9d9ef86e200124c3bd0","OCC-2606ZI03991901","2601","Lachine","Travaux","Permis émis","2026-06-08T20:00:00Z","2026-10-09T19:59:59Z","Égouts et aqueducs - Excavation","25e entre Provost et 24e","Entrepreneur sous contrat avec la Ville de Montréal","BEAMEO SERVICES-CONSEILS INC.","t","t","t","t","t","t","t","t","t","t","t","t","t","t",,,,,,,,,,,,,,,"2026-06-07T00:01:50Z",-73.6865335012156,45.44481857976288
"6a19cca1f588d70012151bd8","OCC-2606BQ04097522",,"Ahuntsic-Cartierville","Travaux","Permis émis","2026-06-07T20:00:00Z","2027-08-31T19:59:59Z","Réseaux routier - Réfection et travaux corrélatifs","Non-nommée entre  et 15","Organisation publique ou son sous-traitant","Eurovia Québec Construction","t","t","t","t","t","t","t","t","t","t","t","t","t","t",,,,,,,,,,,,,,,"2026-06-07T00:01:50Z",-73.67105178288573,45.53268451028651
"6a19d129ef86e200124c451b","OCC-2606ZT03992812","2601","Lachine","Travaux","Permis émis","2026-06-08T20:00:00Z","2026-10-09T19:59:59Z","Égouts et aqueducs - Excavation","24e entre Duff Court et 25e","Entrepreneur sous contrat avec la Ville de Montréal","BEAMEO SERVICES-CONSEILS INC.","t","t","t","t","t","t","t","t","t","t","t","t","t","t",,,,,,,,,,,,,,,"2026-06-07T00:01:50Z",-73.68571003962057,45.44707728414235
"6a57c50445ae010012f2e5c9","OCC-2607RU13582823","15982","Ville-Marie","Travaux","Permis émis","2026-08-23T20:00:00Z","2026-12-15T18:59:59Z","Construction/rénovation sans excavation","Commune entre Royale et De Callière","Entrepreneur sous contrat avec la Ville de Montréal","CONSTRUCTION TRANSIT 2E G LTÉE","t","t","t","t","t","t","t","t","t","t","t","t","t","t",,,,,,,,,,,,,,,"2026-07-18T00:01:58Z",-73.55421757648071,45.50251771201761
"6a57a86e0348440012632e56","OCC-2607AL14365751",,"Le Plateau-Mont-Royal","Travaux","Permis émis","2026-07-17T20:00:00Z","2026-10-02T19:59:59Z","Construction/rénovation sans excavation","Resther entre Saint-Grégoire et Resther","Entreprise","9330-9805 Québec inc.","t","t","t","t","t","t","t","t","t","t","t","t","t","t",,,,,,,,,,,,,,,"2026-07-19T00:01:55Z",-73.59335995695292,45.53095162479623
"6a57a8470348440012632e52","OCC-2607JF14362450",,"Le Plateau-Mont-Royal","Travaux","Permis émis","2026-08-02T20:00:00Z","2026-10-02T19:59:59Z","Construction/rénovation sans excavation","Resther entre Saint-Grégoire et Resther","Entreprise","9330-9805 Québec inc.","t","t","t","t","t","t","t","t","t","t","t","t","t","t",,,,,,,,,,,,,,,"2026-07-19T00:01:55Z",-73.59263601405014,45.53062946925761
"6a57f6900348440012634147","OCC-2607DJ14356704","2026001","Ahuntsic-Cartierville","Travaux","Permis émis","2026-08-02T20:00:00Z","2026-12-11T18:59:59Z","Égouts et aqueducs - Excavation","Gouin entre Boismenu et Gouin","Entrepreneur sous contrat avec la Ville de Montréal","Les Entreprises Michaudville","t","t","t","t","t","t","t","t","t","t","t","t","t","t",,,,,,,,,,,,,,,"2026-07-19T00:01:55Z",-73.65248564053644,45.58206850359574
"6a58009845ae010012f2f1ff","OCC-2607IQ14522772","432210","St-Laurent","Travaux","Permis émis","2026-07-19T20:00:00Z","2026-10-02T19:59:59Z","Égouts et aqueducs - Excavation","Beaudet entre Lindsay et Marcel-Laurin","Entrepreneur sous contrat avec la Ville de Montréal","Les Pavages D'Amour inc.","t","t","t","t","t","t","t","t","t","t","t","t","t","t",,,,,,,,,,,,,,,"2026-07-19T00:01:55Z",-73.6815487939056,45.506902337706805
"6a565058034844001262fef8","OCC-2607UG14260411",,"Ville-Marie","Travaux","Permis émis","2026-08-02T20:00:00Z","2026-09-18T19:59:59Z","Construction/rénovation sans excavation","Sainte-Catherine entre Saint-Denis et Berri","Entreprise","Maçonnerie Rainville et Frères","t","f","t","f","t","f","t","f","t","f","f","f","f","f",,,"06:00","16:00","06:00","16:00","06:00","16:00","06:00","16:00","06:00","16:00",,,"2026-07-19T00:01:55Z",-73.56014001689346,45.51420892889611
"6a7c8ce18d981b0012f4f705","OCC-2608EP10060406","515501","Ville-Marie","Travaux","Permis émis","2026-06-21T20:00:00Z","2026-10-31T19:59:59Z","Égouts et aqueducs - Excavation","Saint-Jacques entre Gauvin et Robert-Bourassa","Entrepreneur sous contrat avec la Ville de Montréal","Loiselle inc.","t","t","t","t","t","t","t","t","t","t","t","t","t","t",,,,,,,,,,,,,,,"2026-08-14T00:01:57Z",-73.56204457654756,45.49972317116269
"69ea0f44fc718600121a7e3d","OCC-2604CT25558482","871652","LaSalle","Travaux","Permis émis","2026-05-03T20:00:00Z","2026-10-09T19:59:59Z","Égouts et aqueducs - Excavation","5e entre LaSalle et Centrale","Entrepreneur sous contrat avec la Ville de Montréal","Eurovia Québec Construction","t","t","t","t","t","t","t","t","t","t","f","f","f","f",,,,,,,,,,,,,,,"2026-05-02T00:01:45Z",-73.59479106250613,45.43037881122206
"69e7bae4fc718600121a3cff","OCC-2604VN17937138",,"Ville-Marie","Travaux","Permis émis","2025-11-03T19:00:00Z","2026-11-03T18:59:59Z","Autre","Ruelle","Entreprise","Edyfic Construction","t","t","t","t","t","t","t","t","t","t","t","t","t","t",,,,,,,,,,,,,,,"2026-04-23T00:01:54Z",-73.5760097520863,45.50097454211541
"69e7bcce20e2850012c63907","OCC-2604MS17946483",,"Ville-Marie","Travaux","Permis émis","2025-12-19T19:00:00Z","2026-11-27T18:59:59Z","Autre","Ruelle","Entreprise","Edyfic Construction","t","t","t","t","t","t","t","t","t","t","t","t","t","t",,,,,,,,,,,,,,,"2026-04-23T00:01:54Z",-73.57613592054722,45.50125596618247
"6a15b40def86e200124b9529","OCC-2605HK22306138","1802596","Rivière-des-Prairies-Pointe-aux-Trembles","Travaux","Permis émis","2026-07-02T20:00:00Z","2026-12-31T18:59:59Z","Autre","Maurice-Duplessis entre Pierre-Baillargeon et 41e","Entrepreneur sous contrat avec la Ville de Montréal","Énergère Inc.","t","f","t","f","t","f","t","f","t","f","f","f","f","f",,,"07:00","17:00","07:00","17:00","07:00","17:00","07:00","17:00","07:00","17:00",,,"2026-05-28T00:01:58Z",-73.57631725681598,45.64136374867716
"6a15c562ef86e200124b9e2e","OCC-2606SD03258935","1652355","LaSalle","Travaux","Permis émis","2026-07-02T20:00:00Z","2026-12-31T18:59:59Z","Autre","Riverview entre Airlie et Jeannette","Entrepreneur sous contrat avec la Ville de Montréal","Énergère Inc.","t","f","t","f","t","f","t","f","t","f","f","f","f","f",,,"07:00","17:00","07:00","17:00","07:00","17:00","07:00","17:00","07:00","17:00",,,"2026-06-06T00:01:47Z",-73.66054112501871,45.42840426444605
"69fdd41b4737cd0012223e0c","OCC-2605XD22240741",,"Ahuntsic-Cartierville","Travaux","Permis émis","2026-05-25T20:00:00Z","2026-11-18T18:59:59Z","Construction/rénovation avec excavation","Péloquin entre Prieur et Henri-Bourassa","Organisation publique ou son sous-traitant","Les Entreprises Christian Arbour","t","t","t","t","t","t","t","t","t","t","t","t","t","t",,,,,,,,,,,,,,,"2026-05-28T00:01:58Z",-73.6657031684818,45.55874371202301
"69dd3d7c924e8d0012f6167a","OCC-2604NQ18884764","2420779","Lachine","Travaux","Permis émis","2026-04-21T20:00:00Z","2026-11-30T18:59:59Z","Entretien","Ruelle","Entrepreneur sous contrat avec la Ville de Montréal","Les entreprises Roseneige","t","f","t","f","t","f","t","f","t","f","f","f","f","f",,,"07:00","19:00","07:00","19:00","07:00","19:00","07:00","19:00","07:00","19:00",,,"2026-04-24T00:01:54Z",-73.68105393939243,45.43320604991555
"6a0f4e46bb5b970012311a72","OCC-2605WP22065808",,"Saint-Léonard","Travaux","Permis émis","2026-05-25T20:00:00Z","2026-11-01T18:59:59Z","Autre","Ruelle","Organisation publique ou son sous-traitant","Société de transports de Montréal (STM) Prolongement de la ligne bleue","t","t","t","t","t","t","t","t","t","t","t","t","t","t",,,,,,,,,,,,,,,"2026-05-28T00:01:58Z",-73.5891021393598,45.56893377359432
"6a107acbad5e37001259c28c","OCC-2605YE22243699",,"Ville-Marie","Travaux","Permis émis","2026-05-30T20:00:00Z","2026-10-31T19:59:59Z","Autre","Sainte-Catherine entre Robert-Bourassa et McGill College","Entreprise","696 Gestion Bleue inc. A/S SG Provvidenca Inc.","t","t","t","t","t","t","t","t","t","t","t","t","t","t",,,,,,,,,,,,,,,"2026-05-28T00:01:58Z",-73.57015555652465,45.50269057082436
"6a1f212eef86e200124cb131","OCC-2606EI03166319",,"Saint-Léonard","Travaux","Permis émis","2025-06-07T20:00:00Z","2027-02-28T18:59:59Z","Autre","Viau entre Paisley et Jean-Talon","Organisation publique ou son sous-traitant","Société de transports de Montréal (STM) Prolongement de la ligne bleue","t","t","t","t","t","t","t","t","t","t","t","t","t","t",,,,,,,,,,,,,,,"2026-06-06T00:01:47Z",-73.58487098520328,45.57496463124249
"6a1f29efef86e200124cb45f","OCC-2606CK03290483","520501","St-Laurent","Travaux","Permis émis","2026-06-07T20:00:00Z","2026-11-30T18:59:59Z","Autre","Rochon entre Crevier et Grenet","Entrepreneur sous contrat avec la Ville de Montréal","Gerald theoret inc.","t","t","t","t","t","t","t","t","t","t","t","t","t","t",,,,,,,,,,,,,,,"2026-06-06T00:01:47Z",-73.6885402814352,45.51293587069933
"6a54ff6445ae010012f28bb8","OCC-2607VK11684316","2320181","Ville-Marie","Travaux","Permis émis","2026-07-13T20:00:00Z","2026-12-31T18:59:59Z","Égouts et aqueducs - Inspection et nettoyage","Bercy entre Sainte-Catherine et Ontario","Entrepreneur sous contrat avec la Ville de Montréal","Tech Vac Environnement Inc.","t","f","t","f","t","f","t","f","t","f","f","f","f","f",,,"07:00","18:00","07:00","18:00","07:00","18:00","07:00","18:00","07:00","18:00",,,"2026-07-16T00:01:54Z",-73.5475181526598,45.53333639979133
"6a1f79a6f588d70012158c06","OCC-2606IA03219660",,"Saint-Léonard","Travaux","Permis émis","2026-06-03T20:00:00Z","2027-12-01T18:59:59Z","Autre","Lacordaire entre Bourdaloue et Jean-Talon","Organisation publique ou son sous-traitant","Société de transports de Montréal (STM) Prolongement de la ligne bleue","t","t","t","t","t","t","t","t","t","t","t","t","t","t",,,,,,,,,,,,,,,"2026-06-06T00:01:47Z",-73.57979137832601,45.58315679554979
"6a5534c8034844001262e574","OCC-2607KB11696603",,"Villeray-Saint-Michel-Parc-Extension","Travaux","Permis émis","2026-08-02T20:00:00Z","2026-10-02T19:59:59Z","Construction/rénovation sans excavation","Dufour entre Saint-Gérard et De Chateaubriand","Entreprise","Construction J.G Lessard & Fils Inc.","t","f","t","f","t","f","t","f","t","f","f","f","f","f",,,"07:00","15:00","07:00","15:00","07:00","15:00","07:00","15:00","07:00","15:00",,,"2026-07-16T00:01:54Z",-73.61745310732557,45.54131469389426
"6a553e3945ae010012f299f3","OCC-2607SC11862074","1783533","Côte-des-Neiges-Notre-Dame-de-Grâce","Travaux","Permis émis","2026-07-15T20:00:00Z","2026-10-30T19:59:59Z","Construction/rénovation avec excavation","Vézina entre Lemieux et Westbury","Entrepreneur sous contrat avec la Ville de Montréal","Urbex Construction INC","t","t","t","t","t","t","t","t","t","t","t","t","t","t",,,,,,,,,,,,,,,"2026-07-16T00:01:54Z",-73.64559909076294,45.494289123163696
"6a55414345ae010012f29a47","OCC-2607MH11884446","1783533","Côte-des-Neiges-Notre-Dame-de-Grâce","Travaux","Permis émis","2026-07-15T20:00:00Z","2026-10-30T19:59:59Z","Construction/rénovation avec excavation","Westbury entre Barclay et Vézina","Entrepreneur sous contrat avec la Ville de Montréal","Urbex Construction INC","t","t","t","t","t","t","t","t","t","t","t","t","t","t",,,,,,,,,,,,,,,"2026-07-16T00:01:54Z",-73.64527786904742,45.49351934224222
"6a565f9b45ae010012f2b3fc","OCC-2607GO11895879","1783533","Côte-des-Neiges-Notre-Dame-de-Grâce","Travaux","Permis émis","2026-07-16T20:00:00Z","2026-10-30T19:59:59Z","Construction/rénovation avec excavation","Victoria entre Barclay et Bouchette","Entrepreneur sous contrat avec la Ville de Montréal","Urbex Construction INC","t","t","t","t","t","t","t","t","t","t","t","t","t","t",,,,,,,,,,,,,,,"2026-07-16T00:01:54Z",-73.64185267335324,45.49618745409836
"6a5672f645ae010012f2b8a0","OCC-2607LD11888085",,"Le Sud-Ouest","Travaux","Permis émis","2026-07-17T20:00:00Z","2026-10-17T19:59:59Z","Construction/rénovation avec excavation","Église entre Angers et Laurendeau","Organisation publique ou son sous-traitant","Constructions Rocart","t","t","t","t","t","t","t","t","t","t","t","t","t","t",,,,,,,,,,,,,,,"2026-07-16T00:01:54Z",-73.58607164644428,45.46365987942307
"6a564d33034844001262fe4b","OCC-2607PO11872053","317601","Rivière-des-Prairies-Pointe-aux-Trembles","Travaux","Permis émis","2026-07-13T20:00:00Z","2026-10-13T19:59:59Z","Construction/rénovation avec excavation","Notre-Dame entre Saint-Jean-Baptiste et 14e","Entrepreneur sous contrat avec la Ville de Montréal","Duroking Construction","t","t","t","t","t","t","t","t","t","t","t","t","t","t",,,,,,,,,,,,,,,"2026-07-16T00:01:54Z",-73.49018880321432,45.64113272272999
"69eb9433fc718600121abd7a","OCC-2604FE20556021","20033148","Ville-Marie","Travaux","Permis émis","2026-04-26T20:00:00Z","2027-04-26T19:59:59Z","Construction/rénovation sans excavation","McTavish entre Docteur-Penfield et Pins","Entrepreneur sous contrat avec la Ville de Montréal","Coffrage Alliance Ltée","t","f","t","f","t","f","t","f","t","f","f","f","f","f",,,"07:00","17:00","07:00","17:00","07:00","17:00","07:00","17:00","07:00","17:00",,,"2026-04-26T00:01:41Z",-73.57918702966948,45.504361707369895
"69eb9bbf20e2850012c6bb30","OCC-2604WP20514389",,"Ville-Marie","Travaux","Permis émis","2026-04-23T20:00:00Z","2026-12-31T18:59:59Z","Construction/rénovation sans excavation","D'Youville entre Saint-François-Xavier et Saint-Nicolas","Entreprise","Construction Wolfe Inc.","t","t","t","t","t","t","t","t","t","t","t","t","t","t",,,,,,,,,,,,,,,"2026-04-26T00:01:41Z",-73.55509132473517,45.50205552865885
"69ebae3cfc718600121ac2cd","OCC-2604QE20520639",,"Ville-Marie","Travaux","Permis émis","2026-04-23T20:00:00Z","2028-01-11T18:59:59Z","Autre","Saint-Hubert entre De La Gauchetière et René-Lévesque","Ville de Montréal",,"t","t","t","t","t","t","t","t","t","t","t","t","t","t",,,,,,,,,,,,,,,"2026-04-26T00:01:41Z",-73.55640336229597,45.514254433391926
"6a57c237034844001263343b","OCC-2607PV12751737",,"Le Sud-Ouest","Travaux","Permis émis","2026-08-02T20:00:00Z","2026-09-11T19:59:59Z","Construction/rénovation sans excavation","Notre-Dame entre Sainte-Marguerite et Beaudoin","Entreprise","Procam Construction","t","t","t","t","t","t","t","t","t","t","t","t","t","t",,,,,,,,,,,,,,,"2026-07-17T00:01:48Z",-73.58684466614216,45.47501537462413
"6a57c48245ae010012f2e5a1","OCC-2607NR12832576","871652","LaSalle","Travaux","Permis émis","2026-07-14T20:00:00Z","2026-10-09T19:59:59Z","Égouts et aqueducs - Excavation","George entre Champlain et 6e","Entrepreneur sous contrat avec la Ville de Montréal","Eurovia Québec Construction","t","t","t","t","t","t","t","t","t","t","t","t","t","t",,,,,,,,,,,,,,,"2026-07-17T00:01:48Z",-73.60475483882861,45.43157578032787
"69ea6f5820e2850012c6992b","OCC-2604RP20352089","445710","Villeray-Saint-Michel-Parc-Extension","Travaux","Permis émis","2026-04-23T20:00:00Z","2026-10-01T19:59:59Z","Construction/rénovation sans excavation","Saint-Denis entre Jean-Talon et De Castelnau","Entrepreneur sous contrat avec la Ville de Montréal","Les Entreprises Michaudville","t","f","t","f","t","f","t","f","t","f","t","f","t","f","09:00","17:00","07:00","19:00","07:00","19:00","07:00","19:00","07:00","19:00","07:00","19:00","09:00","17:00","2026-04-26T00:01:41Z",-73.61639407121291,45.53895298887494
"6a184dd7f588d7001214df6b","OCC-2605YC23841836",,"Ville-Marie","Travaux","Permis émis","2026-05-27T20:00:00Z","2027-05-28T19:59:59Z","Construction/rénovation sans excavation","Ontario entre Montcalm et Beaudry","Ville de Montréal",,"t","t","t","t","t","t","t","t","t","t","t","t","t","t",,,,,,,,,,,,,,,"2026-05-30T00:01:50Z",-73.56212837790822,45.52135351073922
"6a41935534772f0012a7b3dd","OCC-2607PZ12770187",,"Le Plateau-Mont-Royal","Travaux","Permis émis","2026-08-02T20:00:00Z","2026-10-04T19:59:59Z","Autre","Christophe-Colomb entre Bureau et De Courville","Entreprise","Construction Benoit Tremblay Inc","t","f","t","f","t","f","t","f","t","f","f","f","f","f",,,"07:00","15:00","07:00","15:00","07:00","15:00","07:00","15:00","07:00","15:00",,,"2026-07-17T00:01:48Z",-73.575664567582,45.52646533352576
"6a15d3bcf588d70012148882","OCC-2605ND23974742","1652355","Montréal-Nord","Travaux","Permis émis","2026-07-02T20:00:00Z","2026-12-31T18:59:59Z","Autre","Hôtel-de-Ville entre Hébert et Hébert","Entrepreneur sous contrat avec la Ville de Montréal","Énergère Inc.","t","f","t","f","t","f","t","f","t","f","f","f","f","f",,,"07:00","17:00","07:00","17:00","07:00","17:00","07:00","17:00","07:00","17:00",,,"2026-05-30T00:01:50Z",-73.63811340940914,45.594216770617535
"69e1488d20e2850012c5cdc3","OCC-2604ZW23184325",,"Saint-Léonard","Travaux","Permis émis","2026-04-26T20:00:00Z","2027-05-01T19:59:59Z","Autre","Parc Ladauversière","Organisation publique ou son sous-traitant","Société de transports de Montréal (STM) Prolongement de la ligne bleue","t","t","t","t","t","t","t","t","t","t","t","t","t","t",,,,,,,,,,,,,,,"2026-04-29T00:01:47Z",-73.58190055136089,45.58110919576514
"6a564ea6034844001262fe62","OCC-2607GT12630879","515501","Ville-Marie","Travaux","Permis émis","2026-07-16T20:00:00Z","2026-12-18T18:59:59Z","Égouts et aqueducs - Réhabilitation","Cathédrale entre Notre-Dame et Saint-Jacques","Entrepreneur sous contrat avec la Ville de Montréal","Loiselle inc.","t","t","t","t","t","t","t","t","t","t","t","t","t","t",,,,,,,,,,,,,,,"2026-07-17T00:01:48Z",-73.5633812442053,45.49626027837399
"6a565d5845ae010012f2b216","OCC-2607OJ12530356","2621261","Verdun","Travaux","Permis émis","2026-07-19T20:00:00Z","2026-09-30T19:59:59Z","Égouts et aqueducs - Inspection et nettoyage","1re entre Verdun et Bannantyne","Entrepreneur sous contrat avec la Ville de Montréal","NORDIKEAU INC","t","f","t","f","t","f","t","f","t","f","f","f","f","f",,,"07:00","17:00","07:00","17:00","07:00","17:00","07:00","17:00","07:00","17:00",,,"2026-07-17T00:01:48Z",-73.573127428629,45.45869593070097
"6a22ef56f588d70012160492","OCC-2606WI04045154",,"Le Sud-Ouest","Travaux","Permis émis","2025-11-23T19:00:00Z","2026-12-31T18:59:59Z","Autre","Moulins entre Marc-Cantin et Moulins","Organisation publique ou son sous-traitant","Duroking Construction","t","t","t","t","t","t","t","t","t","t","t","t","t","t",,,,,,,,,,,,,,,"2026-06-07T00:01:50Z",-73.53955336805365,45.4875410419389
"6a0cc34ead5e370012593958","OCC-2605SN24772741","62731","Le Sud-Ouest","Travaux","Permis émis","2026-06-07T20:00:00Z","2026-12-04T18:59:59Z","Égouts et aqueducs - Excavation","Moulins entre Marc-Cantin et Pierre-Dupuy","Entrepreneur sous contrat avec la Ville de Montréal","Duroking Construction","t","t","t","t","t","t","t","t","t","t","t","t","t","t",,,,,,,,,,,,,,,"2026-05-31T00:01:49Z",-73.54126922203191,45.487994124589456
"6a174423f588d7001214c577","OCC-2605YJ24964974","524103","St-Laurent","Travaux","Permis émis","2026-06-02T20:00:00Z","2026-09-16T19:59:59Z","Autre","Henri-Bourassa entre O'Brien et Londres","Entrepreneur sous contrat avec la Ville de Montréal","FER-PAL CONSTRUCTION LTD.","t","t","t","t","t","t","t","t","t","t","t","t","t","t",,,,,,,,,,,,,,,"2026-05-31T00:01:49Z",-73.69910292466612,45.52603211926127
"69f0ce6c20e2850012c70fb3","OCC-2604FK23882839",,"Ville-Marie","Travaux","Permis émis","2026-04-27T20:00:00Z","2026-12-18T18:59:59Z","Construction/rénovation sans excavation","Saint-Mathieu entre René-Lévesque et Baile","Entreprise","Aluvertech","t","t","t","t","t","t","t","t","t","t","t","t","t","t",,,,,,,,,,,,,,,"2026-04-30T00:01:41Z",-73.57693568561166,45.49237925989103
"6929b126df5da80012878385","OCC-2511MS23912281","1257976001","Ville-Marie","Travaux","Permis émis","2025-11-30T19:00:00Z","2026-12-31T18:59:59Z","Construction/rénovation avec excavation","Metcalfe entre René-Lévesque et Sainte-Catherine","Entrepreneur sous contrat avec la Ville de Montréal","Pomerleau Inc.","t","t","t","t","t","t","t","t","t","t","t","t","t","t",,,,,,,,,,,,,,,"2026-05-01T00:01:46Z",-73.57062551036378,45.4998476817774
"6a59361b45ae010012f30ffe","OCC-2607NY14437517","520701","Côte-des-Neiges-Notre-Dame-de-Grâce","Travaux","Permis émis","2026-06-14T20:00:00Z","2026-10-01T19:59:59Z","Égouts et aqueducs - Excavation","Wilson entre Sherbrooke et Côte-Saint-Antoine","Entrepreneur sous contrat avec la Ville de Montréal","Les Entreprises Cogenex Inc","t","t","t","t","t","t","t","t","t","t","t","t","t","t",,,,,,,,,,,,,,,"2026-07-19T00:01:55Z",-73.6164267511882,45.47057830079325
"6a5686ac0348440012631427","OCC-2607LK14538111","1784590","Ville-Marie","Travaux","Permis émis","2026-07-16T20:00:00Z","2026-11-30T18:59:59Z","Égouts et aqueducs - Excavation","McGregor entre Docteur-Penfield et Pins","Entrepreneur sous contrat avec la Ville de Montréal","Les Entreprises Ventec Inc","t","t","t","t","t","t","t","t","t","t","t","t","t","t",,,,,,,,,,,,,,,"2026-07-19T00:01:55Z",-73.58533992547532,45.499006827631504
"69f21c8720e2850012c730bf","OCC-2604DT25760956","2621924","St-Laurent","Travaux","Permis émis","2026-05-03T20:00:00Z","2026-11-15T18:59:59Z","Autre","Henri-Bourassa entre Jasmin et Lafrance","Entrepreneur sous contrat avec la Ville de Montréal","Pépinière Jardin 2000","t","f","t","f","t","f","t","f","t","f","t","f","t","f","08:00","16:00","09:00","15:00","09:00","15:00","09:00","15:00","09:00","15:00","09:00","15:00","08:00","16:00","2026-05-02T00:01:45Z",-73.7193241623097,45.514933034293655
"69f22155fc718600121b34b0","OCC-2604AD25762125","2621294","St-Laurent","Travaux","Permis émis","2026-05-03T20:00:00Z","2026-11-15T18:59:59Z","Autre","Côte-Vertu entre Dutrisac et Basile-Moreau","Entrepreneur sous contrat avec la Ville de Montréal","Pépinière Jardin 2000","t","f","t","f","t","f","t","f","t","f","t","f","t","f","08:00","16:00","09:00","15:00","09:00","15:00","09:00","15:00","09:00","15:00","09:00","15:00","08:00","16:00","2026-05-02T00:01:45Z",-73.67765611227517,45.5179527019584
"69f222a120e2850012c73235","OCC-2604RV25763888","2621294","St-Laurent","Travaux","Permis émis","2026-05-03T20:00:00Z","2026-11-15T18:59:59Z","Autre","Jules-Poitras entre Boa et Deguire","Entrepreneur sous contrat avec la Ville de Montréal","Pépinière Jardin 2000","t","f","t","f","t","f","t","f","t","f","t","f","t","f","08:00","16:00","09:00","15:00","09:00","15:00","09:00","15:00","09:00","15:00","09:00","15:00","08:00","16:00","2026-05-02T00:01:45Z",-73.67849925576859,45.5276382979007
"69f223dafc718600121b352f","OCC-2604IP25766886","2621294","St-Laurent","Travaux","Permis émis","2026-05-03T20:00:00Z","2026-11-15T18:59:59Z","Autre","Marcel-Laurin entre Marcel-Laurin et Poirier","Entrepreneur sous contrat avec la Ville de Montréal","Pépinière Jardin 2000","t","f","t","f","t","f","t","f","t","f","t","f","t","f","08:00","16:00","09:00","15:00","09:00","15:00","09:00","15:00","09:00","15:00","09:00","15:00","08:00","16:00","2026-05-02T00:01:45Z",-73.69806020676461,45.51650576819865
"69f2252820e2850012c732b2","OCC-2604NA25773754","2621294","St-Laurent","Travaux","Permis émis","2026-05-03T20:00:00Z","2026-11-15T18:59:59Z","Autre","Décarie entre Cartier et Collège","Entrepreneur sous contrat avec la Ville de Montréal","Pépinière Jardin 2000","t","f","t","f","t","f","t","f","t","f","t","f","t","f","08:00","16:00","09:00","15:00","09:00","15:00","09:00","15:00","09:00","15:00","09:00","15:00","08:00","16:00","2026-05-02T00:01:45Z",-73.67371590138067,45.508700539004
"69f241cefc718600121b3edb","OCC-2604UN25477805",,"Saint-Léonard","Travaux","Permis émis","2024-10-26T20:00:00Z","2028-01-01T18:59:59Z","Autre","Jean-Talon entre Langelier et Jean-Talon","Organisation publique ou son sous-traitant","Société de transports de Montréal (STM) Prolongement de la ligne bleue","t","t","t","t","t","t","t","t","t","t","t","t","t","t",,,,,,,,,,,,,,,"2026-05-02T00:01:45Z",-73.57345941333227,45.5939907478556
"69f2526ffc718600121b463a","OCC-2604SH25719560",,"Mercier-Hochelaga-Maisonneuve","Travaux","Permis émis","2026-04-29T20:00:00Z","2027-12-31T18:59:59Z","Autre","Ontario entre Dickson et Ontario","Organisation publique ou son sous-traitant","Renouveau Lafontaine","t","t","t","t","t","t","t","t","t","t","t","t","t","t",,,,,,,,,,,,,,,"2026-05-02T00:01:45Z",-73.53025100163023,45.567813644929
"69f253abfc718600121b46a5","OCC-2604BG25720236",,"Mercier-Hochelaga-Maisonneuve","Travaux","Permis émis","2026-04-29T20:00:00Z","2027-12-31T18:59:59Z","Autre","Non-nommée entre Dickson et ","Organisation publique ou son sous-traitant","Renouveau Lafontaine","t","t","t","t","t","t","t","t","t","t","t","t","t","t",,,,,,,,,,,,,,,"2026-05-02T00:01:45Z",-73.53203965794086,45.5682060119636
"69ea71cdfc718600121a9eeb","OCC-2604HZ25743845","1765188","Côte-des-Neiges-Notre-Dame-de-Grâce","Travaux","Permis émis","2026-05-03T20:00:00Z","2027-05-04T19:59:59Z","Autre","Park Row Ouest entre De Maisonneuve et Sherbrooke","Entrepreneur sous contrat avec la Ville de Montréal","Groupe Piché Construction Inc.","t","t","t","t","t","t","t","t","t","t","t","t","t","t",,,,,,,,,,,,,,,"2026-05-02T00:01:45Z",-73.63257218645018,45.46023030435281
"690214ecb8b06700128bfa27","OCC-2510RM25672512",,"Saint-Léonard","Travaux","Permis émis","2025-11-02T19:00:00Z","2028-01-01T18:59:59Z","Autre","Jean-Talon entre Côme et Villanelle","Organisation publique ou son sous-traitant","Société de transports de Montréal (STM) Prolongement de la ligne bleue","t","f","t","f","t","f","t","f","t","f","t","f","t","f","07:00","17:00","07:00","17:00","07:00","17:00","07:00","17:00","07:00","17:00","07:00","17:00","07:00","17:00","2025-11-01T00:01:50Z",-73.57771653329033,45.58858829997779
"6a5e468845ae010012f3443f","OCC-2607RF16993685",,"Ville-Marie","Travaux","Permis émis","2026-06-30T20:00:00Z","2027-06-30T19:59:59Z","Autre","Saint-Antoine entre Clark et Saint-Urbain","Organisation publique ou son sous-traitant","SOCIÉTÉ DU PALAIS DES CONGRÈS DE MONTRÉAL","t","t","t","t","t","t","t","t","t","t","t","t","t","t",,,,,,,,,,,,,,,"2026-07-22T00:01:48Z",-73.5580794703684,45.50609868722829
"69f3affefc718600121b766e","OCC-2605AT00613414",,"Ville-Marie","Travaux","Permis émis","2026-05-10T20:00:00Z","2026-10-22T19:59:59Z","Autre","Saint-Christophe entre René-Lévesque et Sainte-Catherine","Organisation publique ou son sous-traitant","Société de développement commercial Village Montréal","t","t","t","t","t","t","t","t","t","t","t","t","t","t",,,,,,,,,,,,,,,"2026-05-03T00:02:02Z",-73.55804624632938,45.51570255206081
"6a5fa3e8034844001263b48b","OCC-2607AJ17970618",,"Ville-Marie","Travaux","Permis émis","2026-07-17T20:00:00Z","2026-09-30T19:59:59Z","Autre","Sainte-Catherine entre Saint-Marc et Towers","Entreprise","9035 3186 QUÉBEC INC.","t","t","t","t","t","t","t","t","t","t","t","t","t","t",,,,,,,,,,,,,,,"2026-07-24T00:01:48Z",-73.58079512111259,45.492635515329454
"6a5fc56a034844001263ba88","OCC-2607MZ18535575",,"Ville-Marie","Travaux","Permis émis","2026-07-21T20:00:00Z","2026-09-30T19:59:59Z","Construction/rénovation sans excavation","De La Gauchetière entre Saint-Laurent et Saint-Dominique","Entreprise","9437-1606 Québec inc.","t","t","t","t","t","t","t","t","t","t","t","t","t","t",,,,,,,,,,,,,,,"2026-07-24T00:01:48Z",-73.5598360067601,45.50833156588693
"6a26ca26ef86e200124d72ca","OCC-2606FW06703917",,"Le Plateau-Mont-Royal","Travaux","Permis émis","2026-06-07T20:00:00Z","2027-06-01T19:59:59Z","Construction/rénovation sans excavation","Ruelle","Organisation publique ou son sous-traitant","Tisseur Inc.","t","t","t","t","t","t","t","t","t","t","t","t","t","t",,,,,,,,,,,,,,,"2026-06-10T00:01:42Z",-73.57288905772835,45.50694135416299
"6a26d51cf588d7001216384a","OCC-2606ZO06700598",,"Le Plateau-Mont-Royal","Travaux","Permis émis","2026-06-08T20:00:00Z","2027-06-01T19:59:59Z","Construction/rénovation sans excavation","Durocher entre Sherbrooke et Milton","Organisation publique ou son sous-traitant","Tisseur Inc.","t","t","t","t","t","t","t","t","t","t","t","t","t","t",,,,,,,,,,,,,,,"2026-06-10T00:01:42Z",-73.57277205691518,45.507256179570845
"6a562fb1034844001262f607","OCC-2607TK19674813",,"Le Sud-Ouest","Travaux","Permis émis","2026-08-02T20:00:00Z","2026-10-03T19:59:59Z","Construction/rénovation avec excavation","Bridge entre Bridge et Mill","Organisation publique ou son sous-traitant","Hydro-Québec","t","t","t","t","t","t","t","t","t","t","t","t","t","t",,,,,,,,,,,,,,,"2026-07-25T00:01:53Z",-73.54928796919258,45.48678362663386
"6a5f79f445ae010012f356a6","OCC-2607RQ19539754","1790761","Rosemont-La Petite-Patrie","Travaux","Permis émis","2026-07-26T20:00:00Z","2026-09-15T19:59:59Z","Construction/rénovation avec excavation","Boyer entre Bellechasse et Beaubien","Entrepreneur sous contrat avec la Ville de Montréal","Groupe Damex inc","t","t","t","t","t","t","t","t","t","t","t","t","t","t",,,,,,,,,,,,,,,"2026-07-25T00:01:53Z",-73.59990364945385,45.53603169565237
"6a5f7ace45ae010012f356f2","OCC-2607MX19539103","1790761","Rosemont-La Petite-Patrie","Travaux","Permis émis","2026-07-26T20:00:00Z","2026-09-15T19:59:59Z","Construction/rénovation avec excavation","Chabot entre Dandurand et Carrières","Entrepreneur sous contrat avec la Ville de Montréal","Groupe Damex inc","t","t","t","t","t","t","t","t","t","t","t","t","t","t",,,,,,,,,,,,,,,"2026-07-25T00:01:53Z",-73.58569635514884,45.53979371999761
"6a5f7b7d45ae010012f35704","OCC-2607RH19540505","1790761","Rosemont-La Petite-Patrie","Travaux","Permis émis","2026-07-26T20:00:00Z","2026-09-15T19:59:59Z","Construction/rénovation avec excavation","6e entre Gilford et Saint-Joseph","Entrepreneur sous contrat avec la Ville de Montréal","Groupe Damex inc","t","t","t","t","t","t","t","t","t","t","t","t","t","t",,,,,,,,,,,,,,,"2026-07-25T00:01:53Z",-73.56881152179605,45.54622313520024
"6a5f7c3845ae010012f35713","OCC-2607NG19537989","1790761","Rosemont-La Petite-Patrie","Travaux","Permis émis","2026-07-26T20:00:00Z","2026-09-15T19:59:59Z","Construction/rénovation avec excavation","25e entre Bellechasse et Beaubien","Entrepreneur sous contrat avec la Ville de Montréal","Groupe Damex inc","t","t","t","t","t","t","t","t","t","t","t","t","t","t",,,,,,,,,,,,,,,"2026-07-25T00:01:53Z",-73.5750538993709,45.563350118255705
"6a5f7d3245ae010012f35748","OCC-2607LC19537096","1790761","Rosemont-La Petite-Patrie","Travaux","Permis émis","2026-07-26T20:00:00Z","2026-09-15T19:59:59Z","Construction/rénovation avec excavation","Cuvillier entre Sherbrooke et Rachel","Entrepreneur sous contrat avec la Ville de Montréal","Groupe Damex inc","t","t","t","t","t","t","t","t","t","t","t","t","t","t",,,,,,,,,,,,,,,"2026-07-25T00:01:53Z",-73.55886384718131,45.54750936460327
"6a5a2b9d03484400126372bc","OCC-2607AC20383095",,"Côte-des-Neiges-Notre-Dame-de-Grâce","Travaux","Permis émis","2026-08-02T20:00:00Z","2026-12-18T18:59:59Z","Construction/rénovation sans excavation","Ruelle","Entreprise","CLOBRACON CONSTRUCTION INC.","t","t","t","t","t","t","t","t","t","t","t","t","t","t",,,,,,,,,,,,,,,"2026-07-26T00:01:47Z",-73.65109969575862,45.497996155522095
"6a5a2df50348440012637383","OCC-2607MI20409595","524202","Côte-des-Neiges-Notre-Dame-de-Grâce","Travaux","Permis émis","2026-08-09T20:00:00Z","2026-09-11T19:59:59Z","Autre","Madison entre Somerled et Biermans","Entrepreneur sous contrat avec la Ville de Montréal","Les Pavages Céka","t","f","t","f","t","f","t","f","t","f","t","f","f","f","10:00","18:00","07:00","19:00","07:00","19:00","07:00","19:00","07:00","19:00","07:00","19:00",,,"2026-07-26T00:01:47Z",-73.63662593655256,45.470885600218
"6a5a309545ae010012f31922","OCC-2607JB20388239",,"Côte-des-Neiges-Notre-Dame-de-Grâce","Travaux","Permis émis","2026-08-02T20:00:00Z","2026-12-18T18:59:59Z","Construction/rénovation sans excavation","Ruelle","Entreprise","CLOBRACON CONSTRUCTION INC.","t","f","t","f","t","f","t","f","t","f","f","f","f","f",,,"06:00","17:00","06:00","17:00","06:00","17:00","06:00","17:00","06:00","17:00",,,"2026-07-26T00:01:47Z",-73.65132661484184,45.4979527260064
"6a637bb8cec631001263836c","OCC-2607CR20418123","26001","Verdun","Travaux","Permis émis","2026-07-26T20:00:00Z","2026-11-16T18:59:59Z","Autre","Beatty entre Verdun et Bannantyne","Entrepreneur sous contrat avec la Ville de Montréal","FER-PAL CONSTRUCTION LTD.","t","t","t","t","t","t","t","t","t","t","t","t","t","t",,,,,,,,,,,,,,,"2026-07-26T00:01:47Z",-73.57648079973099,45.45095254442345
"6a638451cec63100126385c8","OCC-2607JT20557905","515501","Ville-Marie","Travaux","Permis émis","2026-07-26T20:00:00Z","2026-11-22T18:59:59Z","Égouts et aqueducs - Réhabilitation","Robert-Bourassa entre Notre-Dame et Saint-Antoine","Entrepreneur sous contrat avec la Ville de Montréal","Loiselle inc.","t","t","t","t","t","t","t","t","t","t","t","t","t","t",,,,,,,,,,,,,,,"2026-07-26T00:01:47Z",-73.56270338672456,45.49895908244652
"6a15da08ef86e200124ba4b9","OCC-2606AN07614955","1652355","Verdun","Travaux","Permis émis","2026-07-02T20:00:00Z","2026-12-31T18:59:59Z","Autre","1re entre Verdun et Bannantyne","Entrepreneur sous contrat avec la Ville de Montréal","Énergère Inc.","t","f","t","f","t","f","t","f","t","f","f","f","f","f",,,"07:00","17:00","07:00","17:00","07:00","17:00","07:00","17:00","07:00","17:00",,,"2026-06-11T00:01:53Z",-73.57333387429027,45.45871813654233
"6972593e8279290012343276","OCC-2601EV18824124","6000030205","Ville-Marie","Travaux","Permis émis","2026-01-22T19:00:00Z","2026-12-31T18:59:59Z","Autre","Ontario entre Savoie et Berri","Entrepreneur sous contrat avec la Ville de Montréal","Pomerleau Inc.","t","t","t","t","t","t","t","t","t","t","t","t","t","t",,,,,,,,,,,,,,,"2026-01-24T00:01:46Z",-73.56506399706261,45.51670743101827
"696f8ec77cd3be00129b3b75","OCC-2601OD19555664",,"Ville-Marie","Travaux","Permis émis","2026-01-25T19:00:00Z","2028-01-11T18:59:59Z","Autre","Atateken entre Amherst et Amherst","Ville de Montréal",,"t","t","t","t","t","t","t","t","t","t","t","t","t","t",,,,,,,,,,,,,,,"2026-01-25T00:01:37Z",-73.55728410280949,45.5176392452823
"696f9f9b8279290012340245","OCC-2601AW19607733",,"Ville-Marie","Travaux","Permis émis","2026-01-25T19:00:00Z","2028-01-11T18:59:59Z","Autre","Atateken entre Amherst et Robin","Ville de Montréal",,"t","t","t","t","t","t","t","t","t","t","t","t","t","t",,,,,,,,,,,,,,,"2026-01-25T00:01:37Z",-73.558973981472,45.5184167410193
"6a3abe05816ebc0012d2f92a","OCC-2606LZ22033567","2026004","Ahuntsic-Cartierville","Travaux","Permis émis","2026-06-25T20:00:00Z","2026-09-25T19:59:59Z","Trottoirs - Construction","Saint-Urbain entre Sauvé et Prieur","Entrepreneur sous contrat avec la Ville de Montréal","Demix construction","t","t","t","t","t","t","t","t","t","t","t","t","t","t",,,,,,,,,,,,,,,"2026-07-29T00:01:38Z",-73.66554441200022,45.546978570587335
"6a6763a403484400126404ba","OCC-2607NK22968149",,"Rosemont-La Petite-Patrie","Travaux","Permis émis","2026-07-27T20:00:00Z","2026-10-12T19:59:59Z","Autre","Beaubien entre De Saint-Vallier et De Chateaubriand","Organisation publique ou son sous-traitant","Société de Transport de Montréal","t","t","t","t","t","t","t","t","t","t","t","t","t","t",,,,,,,,,,,,,,,"2026-07-29T00:01:38Z",-73.60384274306844,45.53519138989224
"6a1ef2c5ef86e200124c9ea3","OCC-2606OV08410905",,"Ahuntsic-Cartierville","Travaux","Permis émis","2026-06-10T20:00:00Z","2026-11-15T18:59:59Z","Réseaux routier - Réfection et travaux corrélatifs","Sauvé entre Sauvé et Côte-Vertu","Organisation publique ou son sous-traitant","Eurovia Québec Construction","t","t","t","t","t","t","t","t","t","t","t","t","t","t",,,,,,,,,,,,,,,"2026-06-12T00:01:42Z",-73.6662711168187,45.532388753276
"6a1ef6adf588d70012157206","OCC-2606PW08267462","432210","St-Laurent","Travaux","Permis émis","2026-06-14T20:00:00Z","2026-10-02T19:59:59Z","Égouts et aqueducs - Excavation","Beaudet entre Lindsay et Marcel-Laurin","Entrepreneur sous contrat avec la Ville de Montréal","Les Pavages D'Amour inc.","t","t","t","t","t","t","t","t","t","t","t","t","t","t",,,,,,,,,,,,,,,"2026-06-12T00:01:42Z",-73.68169112644375,45.50679244070267
"6a2088ccf588d7001215b5d8","OCC-2606FT04010939","2026001","Ahuntsic-Cartierville","Travaux","Permis émis","2026-06-07T20:00:00Z","2026-11-27T18:59:59Z","Égouts et aqueducs - Excavation","J.-J.-Gagnier entre Prieur et Henri-Bourassa","Entrepreneur sous contrat avec la Ville de Montréal","Les Entreprises Michaudville","t","t","t","t","t","t","t","t","t","t","t","t","t","t",,,,,,,,,,,,,,,"2026-07-30T00:02:04Z",-73.64876603716276,45.58064765705213
"697b70fa7e9f5a0012d67470","OCC-2601OW24720544",,"Villeray-Saint-Michel-Parc-Extension","Travaux","Permis émis","2026-08-01T20:00:00Z","2027-02-07T18:59:59Z","Autre","Léonard-De Vinci entre Jean-Talon et Everett","Organisation publique ou son sous-traitant","Société de transports de Montréal (STM) Prolongement de la ligne bleue","t","t","t","t","t","t","t","t","t","t","t","t","t","t",,,,,,,,,,,,,,,"2026-01-31T00:02:08Z",-73.59602577143121,45.56427405723208
"6a6b9e5acec631001263de9e","OCC-2607JF25781670",,"St-Laurent","Travaux","Permis émis","2026-07-29T20:00:00Z","2026-09-11T19:59:59Z","Construction/rénovation avec excavation","Grenet entre Poirier et Cambridge","Entreprise","Construction N.R.C. Inc","t","t","t","t","t","t","t","t","t","t","t","t","t","t",,,,,,,,,,,,,,,"2026-08-01T00:02:07Z",-73.69890758818646,45.51868444771704
"6a29eb29f588d7001216ad31","OCC-2606EU10171169",,"St-Laurent","Travaux","Permis émis","2026-06-11T20:00:00Z","2026-11-30T18:59:59Z","Construction/rénovation sans excavation","Lebeau entre Deslauriers et Lebeau","Organisation publique ou son sous-traitant","Eurovia Québec Grands Projets","t","t","t","t","t","t","t","t","t","t","t","t","t","t",,,,,,,,,,,,,,,"2026-06-16T00:01:54Z",-73.66526427111081,45.527812016844166
"6a6a0d000348440012643132","OCC-2607FB25728183","1783533","Côte-des-Neiges-Notre-Dame-de-Grâce","Travaux","Permis émis","2026-08-04T20:00:00Z","2026-10-30T19:59:59Z","Construction/rénovation avec excavation","Marcil entre Sherbrooke et Côte-Saint-Antoine","Entrepreneur sous contrat avec la Ville de Montréal","Urbex Construction INC","t","t","t","t","t","t","t","t","t","t","t","t","t","t",,,,,,,,,,,,,,,"2026-08-01T00:02:07Z",-73.61486736852798,45.47215628159231
"6a300f1a34772f0012a60238","OCC-2606MS12630487",,"Mercier-Hochelaga-Maisonneuve","Travaux","Permis émis","2026-06-14T20:00:00Z","2026-11-02T18:59:59Z","Entretien","Aldis-Bernard entre Fafard et Letourneux","Ville de Montréal",,"t","t","t","t","t","t","t","t","t","t","t","t","t","t",,,,,,,,,,,,,,,"2026-06-17T00:01:39Z",-73.53262582479127,45.5501521687309
"6a608ba7034844001263bd33","OCC-2607TZ26410466","26001","Ville-Marie","Travaux","Permis émis","2026-08-02T20:00:00Z","2026-12-18T18:59:59Z","Construction/rénovation avec excavation","Magnan entre Fullum et Dufresne","Entrepreneur sous contrat avec la Ville de Montréal","Demix construction","t","t","t","t","t","t","t","t","t","t","t","t","t","t",,,,,,,,,,,,,,,"2026-08-02T00:01:41Z",-73.55247929713151,45.53036696425147
"6a22eae9ef86e200124d45fd","OCC-2607HN26441039","524104","Rosemont-La Petite-Patrie","Travaux","Permis émis","2026-08-03T20:00:00Z","2026-10-09T19:59:59Z","Autre","29e entre Rosemont et Beaubien","Entrepreneur sous contrat avec la Ville de Montréal","FER-PAL CONSTRUCTION LTD.","t","t","t","t","t","t","t","t","t","t","t","t","t","t",,,,,,,,,,,,,,,"2026-08-02T00:01:41Z",-73.57171085935639,45.565233969453104
"6a68b112cec631001263a885","OCC-2607ZG26428333","508201","Rosemont-La Petite-Patrie","Travaux","Permis émis","2026-08-02T20:00:00Z","2026-11-01T18:59:59Z","Réseaux routier - Réfection et travaux corrélatifs","Papineau entre Papineau et Papineau","Entrepreneur sous contrat avec la Ville de Montréal","Loiselle inc.","t","t","t","t","t","t","t","t","t","t","t","t","t","t",,,,,,,,,,,,,,,"2026-08-02T00:01:41Z",-73.5884772865072,45.5393605568454
"6a68b23b0348440012641c49","OCC-2607AM26605347","508201","Le Plateau-Mont-Royal","Travaux","Permis émis","2026-08-02T20:00:00Z","2026-11-01T18:59:59Z","Réseaux routier - Réfection et travaux corrélatifs","Papineau entre Saint-Grégoire et Papineau","Entrepreneur sous contrat avec la Ville de Montréal","Loiselle inc.","t","t","t","t","t","t","t","t","t","t","t","t","t","t",,,,,,,,,,,,,,,"2026-08-02T00:01:41Z",-73.58580809002396,45.53810726478551
"6a6b924ccec631001263dc19","OCC-2607BF26343970",,"Rosemont-La Petite-Patrie","Travaux","Permis émis","2026-08-02T20:00:00Z","2026-12-18T18:59:59Z","Autre","6e entre Rosemont et Bellechasse","CSEM (Commission des services électriques de Montréal) ou son sous-traitant
","Environnement Routier NRJ Inc.","t","t","t","t","t","t","t","t","t","t","t","t","t","t",,,,,,,,,,,,,,,"2026-08-02T00:01:41Z",-73.58310921253056,45.550533534671786
"6a6ba9dc0348440012644edb","OCC-2607BV26564674","441930","Le Sud-Ouest","Travaux","Permis émis","2026-08-02T20:00:00Z","2026-09-30T19:59:59Z","Égouts et aqueducs - Excavation","Notre-Dame entre Montagne et Aqueduc","Entrepreneur sous contrat avec la Ville de Montréal","Excavations Darche inc.","t","t","t","t","t","t","t","t","t","t","t","t","t","t",,,,,,,,,,,,,,,"2026-08-02T00:01:41Z",-73.5652484973796,45.49224029754016
"6a7092958d981b0012f3df32","OCC-2608UD02213760",,"Ahuntsic-Cartierville","Travaux","Permis émis","2026-08-02T20:00:00Z","2026-12-18T18:59:59Z","Construction/rénovation sans excavation","Parthenais entre Sauriol et Parthenais","Entreprise","Groupe Geyser inc.","t","t","t","t","t","t","t","t","t","t","t","t","t","t",,,,,,,,,,,,,,,"2026-08-05T00:01:56Z",-73.6486498875728,45.57199753139146
"6a70caf28d981b0012f3f16c","OCC-2608EH02381564","2026020","Mercier-Hochelaga-Maisonneuve","Travaux","Permis émis","2026-08-09T20:00:00Z","2026-09-10T19:59:59Z","Autre","Ontario entre Lebrun et Ontario","Entrepreneur sous contrat avec la Ville de Montréal","Demix construction","t","t","t","t","t","t","t","t","t","t","t","t","t","t",,,,,,,,,,,,,,,"2026-08-05T00:01:56Z",-73.5132130847521,45.59733264235437
"6a70babb8d981b0012f3edaf","OCC-2608LZ02405853","524104","Rosemont-La Petite-Patrie","Travaux","Permis émis","2026-08-03T20:00:00Z","2026-10-09T19:59:59Z","Autre","Alma entre Saint-Zotique et Dante","Entrepreneur sous contrat avec la Ville de Montréal","FER-PAL CONSTRUCTION LTD.","t","t","t","t","t","t","t","t","t","t","t","t","t","t",,,,,,,,,,,,,,,"2026-08-05T00:01:56Z",-73.6103630346375,45.53417183547726
"6a63913fcec63100126387a8","OCC-2608GP02372420","524102","Mercier-Hochelaga-Maisonneuve","Travaux","Permis émis","2026-08-09T20:00:00Z","2026-11-13T18:59:59Z","Égouts et aqueducs - Excavation","Henri-Miro entre Repentigny et Langelier","Entrepreneur sous contrat avec la Ville de Montréal","Services d'infrastructures Vortex","t","t","t","t","t","t","t","t","t","t","t","t","t","t",,,,,,,,,,,,,,,"2026-08-05T00:01:56Z",-73.55748248512276,45.58556622470374
"6a6a0e5acec631001263c0df","OCC-2608YK02322597","1783533","Côte-des-Neiges-Notre-Dame-de-Grâce","Travaux","Permis émis","2026-08-04T20:00:00Z","2026-10-30T19:59:59Z","Construction/rénovation avec excavation","Girouard entre Sherbrooke et Côte-Saint-Antoine","Entrepreneur sous contrat avec la Ville de Montréal","Urbex Construction INC","t","t","t","t","t","t","t","t","t","t","t","t","t","t",,,,,,,,,,,,,,,"2026-08-05T00:01:56Z",-73.6147583331259,45.473703219981886
"6a6b697c0348440012644542","OCC-2608AB02292286",,"Ville-Marie","Travaux","Permis émis","2026-09-09T20:00:00Z","2026-09-10T19:59:59Z","Autre","Saint-Laurent entre Juliette-Béliveau et Marché","Entreprise","Académie canadienne du cinéma et de la télévision - Section Québec","t","f","t","f","t","f","t","f","t","f","f","f","f","f",,,"07:00","12:00","07:00","12:00","07:00","12:00","07:00","12:00","07:00","12:00",,,"2026-08-05T00:01:56Z",-73.56233552148673,45.50912528078104
"6a6b728503484400126446d2","OCC-2608TE02156210",,"Verdun","Travaux","Permis émis","2026-09-08T20:00:00Z","2026-09-10T19:59:59Z","Déménagement","Rolland entre Monteith et Beurling","Entreprise","MARTEL EXPRESS MONTREAL INC","t","f","t","f","t","f","t","f","t","f","f","f","f","f",,,"07:00","19:00","07:00","19:00","07:00","19:00","07:00","19:00","07:00","19:00",,,"2026-08-05T00:01:56Z",-73.58238760986785,45.44578127099225
"6a6bab1dcec631001263e015","OCC-2608QP02200410","1783533","Côte-des-Neiges-Notre-Dame-de-Grâce","Travaux","Permis émis","2026-08-04T20:00:00Z","2026-11-27T18:59:59Z","Construction/rénovation avec excavation","Appleton entre Decelles et Côte-des-Neiges","Entrepreneur sous contrat avec la Ville de Montréal","Urbex Construction INC","t","t","t","t","t","t","t","t","t","t","t","t","t","t",,,,,,,,,,,,,,,"2026-08-05T00:01:56Z",-73.63436264515008,45.50269065221794
"6a6ca2388d88dc00127a5a76","OCC-2608CW02199642","1783533","Côte-des-Neiges-Notre-Dame-de-Grâce","Travaux","Permis émis","2026-08-04T20:00:00Z","2026-11-27T18:59:59Z","Construction/rénovation avec excavation","Appleton entre Hudson et Decelles","Entrepreneur sous contrat avec la Ville de Montréal","Urbex Construction INC","t","t","t","t","t","t","t","t","t","t","t","t","t","t",,,,,,,,,,,,,,,"2026-08-05T00:01:56Z",-73.63268402719802,45.5046161778446
"6a6ca65e8d981b0012f3c89f","OCC-2608VE02198391","1783533","Côte-des-Neiges-Notre-Dame-de-Grâce","Travaux","Permis émis","2026-08-04T20:00:00Z","2026-11-27T18:59:59Z","Construction/rénovation avec excavation","Hudson entre Kent et Appleton","Entrepreneur sous contrat avec la Ville de Montréal","Urbex Construction INC","t","t","t","t","t","t","t","t","t","t","t","t","t","t",,,,,,,,,,,,,,,"2026-08-05T00:01:56Z",-73.62983968646428,45.5061308342916
"6a32bbfb816ebc0012d232ad","OCC-2606KG15375689","1727758","Villeray-Saint-Michel-Parc-Extension","Travaux","Permis émis","2026-06-21T20:00:00Z","2026-12-01T18:59:59Z","Autre","François-Perrault entre Shaughnessy et François-Perrault","Entrepreneur sous contrat avec la Ville de Montréal","Arboriculture de beauce","t","f","t","f","t","f","t","f","t","f","f","f","f","f",,,"07:00","17:00","07:00","17:00","07:00","17:00","07:00","17:00","07:00","17:00",,,"2026-06-20T00:01:57Z",-73.59985535891704,45.56134090846241
"6a7203208d88dc00127ab42f","OCC-2608BO03163537","1783533","Côte-des-Neiges-Notre-Dame-de-Grâce","Travaux","Permis émis","2026-08-09T20:00:00Z","2026-11-27T18:59:59Z","Construction/rénovation avec excavation","Fielding entre Coronation et Saint-Ignatius","Entrepreneur sous contrat avec la Ville de Montréal","Urbex Construction INC","t","t","t","t","t","t","t","t","t","t","t","t","t","t",,,,,,,,,,,,,,,"2026-08-06T00:01:59Z",-73.64699808703162,45.46246980381674
"6a331ffd816ebc0012d249be","OCC-2606JW15237534","2026004","Ahuntsic-Cartierville","Travaux","Permis émis","2026-06-21T20:00:00Z","2026-09-25T19:59:59Z","Égouts et aqueducs - Excavation","Joseph-Casavant entre Dudemaine et Louisbourg","Entrepreneur sous contrat avec la Ville de Montréal","Demix construction","t","t","t","t","t","t","t","t","t","t","t","t","t","t",,,,,,,,,,,,,,,"2026-06-20T00:01:57Z",-73.6949471014839,45.53500493388144
"6a720fb68d981b0012f418d6","OCC-2608XI03194810",,"Ville-Marie","Travaux","Permis émis","2026-07-17T20:00:00Z","2026-10-09T19:59:59Z","Construction/rénovation sans excavation","René-Lévesque entre Saint-Urbain et Jeanne-Mance","Entreprise","Le Groupe Decarel inc.","t","t","t","t","t","t","t","t","t","t","t","t","t","t",,,,,,,,,,,,,,,"2026-08-06T00:01:59Z",-73.56323826212298,45.50725060060985
"6a721c5a8d88dc00127aba61","OCC-2608UP03210073","1783533","Côte-des-Neiges-Notre-Dame-de-Grâce","Travaux","Permis émis","2026-08-09T20:00:00Z","2026-11-27T18:59:59Z","Construction/rénovation avec excavation","Fielding entre Saint-Ignatius et Doherty","Entrepreneur sous contrat avec la Ville de Montréal","Urbex Construction INC","t","t","t","t","t","t","t","t","t","t","t","t","t","t",,,,,,,,,,,,,,,"2026-08-06T00:01:59Z",-73.64782009523329,45.46141315160457
"6a1d7d8df588d70012153581","OCC-2606QW00469860",,"Ville-Marie","Travaux","Permis émis","2026-05-31T20:00:00Z","2026-12-01T18:59:59Z","Construction/rénovation sans excavation","Drummond entre Drummond et Sherbrooke","Entreprise","LES IMMEUBLES YALE LIMITEE","t","t","t","t","t","t","t","t","t","t","t","t","t","t",,,,,,,,,,,,,,,"2026-06-20T00:01:57Z",-73.57757943390013,45.50032118035541
"6a7226398d88dc00127abde8","OCC-2608RJ03237440",,"Ahuntsic-Cartierville","Travaux","Permis émis","2026-07-19T20:00:00Z","2026-09-30T19:59:59Z","Construction/rénovation sans excavation","Port-Royal entre Saint-Charles et De La Roche","Entreprise","Racine construction inc.","t","t","t","t","t","t","t","t","t","t","t","t","t","t",,,,,,,,,,,,,,,"2026-08-06T00:01:59Z",-73.65100242459744,45.556282600039374
"6a2b07bbef86e200124e0dcd","OCC-2606IH15312731",,"Outremont","Travaux","Permis émis","2026-09-10T20:00:00Z","2026-09-11T19:59:59Z","Entretien","Bates entre Glendale et Bates","Entreprise","Lavage de vitres Future inc.","t","f","t","f","t","f","t","f","t","f","f","f","f","f",,,"07:30","18:30","07:30","18:30","07:30","18:30","07:30","18:30","07:30","18:30",,,"2026-06-20T00:01:57Z",-73.62617587938132,45.51721524761722
"6a30827134772f0012a62417","OCC-2606QC16318076","524101","Côte-des-Neiges-Notre-Dame-de-Grâce","Travaux","Permis émis","2026-06-24T20:00:00Z","2026-09-22T19:59:59Z","Égouts et aqueducs - Excavation","Isabella entre Victoria et Westbury","Entrepreneur sous contrat avec la Ville de Montréal","Foraction","t","t","t","t","t","t","t","t","t","t","t","t","t","t",,,,,,,,,,,,,,,"2026-06-21T00:01:41Z",-73.62889908488906,45.48942995586561
"6a7238078d981b0012f422b5","OCC-2608MN03908635",,"Ville-Marie","Travaux","Permis émis","2026-08-09T20:00:00Z","2026-10-02T19:59:59Z","Construction/rénovation sans excavation","Hôtel-de-Ville entre Ontario et Saint-Norbert","Entreprise","Groupe ECG (9164 4971 QUEBEC INC.)","t","t","t","t","t","t","t","t","t","t","t","t","t","t",,,,,,,,,,,,,,,"2026-08-07T00:01:42Z",-73.56637991919837,45.51354945930774
"6a39540c34772f0012a6f1f5","OCC-2606ED18726585","2026001","Ahuntsic-Cartierville","Travaux","Permis émis","2026-06-28T20:00:00Z","2026-11-27T18:59:59Z","Égouts et aqueducs - Excavation","Larose entre Prieur et Henri-Bourassa","Entrepreneur sous contrat avec la Ville de Montréal","Les Entreprises Michaudville","t","t","t","t","t","t","t","t","t","t","t","t","t","t",,,,,,,,,,,,,,,"2026-06-24T00:01:47Z",-73.64961635228735,45.58012544008828
"6a58d08045ae010012f2f451","OCC-2607HZ14353074",,"Côte-des-Neiges-Notre-Dame-de-Grâce","Travaux","Permis émis","2026-08-12T20:00:00Z","2026-09-16T19:59:59Z","S-2 Infrastructure souterraine mineure ou équipement hors-sol - Réseaux électriques, télécommunications ou câbles des distributions ","Courtrai entre Victoria et Westbury","CSEM (Commission des services électriques de Montréal) ou son sous-traitant
","G-TEK INC.","t","t","t","t","t","t","t","t","t","t","t","t","t","t",,,,,,,,,,,,,,,"2026-07-19T00:01:55Z",-73.64703123589697,45.49581804966791
"6a0ccb60ad5e370012593a9a","OCC-2606EJ00453924","62731","Verdun","Travaux","Permis émis","2026-06-07T20:00:00Z","2026-12-04T18:59:59Z","Autre","Ruelle","Entrepreneur sous contrat avec la Ville de Montréal","Duroking Construction","t","t","t","t","t","t","t","t","t","t","t","t","t","t",,,,,,,,,,,,,,,"2026-06-03T00:01:47Z",-73.54655377749489,45.4683303209838
"69f0cd1120e2850012c70f44","OCC-2604PB25678278","2621299","Ahuntsic-Cartierville","Travaux","Permis émis","2026-04-29T20:00:00Z","2026-10-31T19:59:59Z","Autre","Ruelle","Entrepreneur sous contrat avec la Ville de Montréal","7574479 CANADA INC.","t","t","t","t","t","t","t","t","t","t","t","t","t","t",,,,,,,,,,,,,,,"2026-05-02T00:01:45Z",-73.65519268629006,45.53790170580502
"6a5e756345ae010012f34ccc","OCC-2607OK17123283",,"Côte-des-Neiges-Notre-Dame-de-Grâce","Travaux","Permis émis","2026-07-21T20:00:00Z","2026-10-30T19:59:59Z","S-3 Infrastructure souterraine majeure - Puits d'accès","Cavendish entre Prince-of-Wales et Monkland","CSEM (Commission des services électriques de Montréal) ou son sous-traitant
","CMS Entrepreneurs Généraux Inc.","t","t","t","t","t","t","t","t","t","t","t","t","t","t",,,,,,,,,,,,,,,"2026-07-22T00:01:48Z",-73.63028924962151,45.46438819436055
"69f2266620e2850012c732f6","OCC-2605DH00696123","2621294","St-Laurent","Travaux","Permis émis","2026-05-03T20:00:00Z","2026-11-15T18:59:59Z","Autre","Alexis-Nihon entre Decelles et Côte-Vertu","Entrepreneur sous contrat avec la Ville de Montréal","Pépinière Jardin 2000","t","f","t","f","t","f","t","f","t","f","t","f","t","f","09:00","16:00","07:00","17:00","07:00","17:00","07:00","17:00","07:00","17:00","07:00","17:00","09:00","16:00","2026-05-03T00:02:02Z",-73.69188648508572,45.50584523246243
"6a560adb45ae010012f29f3b","OCC-2607FR16878426","2621261","Saint-Léonard","Travaux","Permis émis","2026-07-19T20:00:00Z","2026-09-30T19:59:59Z","Égouts et aqueducs - Inspection et nettoyage","Croix entre Jarry et Artisans","Entrepreneur sous contrat avec la Ville de Montréal","NORDIKEAU INC","t","f","t","f","t","f","t","f","t","f","f","f","f","f",,,"07:00","17:00","07:00","17:00","07:00","17:00","07:00","17:00","07:00","17:00",,,"2026-07-22T00:01:48Z",-73.59212010366878,45.58670185996528
"6a578a92034844001263241f","OCC-2607DF16961938",,"Côte-des-Neiges-Notre-Dame-de-Grâce","Travaux","Permis émis","2026-07-24T20:00:00Z","2026-12-18T18:59:59Z","Construction/rénovation avec excavation","Ruelle","Entreprise","Moser Entrepreneur Général inc.","t","t","t","t","t","t","t","t","t","t","t","t","t","t",,,,,,,,,,,,,,,"2026-07-22T00:01:48Z",-73.6504273588288,45.49668540010655
"6a57b63e034844001263324f","OCC-2607ER17033955",,"Ville-Marie","Travaux","Permis émis","2026-08-02T20:00:00Z","2026-10-30T19:59:59Z","Construction/rénovation sans excavation","Saint-Jean-Baptiste entre Le Royer et Notre-Dame","Entreprise","Sidcan Inc.","t","t","t","t","t","t","t","t","t","t","f","f","f","f",,,,,,,,,,,,,,,"2026-07-22T00:01:48Z",-73.55508558638265,45.50638395892089
"6a57f0ce03484400126340ce","OCC-2607MJ16893338",,"Le Plateau-Mont-Royal","Travaux","Permis émis","2026-08-02T20:00:00Z","2026-12-18T18:59:59Z","Autre","Marie-Anne entre Saint-Urbain et Esplanade","Entreprise","Construction Benoit Tremblay Inc","t","t","t","t","t","t","t","t","t","t","t","t","t","t",,,,,,,,,,,,,,,"2026-07-22T00:01:48Z",-73.58551951936053,45.51755527534471
"6a58bdb5034844001263498a","OCC-2607UW16917967","201202","Saint-Léonard","Travaux","Permis émis","2026-08-02T20:00:00Z","2026-11-01T18:59:59Z","Construction/rénovation avec excavation","Chopin entre Puyseaux et Puyseaux","Entrepreneur sous contrat avec la Ville de Montréal","Les entreprises Roseneige","t","t","t","t","t","t","t","t","t","t","t","t","t","t",,,,,,,,,,,,,,,"2026-07-22T00:01:48Z",-73.61309326969048,45.595709204821006
"6a5919a645ae010012f30a33","OCC-2607SC16873151",,"Ville-Marie","Travaux","Permis émis","2026-08-02T20:00:00Z","2026-10-31T19:59:59Z","Construction/rénovation sans excavation","Saint-André entre René-Lévesque et Robillard","Entreprise","St-Denis Thompson","t","t","t","t","t","t","t","t","t","t","t","t","t","t",,,,,,,,,,,,,,,"2026-07-22T00:01:48Z",-73.55612544083127,45.51543289939067
"6a5ce0bc0348440012638ec1","OCC-2607AJ16922274","520701","Côte-des-Neiges-Notre-Dame-de-Grâce","Travaux","Permis émis","2026-07-19T20:00:00Z","2026-09-30T19:59:59Z","Égouts et aqueducs - Excavation","Wilson entre Côte-Saint-Antoine et Notre-Dame-de-Grâce","Entrepreneur sous contrat avec la Ville de Montréal","Les Entreprises Cogenex Inc","f","f","f","f","f","f","f","f","f","f","t","t","t","t",,,,,,,,,,,,,,,"2026-07-22T00:01:48Z",-73.61832771769318,45.47124577902984
"6a610c7a034844001263ccd9","OCC-2607HJ18812656","20033148","Ville-Marie","Travaux","Permis émis","2026-04-26T20:00:00Z","2027-04-27T19:59:59Z","Construction/rénovation sans excavation","McTavish entre Docteur-Penfield et Pins","Entrepreneur sous contrat avec la Ville de Montréal","Coffrage Alliance Ltée","t","t","t","t","t","t","t","t","t","t","t","t","t","t",,,,,,,,,,,,,,,"2026-07-24T00:01:48Z",-73.57874663430867,45.50420461749759
"69b18bcd9ece830012ff21e0","OCC-2603GZ19651586",,"St-Laurent","Travaux","Permis émis","2026-03-22T20:00:00Z","2026-11-30T18:59:59Z","Réseaux routier - Réfection et travaux corrélatifs","Ruelle","Organisation publique ou son sous-traitant","Construction Demathieu & Bard (CDB) inc.","t","t","t","t","t","t","t","t","t","t","t","t","t","t",,,,,,,,,,,,,,,"2026-07-24T00:01:48Z",-73.70612943209709,45.474382937502064
"6a451e1034772f0012a8086e","OCC-2607LS18638225","26004","St-Laurent","Travaux","Permis émis","2026-08-01T20:00:00Z","2026-10-31T19:59:59Z","Égouts et aqueducs - Excavation","Alexis-Nihon entre Église et Côte-Vertu","Entrepreneur sous contrat avec la Ville de Montréal","Excavation Gricon","t","t","t","t","t","t","t","t","t","t","t","t","t","t",,,,,,,,,,,,,,,"2026-07-24T00:01:48Z",-73.69049599964501,45.5050189989464
"6a61ffa7cec63100126364c6","OCC-2607MF19485202","522801","Le Sud-Ouest","Travaux","Permis émis","2026-07-22T20:00:00Z","2026-10-16T19:59:59Z","Construction/rénovation avec excavation","Fileuses entre De Roberval et De Roberval","Entrepreneur sous contrat avec la Ville de Montréal","St-Denis Thompson","t","t","t","t","t","t","t","t","t","t","t","t","t","t",,,,,,,,,,,,,,,"2026-07-25T00:01:53Z",-73.59299226223558,45.46462958745778
"6a621dd7034844001263d70b","OCC-2607DE19511405",,"LaSalle","Travaux","Permis émis","2026-08-09T20:00:00Z","2026-09-29T19:59:59Z","Autre","Ruelle",,,"t","t","t","t","t","t","t","t","t","t","f","f","f","f",,,,,,,,,,,,,,,"2026-07-25T00:01:53Z",-73.59348734058877,45.43235366610204
"69e6619520e2850012c60c21","OCC-2604JL17047197",,"Ville-Marie","Travaux","Permis émis","2026-04-17T20:00:00Z","2026-12-18T18:59:59Z","Construction/rénovation sans excavation","Notre-Dame entre Saint-Laurent et Saint-Jean-Baptiste","Entreprise","Sidcan Inc.","t","t","t","t","t","t","t","t","t","t","t","t","t","t",,,,,,,,,,,,,,,"2026-06-11T00:01:53Z",-73.55545799086126,45.50636463096363
"696f89247cd3be00129b3aff","OCC-2601OB18752882",,"Ville-Marie","Travaux","Permis émis","2026-01-22T19:00:00Z","2028-01-11T18:59:59Z","Autre","De Maisonneuve entre Saint-Timothée et Atateken","Ville de Montréal",,"t","t","t","t","t","t","t","t","t","t","t","t","t","t",,,,,,,,,,,,,,,"2026-01-24T00:01:46Z",-73.55884415201284,45.51792569793728
"696f8a7c827929001233fe44","OCC-2601QJ18891052",,"Ville-Marie","Travaux","Permis émis","2026-01-22T19:00:00Z","2028-01-11T18:59:59Z","Autre","De Maisonneuve entre Atateken et Wolfe","Ville de Montréal",,"t","t","t","t","t","t","t","t","t","t","t","t","t","t",,,,,,,,,,,,,,,"2026-01-24T00:01:46Z",-73.55832143296979,45.51853267983529
"69f8d05dc902f20012c87d2c","OCC-2606FB07599743","1776736","Verdun","Travaux","Permis émis","2026-08-14T20:00:00Z","2026-10-16T19:59:59Z","Construction/rénovation avec excavation","Forêt entre Club-Marin et Forêt","Entrepreneur sous contrat avec la Ville de Montréal","Les Terrassements Multi-paysages Inc.","t","f","t","f","t","f","t","f","t","f","f","f","f","f",,,"07:00","19:00","07:00","19:00","07:00","19:00","07:00","19:00","07:00","19:00",,,"2026-06-11T00:01:53Z",-73.55590143815921,45.45697322188115
"6973a5c07cd3be00129b8d76","OCC-2601GD19626574","1257976001","Ville-Marie","Travaux","Permis émis","2026-01-25T19:00:00Z","2026-12-31T18:59:59Z","Construction/rénovation avec excavation","Cathédrale entre Saint-Jacques et De La Gauchetière","Entrepreneur sous contrat avec la Ville de Montréal","Pomerleau","t","t","t","t","t","t","t","t","t","t","t","t","t","t",,,,,,,,,,,,,,,"2026-01-25T00:01:37Z",-73.56574767281118,45.49739919127428
"6a74d1038d88dc00127b0c1d","OCC-2608ER05872813","2605","Côte-des-Neiges-Notre-Dame-de-Grâce","Travaux","Permis émis","2026-08-18T20:00:00Z","2026-09-18T19:59:59Z","Autre","Clanranald entre Avonmore et Queen-Mary","Entrepreneur sous contrat avec la Ville de Montréal","Les Pavages Céka","t","f","t","f","t","f","t","f","t","f","t","f","f","f","10:00","18:00","07:00","19:00","07:00","19:00","07:00","19:00","07:00","19:00","07:00","19:00",,,"2026-08-09T00:01:56Z",-73.62912159065235,45.48003049859696
"6a187bc6f588d7001214f358","OCC-2606UK08541926",,"Ville-Marie","Travaux","Permis émis","2026-06-10T20:00:00Z","2027-06-11T19:59:59Z","Construction/rénovation sans excavation","Saint-Urbain entre Sainte-Catherine et De Montigny","Organisation publique ou son sous-traitant","Magil Construction est du Canada inc.","t","t","t","t","t","t","t","t","t","t","t","t","t","t",,,,,,,,,,,,,,,"2026-06-12T00:01:42Z",-73.56580624216984,45.50911488934883
"6a2165f4ef86e200124cfe0a","OCC-2606HJ10046785",,"Rosemont-La Petite-Patrie","Travaux","Permis émis","2026-06-14T20:00:00Z","2026-12-04T18:59:59Z","Autre","Dandurand entre De Lorimier et Érables","Organisation publique ou son sous-traitant","Transelec Common Inc.","t","t","t","t","t","t","t","t","t","t","t","t","t","t",,,,,,,,,,,,,,,"2026-06-16T00:01:54Z",-73.58393894116583,45.541120998470966
"6978f4f77e9f5a0012d64bd1","OCC-2601IK23118473","6000030205","Ville-Marie","Travaux","Permis émis","2026-01-26T19:00:00Z","2026-12-31T18:59:59Z","Autre","Berri entre Ontario et Sherbrooke","Entrepreneur sous contrat avec la Ville de Montréal","Pomerleau Inc.","t","t","t","t","t","t","t","t","t","t","t","t","t","t",,,,,,,,,,,,,,,"2026-01-29T00:01:38Z",-73.56556821406137,45.517622511920905
"697a41d0f9ce480012a8e54e","OCC-2601KR23984420",,"Ville-Marie","Travaux","Permis émis","2026-01-27T19:00:00Z","2028-01-31T18:59:59Z","Autre","Ontario entre Saint-Christophe et Amherst","Ville de Montréal",,"t","t","t","t","t","t","t","t","t","t","t","t","t","t",,,,,,,,,,,,,,,"2026-01-30T00:01:48Z",-73.56356207721991,45.519297941179246
"697a43747e9f5a0012d6650b","OCC-2601XS23986088",,"Ville-Marie","Travaux","Permis émis","2026-01-27T19:00:00Z","2028-01-31T18:59:59Z","Autre","Ontario entre Saint-Hubert et Saint-Christophe","Ville de Montréal",,"t","t","t","t","t","t","t","t","t","t","t","t","t","t",,,,,,,,,,,,,,,"2026-01-30T00:01:48Z",-73.56414899332647,45.518305604387685
"697a445cf9ce480012a8e588","OCC-2601XH23987433",,"Ville-Marie","Travaux","Permis émis","2026-01-27T19:00:00Z","2028-01-31T18:59:59Z","Autre","Ontario entre Providence et Saint-Hubert","Ville de Montréal",,"t","t","t","t","t","t","t","t","t","t","t","t","t","t",,,,,,,,,,,,,,,"2026-01-30T00:01:48Z",-73.56451350608297,45.51770066551753
"6a68b4830348440012641cc8","OCC-2607YV24862654","515501","Ville-Marie","Travaux","Permis émis","2026-07-28T20:00:00Z","2026-10-31T19:59:59Z","Égouts et aqueducs - Réhabilitation","136 entre 720 et 720","Entrepreneur sous contrat avec la Ville de Montréal","Loiselle inc.","t","t","t","t","t","t","t","t","t","t","t","t","t","t",,,,,,,,,,,,,,,"2026-07-31T00:01:53Z",-73.56332147099903,45.49830680126633
"6a68b7e2cec631001263aa16","OCC-2607FY24664299","26001","Verdun","Travaux","Permis émis","2026-08-02T20:00:00Z","2026-11-16T18:59:59Z","Autre","Egan entre Bannantyne et Champlain","Entrepreneur sous contrat avec la Ville de Montréal","FER-PAL CONSTRUCTION LTD.","t","t","t","t","t","t","t","t","t","t","t","t","t","t",,,,,,,,,,,,,,,"2026-07-31T00:01:53Z",-73.5796858296685,45.45231575956931
"6a68bdb10348440012641f37","OCC-2607GS24674031","26001","Verdun","Travaux","Permis émis","2026-08-02T20:00:00Z","2026-11-16T18:59:59Z","Autre","Manning entre Bannantyne et Beurling","Entrepreneur sous contrat avec la Ville de Montréal","FER-PAL CONSTRUCTION LTD.","t","t","t","t","t","t","t","t","t","t","t","t","t","t",,,,,,,,,,,,,,,"2026-07-31T00:01:53Z",-73.58003676091927,45.44965691973081
"6a68c71dcec631001263ad20","OCC-2607XK24666423","26001","Verdun","Travaux","Permis émis","2026-08-02T20:00:00Z","2026-11-16T18:59:59Z","Autre","Beatty entre Bannantyne et Beurling","Entrepreneur sous contrat avec la Ville de Montréal","FER-PAL CONSTRUCTION LTD.","t","t","t","t","t","t","t","t","t","t","t","t","t","t",,,,,,,,,,,,,,,"2026-07-31T00:01:53Z",-73.5790133314589,45.45103005420268
"6a68f59203484400126426ad","OCC-2607EW24674056",,"Rosemont-La Petite-Patrie","Travaux","Permis émis","2026-08-02T20:00:00Z","2026-09-11T19:59:59Z","Construction/rénovation avec excavation","Ruelle",,,"t","t","t","t","t","t","t","t","t","t","t","t","t","t",,,,,,,,,,,,,,,"2026-07-31T00:01:53Z",-73.57553613394418,45.54614702365328
"6a6904decec631001263b5df","OCC-2607TD24702582",,"Le Plateau-Mont-Royal","Travaux","Permis émis","2026-08-01T20:00:00Z","2026-10-23T19:59:59Z","Autre","Laurier entre Drolet et Saint-Denis","CSEM (Commission des services électriques de Montréal) ou son sous-traitant
","Telecon","t","t","t","t","t","t","t","t","t","t","t","t","t","t",,,,,,,,,,,,,,,"2026-07-31T00:01:53Z",-73.58951973622024,45.52685500181551
"6a6905abcec631001263b5e6","OCC-2607BM24704315",,"Le Plateau-Mont-Royal","Travaux","Permis émis","2026-08-01T20:00:00Z","2026-10-23T19:59:59Z","Autre","De Brébeuf entre Saint-Joseph et Laurier","CSEM (Commission des services électriques de Montréal) ou son sous-traitant
","Telecon","t","t","t","t","t","t","t","t","t","t","t","t","t","t",,,,,,,,,,,,,,,"2026-07-31T00:01:53Z",-73.58307144423108,45.53169520762745
"6a690734cec631001263b5f5","OCC-2607XE24712207",,"Le Plateau-Mont-Royal","Travaux","Permis émis","2026-08-01T20:00:00Z","2026-10-23T19:59:59Z","Autre","Ruelle","CSEM (Commission des services électriques de Montréal) ou son sous-traitant
","Telecon","t","t","t","t","t","t","t","t","t","t","t","t","t","t",,,,,,,,,,,,,,,"2026-07-31T00:01:53Z",-73.58687415563375,45.53017521412777
"6a69083bcec631001263b604","OCC-2607HD24717074",,"Le Plateau-Mont-Royal","Travaux","Permis émis","2026-08-01T20:00:00Z","2026-10-23T19:59:59Z","Autre","Saint-Hubert entre Saint-Grégoire et Saint-André","CSEM (Commission des services électriques de Montréal) ou son sous-traitant
","Telecon","t","t","t","t","t","t","t","t","t","t","t","t","t","t",,,,,,,,,,,,,,,"2026-07-31T00:01:53Z",-73.59196860014676,45.53090937220854
"6a691ba103484400126429f4","OCC-2607KM24671092",,"Le Plateau-Mont-Royal","Travaux","Permis émis","2026-06-30T20:00:00Z","2026-10-31T19:59:59Z","Construction/rénovation sans excavation","Bordeaux entre Sherbrooke et Gauthier","Organisation publique ou son sous-traitant","Encotec Construction Inc.","t","t","t","t","t","t","t","t","t","t","t","t","t","t",,,,,,,,,,,,,,,"2026-07-31T00:01:53Z",-73.56362866222335,45.53008490688423
"6a1d7087f588d7001215327f","OCC-2606YW09291168","445710","Villeray-Saint-Michel-Parc-Extension","Travaux","Permis émis","2026-06-23T20:00:00Z","2026-10-01T19:59:59Z","Construction/rénovation avec excavation","Berri entre Jean-Talon et Faillon","Entrepreneur sous contrat avec la Ville de Montréal","Les Entreprises Michaudville","t","t","t","t","t","t","t","t","t","t","t","t","t","t",,,,,,,,,,,,,,,"2026-06-16T00:01:54Z",-73.61686523644559,45.5397182912344
"6a57c3a80348440012633482","OCC-2607AX25553207","871652","LaSalle","Travaux","Permis émis","2026-08-02T20:00:00Z","2026-10-09T19:59:59Z","Égouts et aqueducs - Excavation","6e entre Broadway et George","Entrepreneur sous contrat avec la Ville de Montréal","Eurovia Québec Construction","t","t","t","t","t","t","t","t","t","t","t","t","t","t",,,,,,,,,,,,,,,"2026-08-01T00:02:07Z",-73.60307120641346,45.43107836914236
"6a6926730348440012642a07","OCC-2607IV25547455","520701","Côte-des-Neiges-Notre-Dame-de-Grâce","Travaux","Permis émis","2026-07-29T20:00:00Z","2026-09-18T19:59:59Z","Autre","Harvard entre Sherbrooke et Côte-Saint-Antoine","Entrepreneur sous contrat avec la Ville de Montréal","Les Entreprises Cogenex Inc","t","f","t","f","t","f","t","f","t","f","f","f","f","f",,,"07:00","19:00","07:00","19:00","07:00","19:00","07:00","19:00","07:00","19:00",,,"2026-08-01T00:02:07Z",-73.61595386477933,45.47093656737701
"6a6cd6388d88dc00127a657a","OCC-2607MF26600828","1783533","Côte-des-Neiges-Notre-Dame-de-Grâce","Travaux","Permis émis","2026-08-04T20:00:00Z","2026-11-27T18:59:59Z","Construction/rénovation avec excavation","Coronation entre Somerled et Fielding","Entrepreneur sous contrat avec la Ville de Montréal","Urbex Construction INC","t","t","t","t","t","t","t","t","t","t","t","t","t","t",,,,,,,,,,,,,,,"2026-08-02T00:01:41Z",-73.64537100657067,45.46283787886422
"6a26fb6af588d70012164446","OCC-2606IJ16193889","0000000","St-Laurent","Travaux","Permis émis","2026-06-18T20:00:00Z","2027-06-05T19:59:59Z","Construction/rénovation sans excavation","Badeaux entre Bertrand et Badeaux","Entrepreneur sous contrat avec la Ville de Montréal","CONGREGATION BETH ORA","f","f","f","f","f","f","f","f","f","f","t","f","f","f","09:00","16:00",,,,,,,,,,,,,"2026-06-21T00:01:41Z",-73.68878883381825,45.49751704604493
"6a7362208d88dc00127ad9df","OCC-2608DT04126160","503001","Ville-Marie","Travaux","Permis émis","2026-08-05T20:00:00Z","2026-11-30T18:59:59Z","Construction/rénovation avec excavation","Bishop entre René-Lévesque et Sainte-Catherine","Entrepreneur sous contrat avec la Ville de Montréal","Roxboro Excavation Inc.","t","t","t","t","t","t","t","t","t","t","t","t","t","t",,,,,,,,,,,,,,,"2026-08-07T00:01:42Z",-73.57596927256402,45.49641659101059
"6a7363f98d88dc00127ada36","OCC-2608XR04127150","503001","Ville-Marie","Travaux","Permis émis","2026-08-05T20:00:00Z","2026-11-30T18:59:59Z","Construction/rénovation avec excavation","Peel entre Square-Dorchester et Sainte-Catherine","Entrepreneur sous contrat avec la Ville de Montréal","Roxboro Excavation Inc.","t","t","t","t","t","t","t","t","t","t","t","t","t","t",,,,,,,,,,,,,,,"2026-08-07T00:01:42Z",-73.5722841684718,45.49966492336704
"6a7386788d981b0012f449be","OCC-2608QV04153040","26001","Ville-Marie","Travaux","Permis émis","2026-08-04T20:00:00Z","2026-12-18T18:59:59Z","Autre","Fullum entre Logan et Lalonde","Entrepreneur sous contrat avec la Ville de Montréal","Demix construction","f","t","f","t","f","t","f","t","f","t","t","t","t","t",,,,,,,,,,,,,,,"2026-08-07T00:01:42Z",-73.55287863518971,45.52943095572857
"6a3aa7f134772f0012a71fed","OCC-2606TL19570595",,"Ville-Marie","Travaux","Permis émis","2026-04-12T20:00:00Z","2026-12-31T18:59:59Z","Construction/rénovation sans excavation","De La Gauchetière entre Notre-Dame-de-Lourdes et Bernadette","Entreprise","Construction Alma Inc.","t","t","t","t","t","t","t","t","t","t","f","f","f","f",,,,,,,,,,,,,,,"2026-06-24T00:01:47Z",-73.55662323614203,45.51262166112936
"6a7215658d981b0012f41987","OCC-2608IO04072959","317601","Rivière-des-Prairies-Pointe-aux-Trembles","Travaux","Permis émis","2026-08-09T20:00:00Z","2026-09-11T19:59:59Z","Construction/rénovation avec excavation","8e entre Saint-Joseph et Prince-Albert","Entrepreneur sous contrat avec la Ville de Montréal","Duroking Construction","t","t","t","t","t","t","t","t","t","t","t","t","t","t",,,,,,,,,,,,,,,"2026-08-07T00:01:42Z",-73.49082833699084,45.63826643646073
"6a72241a8d88dc00127abd55","OCC-2608JF04097942","520501","St-Laurent","Travaux","Permis émis","2026-08-04T20:00:00Z","2026-10-15T19:59:59Z","Autre","Rochon entre Cardinal et Crevier","Entrepreneur sous contrat avec la Ville de Montréal","Gerald theoret inc.","t","f","t","f","t","f","t","f","t","f","t","f","t","f","08:30","18:00","07:30","19:00","07:30","19:00","07:30","19:00","07:30","19:00","07:30","19:00","08:30","16:00","2026-08-07T00:01:42Z",-73.68754411939115,45.5138971053485
"6a72250b8d981b0012f41d83","OCC-2608TH04031053","520501","St-Laurent","Travaux","Permis émis","2026-08-04T20:00:00Z","2026-10-15T19:59:59Z","Autre","Rochon entre Crevier et Rochon","Entrepreneur sous contrat avec la Ville de Montréal","Gerald theoret inc.","t","f","t","f","t","f","t","f","t","f","t","f","t","f","08:30","18:00","07:30","19:00","07:30","19:00","07:30","19:00","07:30","19:00","07:30","19:00","08:30","16:30","2026-08-07T00:01:42Z",-73.68821059023018,45.51339074165836
"6a7323038d981b0012f42be8","OCC-2608XR05916516","26006","St-Laurent","Travaux","Permis émis","2026-08-09T20:00:00Z","2026-09-13T19:59:59Z","Réseaux routier - Réfection et travaux corrélatifs","Scott entre Marlatt et Alexis-Nihon","Entrepreneur sous contrat avec la Ville de Montréal","PAVAGES MULTIPRO INC.","t","t","t","t","t","t","t","t","t","t","t","t","t","t",,,,,,,,,,,,,,,"2026-08-09T00:01:56Z",-73.67858403386256,45.50026233590105
"6a74a7ff8d88dc00127b0153","OCC-2608YW04962761",,"Côte-des-Neiges-Notre-Dame-de-Grâce","Travaux","Permis émis","2026-06-30T20:00:00Z","2026-11-06T18:59:59Z","Construction/rénovation sans excavation","Décarie entre Rustic et Vézina","Entreprise","Les entreprises QMD inc.","t","t","t","t","t","t","t","t","t","t","t","t","t","t",,,,,,,,,,,,,,,"2026-08-08T00:01:56Z",-73.64808093003552,45.49166087587488
"69f255d520e2850012c7420d","OCC-2604HE25718832",,"Mercier-Hochelaga-Maisonneuve","Travaux","Permis émis","2026-04-29T20:00:00Z","2026-12-31T18:59:59Z","Autre","Curatteau entre Notre-Dame et Curatteau","Organisation publique ou son sous-traitant","Renouveau Lafontaine","t","t","t","t","t","t","t","t","t","t","t","t","t","t",,,,,,,,,,,,,,,"2026-05-02T00:01:45Z",-73.51052032287907,45.58616862511112
"6a5e76ae034844001263a683","OCC-2607QF17123591",,"Côte-des-Neiges-Notre-Dame-de-Grâce","Travaux","Permis émis","2026-07-21T20:00:00Z","2026-10-30T19:59:59Z","S-3 Infrastructure souterraine majeure - Puits d'accès","Cavendish entre Cavendish et Sherbrooke","CSEM (Commission des services électriques de Montréal) ou son sous-traitant
","CMS Entrepreneurs Généraux Inc.","t","t","t","t","t","t","t","t","t","t","t","t","t","t",,,,,,,,,,,,,,,"2026-07-22T00:01:48Z",-73.62763408152878,45.463028349522666
"6a60dbe9034844001263c559","OCC-2607FL18710330","503001","Ville-Marie","Travaux","Permis émis","2026-07-21T20:00:00Z","2026-11-23T18:59:59Z","Construction/rénovation avec excavation","Crescent entre Sainte-Catherine et De Maisonneuve","Entrepreneur sous contrat avec la Ville de Montréal","Roxboro Excavation Inc.","t","t","t","t","t","t","t","t","t","t","t","t","t","t",,,,,,,,,,,,,,,"2026-07-24T00:01:48Z",-73.57628816055097,45.49747638552161
"6a10b514bb5b97001231594b","OCC-2606TJ06602835",,"Ville-Marie","Travaux","Permis émis","2026-06-08T20:00:00Z","2026-09-22T19:59:59Z","Autre","Saint-Denis entre Ontario et Saint-Denis","Organisation publique ou son sous-traitant","SDC Quartier latin","t","t","t","t","t","t","t","t","t","t","t","t","t","t",,,,,,,,,,,,,,,"2026-06-10T00:01:42Z",-73.5667755202043,45.51665556108394
"6a10b793bb5b970012315995","OCC-2606WG06607461",,"Ville-Marie","Travaux","Permis émis","2026-06-08T20:00:00Z","2026-09-22T19:59:59Z","Autre","Saint-Denis entre Ontario et Saint-Denis","Organisation publique ou son sous-traitant","SDC Quartier latin","t","t","t","t","t","t","t","t","t","t","t","t","t","t",,,,,,,,,,,,,,,"2026-06-10T00:01:42Z",-73.56681497006846,45.51658300412904
"6a10ba21ad5e37001259d4c2","OCC-2606SY06624522",,"Ville-Marie","Travaux","Permis émis","2026-06-08T20:00:00Z","2026-09-22T19:59:59Z","Autre","Saint-Denis entre Pasteur et De Maisonneuve","Organisation publique ou son sous-traitant","SDC Quartier latin","t","t","t","t","t","t","t","t","t","t","t","t","t","t",,,,,,,,,,,,,,,"2026-06-10T00:01:42Z",-73.56170895415059,45.514346834610215
"6a10bbb2bb5b9700123159f3","OCC-2606WT06631315",,"Ville-Marie","Travaux","Permis émis","2026-06-08T20:00:00Z","2026-09-22T19:59:59Z","Autre","Saint-Denis entre Pasteur et De Maisonneuve","Organisation publique ou son sous-traitant","SDC Quartier latin","t","t","t","t","t","t","t","t","t","t","t","t","t","t",,,,,,,,,,,,,,,"2026-06-10T00:01:42Z",-73.56179371142238,45.51428355496405
"6a85cf508d981b0012f5c97a","OCC-2608YR17717377",,"Ville-Marie","Travaux","Permis émis","2026-08-23T20:00:00Z","2026-12-18T18:59:59Z","Construction/rénovation sans excavation","Drummond entre De Maisonneuve et Sherbrooke","Organisation publique ou son sous-traitant","Les Constructions Serbec inc.","t","t","t","t","t","t","t","t","t","t","t","t","t","t",,,,,,,,,,,,,,,"2026-08-23T00:01:46Z",-73.57716120307799,45.49998742346656
"6a282dd6f588d7001216682f","OCC-2606PE07466550",,"Saint-Léonard","Travaux","Permis émis","2026-06-08T20:00:00Z","2026-10-30T19:59:59Z","Réseaux routier - Réfection et travaux corrélatifs","Lacordaire entre Lacordaire et Lacordaire","Organisation publique ou son sous-traitant","COFFREX INC.","t","f","t","f","t","f","t","f","t","f","t","f","t","f","22:00","23:00","22:00","05:00","22:00","05:00","22:00","05:00","22:00","05:00","22:00","05:00","22:00","23:00","2026-06-11T00:01:53Z",-73.58895115706503,45.58236617338119
"6a1f2b0df588d70012158600","OCC-2606SM07416214","1782597","Montréal-Nord","Travaux","Permis émis","2026-06-08T20:00:00Z","2027-06-30T19:59:59Z","Construction/rénovation avec excavation","Henri-Bourassa entre Récollets et Pie-IX","Entrepreneur sous contrat avec la Ville de Montréal","Construction Vert Dure","t","t","t","t","t","t","t","t","t","t","t","t","t","t",,,,,,,,,,,,,,,"2026-06-11T00:01:53Z",-73.64200725550884,45.59386556629085
"6a5929b045ae010012f30dbe","OCC-2607JB23029043",,"Villeray-Saint-Michel-Parc-Extension","Travaux","Permis émis","2026-08-02T20:00:00Z","2026-12-18T18:59:59Z","Construction/rénovation avec excavation","Saint-Michel entre Villeray et Crémazie","Entreprise","Les entreprises QMD inc.","t","f","t","f","t","f","t","f","t","f","f","f","f","f",,,"06:00","17:00","06:00","17:00","06:00","17:00","06:00","17:00","06:00","17:00",,,"2026-07-29T00:01:38Z",-73.60507344606938,45.56165256511365
"6a287ba6f588d70012167f0e","OCC-2606YM08219515",,"Ahuntsic-Cartierville","Travaux","Permis émis","2026-06-09T20:00:00Z","2026-12-31T18:59:59Z","Autre","Ruelle","Organisation publique ou son sous-traitant","Sidcan Inc.","t","t","t","t","t","t","t","t","t","t","t","t","t","t",,,,,,,,,,,,,,,"2026-06-12T00:01:42Z",-73.64894040502455,45.55651811663229
"69778bff7cd3be00129ba377","OCC-2601BC22245883",,"Ville-Marie","Travaux","Permis émis","2025-12-31T19:00:00Z","2026-11-06T18:59:59Z","Construction/rénovation avec excavation","Parc François-Dollier-de Casson","Entreprise","CLOBRACON CONSTRUCTION INC.","t","t","t","t","t","t","t","t","t","t","t","t","t","t",,,,,,,,,,,,,,,"2026-01-28T00:01:47Z",-73.55398328929734,45.51130914528338
"6a29af44ef86e200124dda76","OCC-2606VG10153785",,"Ville-Marie","Travaux","Permis émis","2026-08-30T20:00:00Z","2026-09-10T19:59:59Z","Réseaux routier - Réfection et travaux corrélatifs","Notre-Dame entre Berri et Montcalm","CSEM (Commission des services électriques de Montréal) ou son sous-traitant
","G-TEK INC.","t","t","t","t","t","t","t","t","t","t","t","t","t","t",,,,,,,,,,,,,,,"2026-06-16T00:01:54Z",-73.55080680984189,45.51282183400577
"6a29b0a5f588d7001216a557","OCC-2606UA09327064",,"Le Sud-Ouest","Travaux","Permis émis","2026-06-14T20:00:00Z","2026-10-23T19:59:59Z","Construction/rénovation sans excavation","Bassins entre Séminaire et Charbonniers","Entreprise","Le Groupe Lefebvre M.R.P. inc.","t","t","t","t","t","t","t","t","t","t","t","t","t","t",,,,,,,,,,,,,,,"2026-06-16T00:01:54Z",-73.56183340539054,45.48947566297408
"6a29b319f588d7001216a681","OCC-2606ON09341344","1773089","Villeray-Saint-Michel-Parc-Extension","Travaux","Permis émis","2026-06-14T20:00:00Z","2026-12-01T18:59:59Z","Égouts et aqueducs - Excavation","8e entre Legendre et Louvain","Entrepreneur sous contrat avec la Ville de Montréal","9329-0146 Québec inc.","t","t","t","t","t","t","t","t","t","t","t","t","t","t",,,,,,,,,,,,,,,"2026-06-16T00:01:54Z",-73.6319382148777,45.57109511598019
"6a3e954334772f0012a7923f","OCC-2607YU25573262","300298","Saint-Léonard","Travaux","Permis émis","2026-08-03T20:00:00Z","2026-10-16T19:59:59Z","Construction/rénovation sans excavation","Parc Ladauversière","Entrepreneur sous contrat avec la Ville de Montréal","Construction Guillaume Mailhot inc","t","t","t","t","t","t","t","t","t","t","t","t","t","t",,,,,,,,,,,,,,,"2026-08-01T00:02:07Z",-73.58331324540698,45.58153027931586
"6a3166b334772f0012a633cf","OCC-2606HB13581379",,"Anjou","Travaux","Permis émis","2026-06-15T20:00:00Z","2026-11-15T18:59:59Z","Construction/rénovation sans excavation","40 entre 40 et 40","Organisation publique ou son sous-traitant","Signalisation de Montréal","t","t","t","t","t","t","t","t","t","t","t","t","t","t",,,,,,,,,,,,,,,"2026-06-18T00:02:02Z",-73.5722912578106,45.597940905452894
"6a1a9e9bef86e200124c5771","OCC-2606EW13621851",,"Saint-Léonard","Travaux","Permis émis","2026-06-21T20:00:00Z","2026-11-13T18:59:59Z","Construction/rénovation sans excavation","40 entre 40 et 40","Organisation publique ou son sous-traitant","Signalisation de Montréal","t","t","t","t","t","t","t","t","t","t","t","t","t","t",,,,,,,,,,,,,,,"2026-06-18T00:02:02Z",-73.5813793884292,45.590902958682605
"6a1aa720f588d70012152b0c","OCC-2606QU13623094",,"Saint-Léonard","Travaux","Permis émis","2026-06-21T20:00:00Z","2026-11-13T18:59:59Z","Construction/rénovation sans excavation","40 entre 40 et 40","Organisation publique ou son sous-traitant","Signalisation de Montréal","t","t","t","t","t","t","t","t","t","t","t","t","t","t",,,,,,,,,,,,,,,"2026-06-18T00:02:02Z",-73.58160603545642,45.59039728762269
"6a2b08a4ef86e200124e0df7","OCC-2606JY13629489",,"Outremont","Travaux","Permis émis","2026-09-09T20:00:00Z","2026-09-10T19:59:59Z","Entretien","Pratt entre Glendale et Pratt","Entreprise","Lavage de vitres Future inc.","t","f","t","f","t","f","t","f","t","f","f","f","f","f",,,"07:30","18:30","07:30","18:30","07:30","18:30","07:30","18:30","07:30","18:30",,,"2026-06-18T00:02:02Z",-73.6261200310193,45.51687050474845
"6a31cb4834772f0012a653be","OCC-2606OA14396979","524103","Pierrefonds-Roxboro","Travaux","Permis émis","2026-06-21T20:00:00Z","2026-09-14T19:59:59Z","Autre","Cartier entre Arnold et Général-Brock","Entrepreneur sous contrat avec la Ville de Montréal","FER-PAL CONSTRUCTION LTD.","t","t","t","t","t","t","t","t","t","t","t","t","t","t",,,,,,,,,,,,,,,"2026-06-19T00:01:44Z",-73.81407509611711,45.50328761394884
"6a1782caf588d7001214cfd2","OCC-2605EY23731026","1652355","Outremont","Travaux","Permis émis","2026-07-02T20:00:00Z","2026-12-31T18:59:59Z","Autre","Côte-Sainte-Catherine entre Davaar et Rockland","Entrepreneur sous contrat avec la Ville de Montréal","Énergère Inc.","t","f","t","f","t","f","t","f","t","f","f","f","f","f",,,"07:00","17:00","07:00","17:00","07:00","17:00","07:00","17:00","07:00","17:00",,,"2026-08-05T00:01:56Z",-73.61086960435074,45.51421899623367
"6a71d1178d88dc00127aa364","OCC-2608EL03016660",,"Ville-Marie","Travaux","Permis émis","2026-08-02T20:00:00Z","2026-12-18T18:59:59Z","Construction/rénovation sans excavation","De La Gauchetière entre Notre-Dame-de-Lourdes et Bernadette","Entreprise","Construction Alma Inc.","t","t","t","t","t","t","t","t","t","t","f","f","f","f",,,,,,,,,,,,,,,"2026-08-06T00:01:59Z",-73.55637593003749,45.51274657784626
"6a71de758d88dc00127aa730","OCC-2608MJ03050595",,"Ville-Marie","Travaux","Permis émis","2026-06-26T20:00:00Z","2026-12-18T18:59:59Z","Construction/rénovation avec excavation","Alexandre-DeSève entre Viger et René-Lévesque","Entreprise","Faubourg de la Gauchetière Inc.","t","t","t","t","t","t","t","t","t","t","t","t","t","t",,,,,,,,,,,,,,,"2026-08-06T00:01:59Z",-73.55052445581887,45.5196706993147
"6a3060e5816ebc0012d1f1b2","OCC-2606PZ16298772","524101","Côte-des-Neiges-Notre-Dame-de-Grâce","Travaux","Permis émis","2026-06-24T20:00:00Z","2026-09-22T19:59:59Z","Égouts et aqueducs - Excavation","Victoria entre Queen-Mary et Jean-Brillant","Entrepreneur sous contrat avec la Ville de Montréal","Foraction","t","t","t","t","t","t","t","t","t","t","t","t","t","t",,,,,,,,,,,,,,,"2026-08-06T00:01:59Z",-73.62616295675849,45.48924454649985
"6a318c25816ebc0012d21255","OCC-2606DB15212630","1783608","Côte-des-Neiges-Notre-Dame-de-Grâce","Travaux","Permis émis","2026-06-28T20:00:00Z","2026-09-30T19:59:59Z","Construction/rénovation avec excavation","Parc Mackenzie-King","Entrepreneur sous contrat avec la Ville de Montréal","Limoges et fils inc","t","t","t","t","t","t","t","t","t","t","t","t","t","t",,,,,,,,,,,,,,,"2026-06-20T00:01:57Z",-73.63354676519712,45.489225398608646
"6a3413b134772f0012a6991d","OCC-2606KF15389582",,"Le Sud-Ouest","Travaux","Permis émis","2026-06-17T20:00:00Z","2027-06-18T19:59:59Z","Entretien","Notre-Dame entre De Courcelle et Saint-Rémi","Ville de Montréal",,"t","t","t","t","t","t","t","t","t","t","t","t","t","t",,,,,,,,,,,,,,,"2026-06-20T00:01:57Z",-73.58871581068652,45.47258242253492
"6a341f08816ebc0012d265f5","OCC-2606KH15306528","2026004","Ahuntsic-Cartierville","Travaux","Permis émis","2026-06-21T20:00:00Z","2026-09-25T19:59:59Z","Égouts et aqueducs - Excavation","James-Morrice entre Charles-Gill et Dudemaine","Entrepreneur sous contrat avec la Ville de Montréal","Demix construction","t","t","t","t","t","t","t","t","t","t","t","t","t","t",,,,,,,,,,,,,,,"2026-06-20T00:01:57Z",-73.69137775300352,45.53359478312441
"6a70c15d8d981b0012f3eee9","OCC-2608DK03027950",,"Ville-Marie","Travaux","Permis émis","2026-07-17T20:00:00Z","2026-12-31T18:59:59Z","Construction/rénovation avec excavation","Saint-Antoine entre Gosford et Guy-Frégault","Organisation publique ou son sous-traitant","Sidcan Inc.","t","t","t","t","t","t","t","t","t","t","t","t","t","t",,,,,,,,,,,,,,,"2026-08-06T00:01:59Z",-73.55470932465076,45.510347650145285
"6a354ae534772f0012a6bad3","OCC-2606ZS16056549","1652355","Montréal-Nord","Travaux","Permis émis","2026-06-18T20:00:00Z","2026-12-30T18:59:59Z","Autre","Pascal-Gagnon entre Pascal-Gagnon et Pascal-Gagnon","Entrepreneur sous contrat avec la Ville de Montréal","Énergère Inc.","t","t","t","t","t","t","t","t","t","t","t","t","t","t",,,,,,,,,,,,,,,"2026-06-21T00:01:41Z",-73.60449576921421,45.61018129947125
"6a70eeb28d88dc00127a9aef","OCC-2608HN03068733",,"Rosemont-La Petite-Patrie","Travaux","Permis émis","2026-08-03T20:00:00Z","2026-12-18T18:59:59Z","Construction/rénovation sans excavation","Cartier entre Dandurand et Carrières","Entreprise","Corsim Construction Inc.","t","t","t","t","t","t","t","t","t","t","t","t","t","t",,,,,,,,,,,,,,,"2026-08-06T00:01:59Z",-73.5861175908679,45.539222841197
"6a70fb288d88dc00127aa178","OCC-2608WH03019828",,"Ville-Marie","Travaux","Permis émis","2026-08-13T20:00:00Z","2026-09-11T19:59:59Z","Construction/rénovation sans excavation","Sanguinet entre Christin et Dufault","Entreprise","MGB Associés Inc.","t","t","t","t","t","t","t","t","t","t","t","t","t","t",,,,,,,,,,,,,,,"2026-08-06T00:01:59Z",-73.56073378361607,45.5124724772179
"6a595eb545ae010012f3113d","OCC-2608ZQ04181536","542607","Le Plateau-Mont-Royal","Travaux","Permis émis","2026-08-09T20:00:00Z","2026-11-20T18:59:59Z","Construction/rénovation avec excavation","Rivard entre Marie-Anne et Marie-Anne","Entrepreneur sous contrat avec la Ville de Montréal","Les entreprises Roseneige","t","t","t","t","t","t","t","t","t","t","t","t","t","t",,,,,,,,,,,,,,,"2026-08-07T00:01:42Z",-73.58070989922099,45.52364161297852
"6a1899c3ef86e200124c1e76","OCC-2606MP18594926","524104","Rosemont-La Petite-Patrie","Travaux","Permis émis","2026-06-22T20:00:00Z","2026-09-22T19:59:59Z","Autre","Viau entre Beaubien et Bélanger","Entrepreneur sous contrat avec la Ville de Montréal","FER-PAL CONSTRUCTION LTD.","t","t","t","t","t","t","t","t","t","t","t","t","t","t",,,,,,,,,,,,,,,"2026-06-24T00:01:47Z",-73.57414278260526,45.57174518361324
"6a32beed816ebc0012d233c0","OCC-2606WJ18833462","1727758","Villeray-Saint-Michel-Parc-Extension","Travaux","Permis émis","2026-06-22T20:00:00Z","2026-12-01T18:59:59Z","Autre","Everett entre Christophe-Colomb et De La Roche","Entrepreneur sous contrat avec la Ville de Montréal","Arboriculture de beauce","t","f","t","f","t","f","t","f","t","f","f","f","f","f",,,"07:00","17:00","07:00","17:00","07:00","17:00","07:00","17:00","07:00","17:00",,,"2026-06-24T00:01:47Z",-73.61494223688939,45.54446802138976
"6a32c105816ebc0012d234af","OCC-2606FQ18838774","1727758","Villeray-Saint-Michel-Parc-Extension","Travaux","Permis émis","2026-06-21T20:00:00Z","2026-12-01T18:59:59Z","Autre","17e entre Jarry et Jean-Rivard","Entrepreneur sous contrat avec la Ville de Montréal","Arboriculture de beauce","t","f","t","f","t","f","t","f","t","f","f","f","f","f",,,"07:00","16:00","07:00","16:00","07:00","16:00","07:00","16:00","07:00","16:00",,,"2026-06-24T00:01:47Z",-73.60898741574955,45.56881751509819
"6a67c71ecec631001263a2c4","OCC-2608TP04092539","1652355","LaSalle","Travaux","Permis émis","2026-08-16T20:00:00Z","2026-09-18T19:59:59Z","Autre","Dollard entre Saint-Patrick et Saint-Pierre","Entrepreneur sous contrat avec la Ville de Montréal","Énergère Inc.","t","f","t","f","t","f","t","f","t","f","f","f","f","f",,,"20:00","03:00","20:00","03:00","20:00","03:00","20:00","03:00","20:00","03:00",,,"2026-08-07T00:01:42Z",-73.64595373188564,45.44059253879448
"6a345842816ebc0012d2778f","OCC-2606XT19434982","1783757","L'Île-Bizard-Sainte-Geneviève","Travaux","Permis émis","2026-06-28T20:00:00Z","2026-09-15T19:59:59Z","Autre","Pont entre Gouin et Pont","Entrepreneur sous contrat avec la Ville de Montréal","placement k s inc.","t","t","t","t","t","t","t","t","t","t","f","t","f","t",,,,,,,,,,,,,,,"2026-06-24T00:01:47Z",-73.867636599425,45.48343645080024
"6a70e65e8d981b0012f3fb5a","OCC-2608HS04150487","26001","Ville-Marie","Travaux","Permis émis","2026-08-04T20:00:00Z","2026-12-18T18:59:59Z","Autre","La Fontaine entre Fullum et Poupart","Entrepreneur sous contrat avec la Ville de Montréal","Demix construction","t","t","t","t","t","t","t","t","t","t","t","t","t","t",,,,,,,,,,,,,,,"2026-08-07T00:01:42Z",-73.55186777788106,45.53007265805795
"6a35830b816ebc0012d2a189","OCC-2606QO18795387","515501","Ville-Marie","Travaux","Permis émis","2026-06-21T20:00:00Z","2026-10-31T19:59:59Z","Égouts et aqueducs - Excavation","Mansfield entre Saint-Jacques et Saint-Antoine","Entrepreneur sous contrat avec la Ville de Montréal","Loiselle inc.","t","t","t","t","t","t","t","t","t","t","t","t","t","t",,,,,,,,,,,,,,,"2026-06-24T00:01:47Z",-73.56459934150276,45.49796075371263
"6a591e1045ae010012f30b3b","OCC-2607XB14376987",,"Ville-Marie","Travaux","Permis émis","2026-08-02T20:00:00Z","2026-10-31T19:59:59Z","Construction/rénovation sans excavation","Saint-Christophe entre René-Lévesque et Sainte-Catherine","Entreprise","St-Denis Thompson","t","t","t","t","t","t","t","t","t","t","t","t","t","t",,,,,,,,,,,,,,,"2026-08-08T00:01:56Z",-73.55650741869837,45.51506648609701
"6a6389df034844001263f3f2","OCC-2608ZH04848090","2602","Rivière-des-Prairies-Pointe-aux-Trembles","Travaux","Permis émis","2026-08-09T20:00:00Z","2026-09-18T19:59:59Z","Construction/rénovation avec excavation","50e entre Victoria et De Montigny","Entrepreneur sous contrat avec la Ville de Montréal","Eurovia Québec Construction","t","t","t","t","t","t","t","t","t","t","t","t","t","t",,,,,,,,,,,,,,,"2026-08-08T00:01:56Z",-73.49757833810642,45.66884075005543
"6a69fd19cec631001263bd3b","OCC-2608BT04801077",,"Ville-Marie","Travaux","Permis émis","2026-09-07T20:00:00Z","2026-09-16T19:59:59Z","Réseaux routier - Réfection et travaux corrélatifs","Hôtel-de-Ville entre Viger et René-Lévesque","Ville de Montréal",,"t","t","t","t","t","t","t","t","t","t","f","f","f","f",,,,,,,,,,,,,,,"2026-08-08T00:01:56Z",-73.55861817346856,45.510098890764695
"6a6a38f00348440012643619","OCC-2608XG05001511","26005","St-Laurent","Travaux","Permis émis","2026-08-09T20:00:00Z","2026-10-02T19:59:59Z","Trottoirs - Construction","Ouimet entre La Fontaine et Église","Entrepreneur sous contrat avec la Ville de Montréal","Ramcor Construction inc","t","t","t","t","t","t","t","t","t","t","t","t","t","t",,,,,,,,,,,,,,,"2026-08-08T00:01:56Z",-73.67652395917364,45.51137459397376
"6a70f67a8d981b0012f3ff45","OCC-2608IA04920622","2605","Côte-des-Neiges-Notre-Dame-de-Grâce","Travaux","Permis émis","2026-08-09T20:00:00Z","2026-09-11T19:59:59Z","Autre","Mackenzie entre Légaré et Victoria","Entrepreneur sous contrat avec la Ville de Montréal","Les Pavages Céka","t","f","t","f","t","f","t","f","t","f","t","f","f","f","10:00","18:00","07:00","19:00","07:00","19:00","07:00","19:00","07:00","19:00","07:00","19:00",,,"2026-08-08T00:01:56Z",-73.64250835206772,45.4993376267464
"6a74c8048d88dc00127b09a7","OCC-2608CS04991896","2026001","Ville-Marie","Travaux","Permis émis","2026-08-06T20:00:00Z","2026-12-18T18:59:59Z","Autre","Dufresne entre Lalonde et Coupal","Entrepreneur sous contrat avec la Ville de Montréal","Demix construction","t","f","t","f","t","f","t","f","t","f","f","f","f","f",,,"07:00","17:00","07:00","17:00","07:00","17:00","07:00","17:00","07:00","17:00",,,"2026-08-08T00:01:56Z",-73.55297639415843,45.53089943701314
"6a74dce18d981b0012f47784","OCC-2608ID05020246","2621301","Anjou","Travaux","Permis émis","2026-08-31T20:00:00Z","2026-09-30T19:59:59Z","Égouts et aqueducs - Inspection et nettoyage","Galeries-d'Anjou entre Bombardier et Galeries-d'Anjou","Entrepreneur sous contrat avec la Ville de Montréal","SIMO Management","t","f","t","f","t","f","t","f","t","f","f","f","f","f",,,"07:00","16:00","07:00","16:00","07:00","16:00","07:00","16:00","07:00","16:00",,,"2026-08-08T00:01:56Z",-73.58670756623151,45.60696460386766
"6a314a25816ebc0012d1fb0c","OCC-2606KE15238551",,"Rivière-des-Prairies-Pointe-aux-Trembles","Travaux","Permis émis","2026-06-21T20:00:00Z","2026-11-15T18:59:59Z","Construction/rénovation sans excavation","Métropolitain entre Métropolitain et Dollard-Desjardins","Organisation publique ou son sous-traitant","Signalisation de Montréal","t","t","t","t","t","t","t","t","t","t","t","t","t","t",,,,,,,,,,,,,,,"2026-06-27T00:01:59Z",-73.525317958377,45.651000060445895
"6a32ba07816ebc0012d23205","OCC-2606MU21442690","1727758","Villeray-Saint-Michel-Parc-Extension","Travaux","Permis émis","2026-06-24T20:00:00Z","2026-12-01T18:59:59Z","Autre","Ogilvy entre Hutchison et Durocher","Entrepreneur sous contrat avec la Ville de Montréal","Arboriculture de beauce","t","f","t","f","t","f","t","f","t","f","f","f","f","f",,,"07:00","05:00","07:00","05:00","07:00","05:00","07:00","05:00","07:00","05:00",,,"2026-06-27T00:01:59Z",-73.62474965842064,45.53008412185562
"6a39580a34772f0012a6f397","OCC-2606JA22365458","26004","St-Laurent","Travaux","Permis émis","2026-06-28T20:00:00Z","2026-11-14T18:59:59Z","Égouts et aqueducs - Excavation","Alexis-Nihon entre Decelles et Alexis-Nihon","Entrepreneur sous contrat avec la Ville de Montréal","Excavation Gricon","t","t","t","t","t","t","t","t","t","t","t","t","t","t",,,,,,,,,,,,,,,"2026-06-28T00:01:54Z",-73.69119068860459,45.50523272857617
"6a3c1b6934772f0012a740e9","OCC-2606JX22176903","524106","Ahuntsic-Cartierville","Travaux","Permis émis","2026-06-30T20:00:00Z","2026-09-30T19:59:59Z","Égouts et aqueducs - Réhabilitation","Dudemaine entre Filion et O'Brien","Entrepreneur sous contrat avec la Ville de Montréal","FER-PAL CONSTRUCTION LTD.","t","t","t","t","t","t","t","t","t","t","t","t","t","t",,,,,,,,,,,,,,,"2026-06-28T00:01:54Z",-73.6992291774901,45.52975287854719
"6a3d28fe816ebc0012d314d3","OCC-2606QF22383618","524101","Côte-des-Neiges-Notre-Dame-de-Grâce","Travaux","Permis émis","2026-06-30T20:00:00Z","2026-09-24T19:59:59Z","Égouts et aqueducs - Excavation","Décarie entre Dalou et Isabella","Entrepreneur sous contrat avec la Ville de Montréal","Foraction","t","t","t","t","t","t","t","t","t","t","t","t","t","t",,,,,,,,,,,,,,,"2026-06-28T00:01:54Z",-73.62773526336554,45.48330720930852
"6a3d67a734772f0012a76872","OCC-2606LD22264145",,"Ahuntsic-Cartierville","Travaux","Permis émis","2026-06-28T20:00:00Z","2026-12-14T18:59:59Z","Construction/rénovation sans excavation","Papineau entre Struan et Henri-Bourassa","Organisation publique ou son sous-traitant","Pomerleau Inc.","t","f","t","f","t","f","t","f","t","f","f","f","f","f",,,"06:00","15:30","06:00","15:30","06:00","15:30","06:00","15:30","06:00","15:30",,,"2026-06-28T00:01:54Z",-73.6568968717177,45.56968501582347
"6a69fb87cec631001263bceb","OCC-2608XB08351317",,"Ville-Marie","Travaux","Permis émis","2026-09-07T20:00:00Z","2026-09-15T19:59:59Z","Réseaux routier - Réfection et travaux corrélatifs","Trafalgar entre McDougall et Trafalgar","Ville de Montréal",,"t","t","t","t","t","t","t","t","t","t","f","f","f","f",,,,,,,,,,,,,,,"2026-08-12T00:01:57Z",-73.59821288253949,45.49455718749602
"6a7241a18d981b0012f4240e","OCC-2608TW08222055","201202","Saint-Léonard","Travaux","Permis émis","2026-08-09T20:00:00Z","2026-10-30T19:59:59Z","Construction/rénovation avec excavation","Puyseaux entre Doussin et Grandes-Prairies","Entrepreneur sous contrat avec la Ville de Montréal","Les entreprises Roseneige","t","t","t","t","t","t","t","t","t","t","t","t","t","t",,,,,,,,,,,,,,,"2026-08-12T00:01:57Z",-73.61346267658945,45.59591254498778
"6a74f4a98d88dc00127b1361","OCC-2608ZJ08307403","20594","Villeray-Saint-Michel-Parc-Extension","Travaux","Permis émis","2026-08-16T20:00:00Z","2026-11-16T18:59:59Z","Autre","Chambord entre Everett et Villeray","Entrepreneur sous contrat avec la Ville de Montréal","FER-PAL CONSTRUCTION LTD.","t","t","t","t","t","t","t","t","t","t","t","t","t","t",,,,,,,,,,,,,,,"2026-08-12T00:01:57Z",-73.6168588296968,45.54757570361519
"6a74fa768d981b0012f47bb9","OCC-2608HU08417019","20594","Villeray-Saint-Michel-Parc-Extension","Travaux","Permis émis","2026-08-16T20:00:00Z","2026-11-16T18:59:59Z","Autre","Rancourt entre Champdoré et Charland","Entrepreneur sous contrat avec la Ville de Montréal","FER-PAL CONSTRUCTION LTD.","t","t","t","t","t","t","t","t","t","t","t","t","t","t",,,,,,,,,,,,,,,"2026-08-12T00:01:57Z",-73.63862389257436,45.56928053722864
"6a7b38148d88dc00127b6c7c","OCC-2608EL09299654",,"Mercier-Hochelaga-Maisonneuve","Travaux","Permis émis","2026-07-23T20:00:00Z","2026-09-18T19:59:59Z","AS-2 Réseau aérosouterrain existant","Langelier entre Guillaume-Couture et Ernest-Lavigne","RTU (Réseau technique urbain) ou son sous-traitant
","Bell Canada","t","f","t","f","t","f","t","f","t","f","f","f","f","f",,,"07:00","15:30","07:00","15:30","07:00","15:30","07:00","15:30","07:00","15:30",,,"2026-08-13T00:01:54Z",-73.557496370288,45.58754015245363
"6a79de208d88dc00127b45be","OCC-2608CP09149665","524104","Rosemont-La Petite-Patrie","Travaux","Permis émis","2026-08-16T20:00:00Z","2026-11-16T18:59:59Z","Autre","Jeanne-Mance entre Saint-Zotique et Joseph-Tison","Entrepreneur sous contrat avec la Ville de Montréal","FER-PAL CONSTRUCTION LTD.","t","t","t","t","t","t","t","t","t","t","t","t","t","t",,,,,,,,,,,,,,,"2026-08-13T00:01:54Z",-73.6163370072613,45.52970442537638
"6a7c595d8d88dc00127b8989","OCC-2608EY10033092","2506195981","Le Sud-Ouest","Travaux","Permis émis","2026-08-11T20:00:00Z","2026-10-31T19:59:59Z","Égouts et aqueducs - Excavation","Seigneurs entre Saint-Jacques et Coursol","Entrepreneur sous contrat avec la Ville de Montréal","Roxboro Excavation Inc.","t","t","t","t","t","t","t","t","t","t","t","t","t","t",,,,,,,,,,,,,,,"2026-08-14T00:01:57Z",-73.57316957955415,45.489483760653336
"6a70fa5d8d88dc00127aa150","OCC-2608MZ10183297",,"Ville-Marie","Travaux","Permis émis","2026-08-20T20:00:00Z","2026-10-21T19:59:59Z","Construction/rénovation sans excavation","Sanguinet entre Christin et Dufault","Entreprise","MGB Associés Inc.","t","t","t","t","t","t","t","t","t","t","t","t","t","t",,,,,,,,,,,,,,,"2026-08-14T00:01:57Z",-73.56048547003395,45.51236180616621
"6a7497268d981b0012f4625b","OCC-2608UP10072435",,"Ahuntsic-Cartierville","Travaux","Permis émis","2026-08-16T20:00:00Z","2026-09-25T19:59:59Z","Construction/rénovation avec excavation","Ruelle","Entreprise","SERVICES DE PIPELINE EVOS INC.","t","f","t","f","t","f","t","f","t","f","f","f","f","f",,,"06:00","18:00","06:00","18:00","06:00","18:00","06:00","18:00","06:00","18:00",,,"2026-08-14T00:01:57Z",-73.65866651202693,45.56027125175104
"6a74b0098d981b0012f46996","OCC-2608GS10225700","1712208","Outremont","Travaux","Permis émis","2026-08-13T20:00:00Z","2026-11-30T18:59:59Z","Construction/rénovation sans excavation","Wiseman entre Ducharme et Wiseman","Entrepreneur sous contrat avec la Ville de Montréal","Charex inc","t","t","t","t","t","t","t","t","t","t","t","t","t","t",,,,,,,,,,,,,,,"2026-08-14T00:01:57Z",-73.6176701043091,45.52152571388041
"6a7cd1c48d981b0012f50edd","OCC-2608UV10866668","923948","LaSalle","Travaux","Permis émis","2026-08-16T20:00:00Z","2026-09-30T19:59:59Z","Autre","Gagné entre Bonnier et George","Entrepreneur sous contrat avec la Ville de Montréal","Ramcor Construction inc","t","t","t","t","t","t","t","t","t","t","t","t","t","t",,,,,,,,,,,,,,,"2026-08-15T00:01:39Z",-73.60750522941927,45.42487260578135
"6a7cd2888d88dc00127bae51","OCC-2608BD10868208","923948","LaSalle","Travaux","Permis émis","2026-08-16T20:00:00Z","2026-09-30T19:59:59Z","Autre","Gagné entre Simonne et Lévis-Sauvé","Entrepreneur sous contrat avec la Ville de Montréal","Ramcor Construction inc","t","t","t","t","t","t","t","t","t","t","t","t","t","t",,,,,,,,,,,,,,,"2026-08-15T00:01:39Z",-73.60527252463137,45.424008740112974
"6a7cddc28d981b0012f51009","OCC-2608LI10862562",,"Ahuntsic-Cartierville","Travaux","Permis émis","2026-08-12T20:00:00Z","2026-09-12T19:59:59Z","Construction/rénovation sans excavation","Bois-de-Boulogne entre Émilien-Daoust et Robert-Charbonneau","Entreprise","Immeuble 10355 Bois-de-Boulogne Inc.","t","t","t","t","t","t","t","t","t","t","t","t","t","t",,,,,,,,,,,,,,,"2026-08-15T00:01:39Z",-73.67434534608759,45.53768464883599
"6a7da7718d88dc00127bb53a","OCC-2608BS10824299",,"Ville-Marie","Travaux","Permis émis","2026-07-17T20:00:00Z","2026-09-15T19:59:59Z","Construction/rénovation sans excavation","Ruelle","Organisation publique ou son sous-traitant","Céleb Construction ltée","t","t","t","t","t","t","t","t","t","t","t","t","t","t",,,,,,,,,,,,,,,"2026-08-15T00:01:39Z",-73.56522800889768,45.51088143058754
"6a7dbe138d88dc00127bb9c2","OCC-2608VW10953300",,"Ahuntsic-Cartierville","Travaux","Permis émis","2026-08-15T20:00:00Z","2026-09-25T19:59:59Z","Construction/rénovation avec excavation","Chambord entre Fleury et Prieur","Entreprise","SERVICES DE PIPELINE EVOS INC.","t","t","t","t","t","t","t","t","t","t","f","f","f","f",,,,,,,,,,,,,,,"2026-08-15T00:01:39Z",-73.65905954604213,45.56004477168439
"6a7dbe9a8d88dc00127bb9fb","OCC-2608SI10953868",,"Ahuntsic-Cartierville","Travaux","Permis émis","2026-08-15T20:00:00Z","2026-10-02T19:59:59Z","Construction/rénovation avec excavation","Chambord entre Fleury et Prieur","Entreprise","SERVICES DE PIPELINE EVOS INC.","t","t","t","t","t","t","t","t","t","t","t","t","t","t",,,,,,,,,,,,,,,"2026-08-15T00:01:39Z",-73.65872347064114,45.55994037047002
"6a4fc0bc45ae010012f237c3","OCC-2607CG07567880","524101","Côte-des-Neiges-Notre-Dame-de-Grâce","Travaux","Permis émis","2026-06-30T20:00:00Z","2026-09-25T19:59:59Z","Égouts et aqueducs - Excavation","Queen-Mary entre Lemieux et Décarie","Entrepreneur sous contrat avec la Ville de Montréal","Services d'infrastructures Vortex","t","t","t","t","t","t","t","t","t","t","t","t","t","t",,,,,,,,,,,,,,,"2026-08-15T00:01:39Z",-73.62828633332778,45.484809937594704
"6a74bb448d88dc00127b066e","OCC-2608XY11045084","1783240","Le Plateau-Mont-Royal","Travaux","Permis émis","2026-08-16T20:00:00Z","2026-09-14T19:59:59Z","Construction/rénovation avec excavation","Ruelle","Entrepreneur sous contrat avec la Ville de Montréal","Urbex Construction INC","t","t","t","t","t","t","t","t","t","t","t","t","t","t",,,,,,,,,,,,,,,"2026-08-15T00:01:39Z",-73.58245197372949,45.529011122608594
"6a74c6018d981b0012f46fa7","OCC-2608MH11045769","1783240","Le Plateau-Mont-Royal","Travaux","Permis émis","2026-08-16T20:00:00Z","2026-09-14T19:59:59Z","Construction/rénovation avec excavation","Ruelle","Entrepreneur sous contrat avec la Ville de Montréal","Urbex Construction INC","t","t","t","t","t","t","t","t","t","t","t","t","t","t",,,,,,,,,,,,,,,"2026-08-15T00:01:39Z",-73.58363237737667,45.52820361163009
"6a74ddc38d88dc00127b104d","OCC-2608ZF10824954","2621301","Rosemont-La Petite-Patrie","Travaux","Permis émis","2026-08-31T20:00:00Z","2026-09-30T19:59:59Z","Égouts et aqueducs - Inspection et nettoyage","D'Iberville entre Dandurand et Jourdain","Entrepreneur sous contrat avec la Ville de Montréal","SIMO Management","t","f","t","f","t","f","t","f","t","f","f","f","f","f",,,"07:00","16:00","07:00","16:00","07:00","16:00","07:00","16:00","07:00","16:00",,,"2026-08-15T00:01:39Z",-73.58144799340187,45.54437804793737
"6a79d7548d88dc00127b43d2","OCC-2608OA10944662","524202","Côte-des-Neiges-Notre-Dame-de-Grâce","Travaux","Permis émis","2026-08-17T20:00:00Z","2026-09-11T19:59:59Z","Autre","Kent entre Hudson et Côte-des-Neiges","Entrepreneur sous contrat avec la Ville de Montréal","Les Pavages Céka","t","f","t","f","t","f","t","f","t","f","t","f","f","f","10:00","17:00","07:00","19:00","07:00","19:00","07:00","19:00","07:00","19:00","07:00","19:00",,,"2026-08-15T00:01:39Z",-73.63078106051013,45.50396629827239
"6a7a36c98d88dc00127b5a23","OCC-2608BQ11031512","193711","Le Sud-Ouest","Travaux","Permis émis","2026-08-16T20:00:00Z","2026-11-06T18:59:59Z","Égouts et aqueducs - Excavation","Saint-Jacques entre Guy et Seigneurs","Entrepreneur sous contrat avec la Ville de Montréal","Pronex Excavation","t","t","t","t","t","t","t","t","t","t","t","t","t","t",,,,,,,,,,,,,,,"2026-08-15T00:01:39Z",-73.57091941343751,45.49114645929849
"6a833e548d88dc00127c2076","OCC-2608PY14532288",,"Côte-des-Neiges-Notre-Dame-de-Grâce","Travaux","Permis émis","2026-08-17T20:00:00Z","2026-09-11T19:59:59Z","Construction/rénovation avec excavation","Plamondon entre Lavoie et Victoria","Entreprise","Groupe SCP Environnement Inc.","t","f","t","f","t","f","t","f","t","f","f","f","f","f",,,"07:00","17:00","07:00","17:00","07:00","17:00","07:00","17:00","07:00","17:00",,,"2026-08-19T00:01:47Z",-73.64022949905592,45.49597501492461
"6a39728934772f0012a6faeb","OCC-2606IE19548330",,"Le Plateau-Mont-Royal","Travaux","Permis émis","2026-06-24T20:00:00Z","2026-11-27T18:59:59Z","Construction/rénovation sans excavation","Prince-Arthur entre Jeanne-Mance et Parc","Entreprise","St-Denis Thompson","t","t","t","t","t","t","t","t","t","t","t","t","t","t",,,,,,,,,,,,,,,"2026-06-24T00:01:47Z",-73.57551565492398,45.51070713718319
"6a3a655e34772f0012a70c0c","OCC-2606FO19498651","193711","Le Sud-Ouest","Travaux","Permis émis","2026-06-22T20:00:00Z","2026-11-30T18:59:59Z","Égouts et aqueducs - Réhabilitation","Saint-Jacques entre Guy et Richmond","Entrepreneur sous contrat avec la Ville de Montréal","Pronex Excavation","t","t","t","t","t","t","t","t","t","t","t","t","t","t",,,,,,,,,,,,,,,"2026-06-24T00:01:47Z",-73.57030077517186,45.49142838151111
"6a7321668d981b0012f42b46","OCC-2608JR05892251","26006","St-Laurent","Travaux","Permis émis","2026-08-09T20:00:00Z","2026-09-13T19:59:59Z","Trottoirs - Construction","Tait entre Bourdon et Tait","Entrepreneur sous contrat avec la Ville de Montréal","PAVAGES MULTIPRO INC.","t","t","t","t","t","t","t","t","t","t","t","t","t","t",,,,,,,,,,,,,,,"2026-08-09T00:01:56Z",-73.67617120789156,45.50129269741019
"6a3a8f1634772f0012a716b6","OCC-2606CO19509158","193711","Le Sud-Ouest","Travaux","Permis émis","2026-06-02T20:00:00Z","2026-12-18T18:59:59Z","Construction/rénovation avec excavation","Saint-Jacques entre Canning et Georges-Vanier","Entrepreneur sous contrat avec la Ville de Montréal","Pronex Excavation","t","t","t","t","t","t","t","t","t","t","t","t","t","t",,,,,,,,,,,,,,,"2026-06-24T00:01:47Z",-73.57389194391878,45.48719245447528
"6a732ab18d981b0012f42cfb","OCC-2608TF04853002","2602","Rivière-des-Prairies-Pointe-aux-Trembles","Travaux","Permis émis","2026-08-09T20:00:00Z","2026-09-18T19:59:59Z","Construction/rénovation avec excavation","48e entre Victoria et De Montigny","Entrepreneur sous contrat avec la Ville de Montréal","Eurovia Québec Construction","t","t","t","t","t","t","t","t","t","t","t","t","t","t",,,,,,,,,,,,,,,"2026-08-08T00:01:56Z",-73.49770322653335,45.667349123586845
"6a7379b68d88dc00127ae023","OCC-2608HE04875014",,"Pierrefonds-Roxboro","Travaux","Permis émis","2026-08-30T20:00:00Z","2026-09-11T19:59:59Z","AS-2 Réseau aérosouterrain existant","Gouin entre Lucerne et Deslauriers","RTU (Réseau technique urbain) ou son sous-traitant
","Bell Canada","t","f","t","f","t","f","t","f","t","f","f","f","f","f",,,"09:30","15:30","09:30","15:30","09:30","15:30","09:30","15:30","09:30","15:30",,,"2026-08-08T00:01:56Z",-73.78667353769804,45.50498364205436
"6a737ee68d88dc00127ae19f","OCC-2608MF04865406",,"Pierrefonds-Roxboro","Travaux","Permis émis","2026-09-06T20:00:00Z","2026-09-25T19:59:59Z","AS-2 Réseau aérosouterrain existant","Gouin entre Pierre-Lauzon et Sunnybrooke","RTU (Réseau technique urbain) ou son sous-traitant
","Bell Canada","t","f","t","f","t","f","t","f","t","f","f","f","f","f",,,"09:30","15:30","09:30","15:30","09:30","15:30","09:30","15:30","09:30","15:30",,,"2026-08-08T00:01:56Z",-73.78171182392327,45.50402447384252
"6a7498248d981b0012f462bc","OCC-2608KM04836213",,"Ville-Marie","Travaux","Permis émis","2026-08-07T20:00:00Z","2026-10-30T19:59:59Z","Construction/rénovation sans excavation","Viger entre Saint-Urbain et Chenneville","Organisation publique ou son sous-traitant","Les Entreprises Victor & François Inc.","t","t","t","t","t","t","t","t","t","t","t","t","t","t",,,,,,,,,,,,,,,"2026-08-08T00:01:56Z",-73.56010606863948,45.50593236632072
"6a3eaf1934772f0012a79d6f","OCC-2606HM22209810",,"Le Sud-Ouest","Travaux","Permis émis","2026-06-19T20:00:00Z","2027-06-18T19:59:59Z","Construction/rénovation avec excavation","Young entre Ottawa et William","Entreprise","Corsim Construction Inc.","t","t","t","t","t","t","t","t","t","t","t","t","t","t",,,,,,,,,,,,,,,"2026-06-28T00:01:54Z",-73.55997755866181,45.49365028581978
"6a732ba68d981b0012f42d15","OCC-2608ZK05917350","26006","St-Laurent","Travaux","Permis émis","2026-08-09T20:00:00Z","2026-09-20T19:59:59Z","Réseaux routier - Réfection et travaux corrélatifs","Noël entre Mantha et Brunet","Entrepreneur sous contrat avec la Ville de Montréal","PAVAGES MULTIPRO INC.","t","t","t","t","t","t","t","t","t","t","t","t","t","t",,,,,,,,,,,,,,,"2026-08-09T00:01:56Z",-73.6826514609491,45.49859943725132
"6a73726e8d981b0012f4428d","OCC-2608VN05949597",,"St-Laurent","Travaux","Permis émis","2026-08-09T20:00:00Z","2026-09-11T19:59:59Z","Autre","Ruelle","Organisation publique ou son sous-traitant","EXCAVATION CLAUDE GUERTIN INC.","t","f","t","f","t","f","t","f","t","f","f","f","f","f",,,"07:00","17:00","07:00","17:00","07:00","17:00","07:00","17:00","07:00","17:00",,,"2026-08-09T00:01:56Z",-73.67749348745068,45.49566299963488
"6a746cd98d981b0012f457ec","OCC-2608AN05623242","2520820","Anjou","Travaux","Permis émis","2026-08-30T20:00:00Z","2026-09-11T19:59:59Z","Égouts et aqueducs - Inspection et nettoyage","Jarry entre Claveau et Edison","Entrepreneur sous contrat avec la Ville de Montréal","9363-9888 Québec Inc. (Sanivac Montréal)","t","f","t","f","t","f","t","f","t","f","f","f","f","f",,,"07:00","18:00","07:00","18:00","07:00","18:00","07:00","18:00","07:00","18:00",,,"2026-08-09T00:01:56Z",-73.56739456459891,45.61110300182743
"6a74a66c8d88dc00127b009c","OCC-2608KF04896418",,"Côte-des-Neiges-Notre-Dame-de-Grâce","Travaux","Permis émis","2026-08-02T20:00:00Z","2026-11-06T18:59:59Z","Construction/rénovation sans excavation","Vézina entre Décarie et Coolbrook","Entreprise","Les entreprises QMD inc.","t","t","t","t","t","t","t","t","t","t","t","t","t","t",,,,,,,,,,,,,,,"2026-08-09T00:01:56Z",-73.64819924660532,45.49166938542567
"6a75ebaa8d981b0012f48b92","OCC-2608ZJ05708409","317601","Rivière-des-Prairies-Pointe-aux-Trembles","Travaux","Permis émis","2026-08-09T20:00:00Z","2026-10-21T19:59:59Z","Construction/rénovation avec excavation","Saint-Jean-Baptiste entre Notre-Dame et Prince-Albert","Entrepreneur sous contrat avec la Ville de Montréal","Duroking Construction","t","t","t","t","t","t","t","t","t","t","t","t","t","t",,,,,,,,,,,,,,,"2026-08-09T00:01:56Z",-73.49043393096521,45.64004338688951
"6a7a0bef8d981b0012f4b6cb","OCC-2608VT08424755","1816","Ville-Marie","Travaux","Permis émis","2026-02-16T19:00:00Z","2027-03-02T18:59:59Z","Construction/rénovation sans excavation","Nazareth entre Commune et Brennan","Entrepreneur sous contrat avec la Ville de Montréal","Afcor construction inc.","t","t","t","t","t","t","t","t","t","t","t","t","t","t",,,,,,,,,,,,,,,"2026-08-12T00:01:57Z",-73.55363953692978,45.49475705072734
"6a7c72298d981b0012f4ecd4","OCC-2608JF10132783","1570497","Rivière-des-Prairies-Pointe-aux-Trembles","Travaux","Permis émis","2026-09-06T20:00:00Z","2026-09-18T19:59:59Z","Égouts et aqueducs - Inspection et nettoyage","42e entre Bellerive et Notre-Dame","Entrepreneur sous contrat avec la Ville de Montréal","ORTEC ENVIRONNEMENT SERVICES INC","t","f","t","f","t","f","t","f","t","f","f","f","f","f",,,"07:00","19:00","07:00","19:00","07:00","19:00","07:00","19:00","07:00","19:00",,,"2026-08-14T00:01:57Z",-73.49233478072398,45.66256111495515
"6a7c72d18d88dc00127b8fd6","OCC-2608MP10001751",,"Anjou","Travaux","Permis émis","2026-05-18T20:00:00Z","2026-09-19T19:59:59Z","Autre","Châteauneuf entre Louis-H.-La Fontaine et Bourgneuf","Organisation publique ou son sous-traitant","Société de transports de Montréal (STM) Prolongement de la ligne bleue","t","t","t","t","t","t","t","t","t","t","t","t","t","t",,,,,,,,,,,,,,,"2026-08-14T00:01:57Z",-73.55952922086689,45.60290222911041
"6a7c73688d88dc00127b9009","OCC-2608VU10004892",,"Anjou","Travaux","Permis émis","2026-05-18T20:00:00Z","2026-09-19T19:59:59Z","Autre","Châteauneuf entre Louis-H.-La Fontaine et Bourgneuf","Organisation publique ou son sous-traitant","Société de transports de Montréal (STM) Prolongement de la ligne bleue","t","t","t","t","t","t","t","t","t","t","t","t","t","t",,,,,,,,,,,,,,,"2026-08-14T00:01:57Z",-73.55957669494128,45.602776347060775
"6a7c74c88d981b0012f4edb5","OCC-2608FY10133770","1570497","Rivière-des-Prairies-Pointe-aux-Trembles","Travaux","Permis émis","2026-09-06T20:00:00Z","2026-09-18T19:59:59Z","Égouts et aqueducs - Inspection et nettoyage","43e entre De Montigny et Forsyth","Entrepreneur sous contrat avec la Ville de Montréal","ORTEC ENVIRONNEMENT SERVICES INC","t","f","t","f","t","f","t","f","t","f","f","f","f","f",,,"07:00","19:00","07:00","19:00","07:00","19:00","07:00","19:00","07:00","19:00",,,"2026-08-14T00:01:57Z",-73.50288483552093,45.665103597679526
"6a7c78648d88dc00127b92e2","OCC-2608SK10000203","522801","Le Sud-Ouest","Travaux","Permis émis","2026-08-11T20:00:00Z","2026-12-15T18:59:59Z","Construction/rénovation avec excavation","15 entre 15 et 15","Entrepreneur sous contrat avec la Ville de Montréal","St-Denis Thompson","t","t","t","t","t","t","t","t","t","t","t","t","t","t",,,,,,,,,,,,,,,"2026-08-14T00:01:57Z",-73.5927422567531,45.46493979250516
"6a7c7a938d88dc00127b9380","OCC-2608MS10134441","1570497","Rivière-des-Prairies-Pointe-aux-Trembles","Travaux","Permis émis","2026-09-06T20:00:00Z","2026-09-18T19:59:59Z","Égouts et aqueducs - Inspection et nettoyage","43e entre Albéric-Gélinas et Ontario","Entrepreneur sous contrat avec la Ville de Montréal","ORTEC ENVIRONNEMENT SERVICES INC","t","f","t","f","t","f","t","f","t","f","f","f","f","f",,,"07:00","19:00","07:00","19:00","07:00","19:00","07:00","19:00","07:00","19:00",,,"2026-08-14T00:01:57Z",-73.5009411663204,45.664785605389866
"6a7c7e268d88dc00127b93f9","OCC-2608ZU10134877","1570497","Rivière-des-Prairies-Pointe-aux-Trembles","Travaux","Permis émis","2026-09-06T20:00:00Z","2026-09-18T19:59:59Z","Égouts et aqueducs - Inspection et nettoyage","43e entre De La Gauchetière et Albéric-Gélinas","Entrepreneur sous contrat avec la Ville de Montréal","ORTEC ENVIRONNEMENT SERVICES INC","t","f","t","f","t","f","t","f","t","f","f","f","f","f",,,"07:00","19:00","07:00","19:00","07:00","19:00","07:00","19:00","07:00","19:00",,,"2026-08-14T00:01:57Z",-73.49885215151525,45.66444151776441
"6a7c7f7b8d981b0012f4f3b7","OCC-2608WX10151946","1570497","Rivière-des-Prairies-Pointe-aux-Trembles","Travaux","Permis émis","2026-09-06T20:00:00Z","2026-09-18T19:59:59Z","Égouts et aqueducs - Inspection et nettoyage","43e entre Victoria et De La Gauchetière","Entrepreneur sous contrat avec la Ville de Montréal","ORTEC ENVIRONNEMENT SERVICES INC","t","f","t","f","t","f","t","f","t","f","f","f","f","f",,,"07:00","19:00","07:00","19:00","07:00","19:00","07:00","19:00","07:00","19:00",,,"2026-08-14T00:01:57Z",-73.49617354844212,45.664000032634505
"6a7c80678d981b0012f4f3cf","OCC-2608ES10152691","1570497","Rivière-des-Prairies-Pointe-aux-Trembles","Travaux","Permis émis","2026-09-06T20:00:00Z","2026-09-18T19:59:59Z","Égouts et aqueducs - Inspection et nettoyage","45e entre Ontario et Forsyth","Entrepreneur sous contrat avec la Ville de Montréal","ORTEC ENVIRONNEMENT SERVICES INC","t","f","t","f","t","f","t","f","t","f","f","f","f","f",,,"07:00","19:00","07:00","19:00","07:00","19:00","07:00","19:00","07:00","19:00",,,"2026-08-14T00:01:57Z",-73.5028012840253,45.66583792958203
"6a7c83098d981b0012f4f456","OCC-2608PG10048269","1794082","Verdun","Travaux","Permis émis","2026-08-16T20:00:00Z","2026-09-15T19:59:59Z","Autre","1re entre Verdun et Bannantyne","Entrepreneur sous contrat avec la Ville de Montréal","Arboriculture de beauce","t","f","t","f","t","f","t","f","t","f","f","f","f","f",,,"06:00","18:00","06:00","18:00","06:00","18:00","06:00","18:00","06:00","18:00",,,"2026-08-14T00:01:57Z",-73.57391621426366,45.458755766152045
"6a7c85548d981b0012f4f4c0","OCC-2608EF10149592","923948","LaSalle","Travaux","Permis émis","2026-08-16T20:00:00Z","2026-09-30T19:59:59Z","Autre","Hepworth entre 65e et 68e","Entrepreneur sous contrat avec la Ville de Montréal","Ramcor Construction inc","t","t","t","t","t","t","t","t","t","t","t","t","t","t",,,,,,,,,,,,,,,"2026-08-14T00:01:57Z",-73.62698682032263,45.42030931068067
"6a7c87838d981b0012f4f515","OCC-2608LP10153125","1570497","Rivière-des-Prairies-Pointe-aux-Trembles","Travaux","Permis émis","2026-09-06T20:00:00Z","2026-09-18T19:59:59Z","Égouts et aqueducs - Inspection et nettoyage","45e entre Ontario et Forsyth","Entrepreneur sous contrat avec la Ville de Montréal","ORTEC ENVIRONNEMENT SERVICES INC","t","f","t","f","t","f","t","f","t","f","f","f","f","f",,,"07:00","19:00","07:00","19:00","07:00","19:00","07:00","19:00","07:00","19:00",,,"2026-08-14T00:01:57Z",-73.50280195734145,45.66584467947051
"6a7c8abf8d981b0012f4f5dd","OCC-2608AY10135491","1570497","Rivière-des-Prairies-Pointe-aux-Trembles","Travaux","Permis émis","2026-09-06T20:00:00Z","2026-09-18T19:59:59Z","Égouts et aqueducs - Inspection et nettoyage","45e entre 46e et Albéric-Gélinas","Entrepreneur sous contrat avec la Ville de Montréal","ORTEC ENVIRONNEMENT SERVICES INC","t","f","t","f","t","f","t","f","t","f","f","f","f","f",,,"07:00","19:00","07:00","19:00","07:00","19:00","07:00","19:00","07:00","19:00",,,"2026-08-14T00:01:57Z",-73.49833539037806,45.665374682515626
"6a7ca9808d88dc00127b9eae","OCC-2608TR10128354",,"Ville-Marie","Travaux","Permis émis","2026-08-10T20:00:00Z","2026-09-11T19:59:59Z","Construction/rénovation sans excavation","Labelle entre René-Lévesque et Sainte-Catherine","Entreprise","les Constructions Reliance Du Canada Ltée","t","t","t","t","t","t","t","t","t","t","t","t","t","t",,,,,,,,,,,,,,,"2026-08-14T00:01:57Z",-73.5586308409388,45.51499367625016
"6a7cb4658d88dc00127ba2ab","OCC-2608QU10169154",,"Montréal-Nord","Travaux","Permis émis","2026-09-08T20:00:00Z","2026-09-11T19:59:59Z","Déménagement","Parc-Georges entre Fleury et Prieur",,,"t","f","t","f","t","f","t","f","t","f","f","f","f","f",,,"07:00","19:00","07:00","19:00","07:00","19:00","07:00","19:00","07:00","19:00",,,"2026-08-14T00:01:57Z",-73.64070534807252,45.58185452323832
"6a7ded7b8d88dc00127bc6ac","OCC-2608JQ11013035","923948","LaSalle","Travaux","Permis émis","2026-08-16T20:00:00Z","2026-09-30T19:59:59Z","Autre","Gérald entre Bannon et Champlain","Entrepreneur sous contrat avec la Ville de Montréal","Ramcor Construction inc","t","t","t","t","t","t","t","t","t","t","t","t","t","t",,,,,,,,,,,,,,,"2026-08-15T00:01:39Z",-73.59526405536761,45.43646885800574
"6a7dec6b8d981b0012f52467","OCC-2608RY11012718","923948","LaSalle","Travaux","Permis émis","2026-08-16T20:00:00Z","2026-09-30T19:59:59Z","Autre","Gérald entre Bannon et Champlain","Entrepreneur sous contrat avec la Ville de Montréal","Ramcor Construction inc","t","t","t","t","t","t","t","t","t","t","t","t","t","t",,,,,,,,,,,,,,,"2026-08-15T00:01:39Z",-73.59734249076826,45.436795782898834
"6a7df8288d981b0012f5276b","OCC-2608TD11096967","923948","LaSalle","Travaux","Permis émis","2026-08-16T20:00:00Z","2026-09-30T19:59:59Z","Autre","Gérald entre Churchill et Ouimet","Entrepreneur sous contrat avec la Ville de Montréal","Ramcor Construction inc","t","t","t","t","t","t","t","t","t","t","t","t","t","t",,,,,,,,,,,,,,,"2026-08-15T00:01:39Z",-73.59004332291059,45.43564024593949
"6a7dfd128d981b0012f528b0","OCC-2608ZI10998346",,"Rosemont-La Petite-Patrie","Travaux","Permis émis","2026-06-22T20:00:00Z","2026-10-31T19:59:59Z","Construction/rénovation sans excavation","Ruelle","Entreprise","Y&D Rénovations Inc.","t","t","t","t","t","t","t","t","t","t","t","t","t","t",,,,,,,,,,,,,,,"2026-08-15T00:01:39Z",-73.59751526504166,45.53818613240705
"6a7dfd268d981b0012f528c6","OCC-2608TZ11025187",,"Rosemont-La Petite-Patrie","Travaux","Permis émis","2026-08-12T20:00:00Z","2026-10-14T19:59:59Z","Autre","Beaubien entre Boyer et Christophe-Colomb","Entreprise","SOCIÉTÉ LOCATIVE D'INVESTISSEMENT ET DE DÉVELOPPEMENT SOCIAL (SOLIDES)","t","t","t","t","t","t","t","t","t","t","t","t","t","t",,,,,,,,,,,,,,,"2026-08-15T00:01:39Z",-73.60195910468035,45.53713044989902
"6a7e11328d981b0012f52eb3","OCC-2608TZ11047336",,"Ville-Marie","Travaux","Permis émis","2026-08-17T20:00:00Z","2026-11-27T18:59:59Z","Construction/rénovation sans excavation","Ruelle","Entreprise","Groupe Module Construction","t","t","t","t","t","t","t","t","t","t","t","t","t","t",,,,,,,,,,,,,,,"2026-08-15T00:01:39Z",-73.57765528312817,45.49864592676597
"6a5e514445ae010012f345cf","OCC-2608EI11729777",,"Mercier-Hochelaga-Maisonneuve","Travaux","Permis émis","2026-08-16T20:00:00Z","2026-09-30T19:59:59Z","Construction/rénovation sans excavation","Ontario entre Leclaire et Théodore","Entreprise","MVP CONSTRUCTION ET HABITATIONS INC","t","t","t","t","t","t","t","t","t","t","t","t","t","t",,,,,,,,,,,,,,,"2026-08-16T00:01:54Z",-73.5366164396285,45.55758242143935
"6a7de3078d981b0012f5217c","OCC-2608WK11758071","923948","LaSalle","Travaux","Permis émis","2026-08-16T20:00:00Z","2026-09-30T19:59:59Z","Autre","Lacharité entre Churchill et Allion","Entrepreneur sous contrat avec la Ville de Montréal","Ramcor Construction inc","t","t","t","t","t","t","t","t","t","t","t","t","t","t",,,,,,,,,,,,,,,"2026-08-16T00:01:54Z",-73.58885319691828,45.43407832856936
"6a7de5ac8d88dc00127bc4e7","OCC-2608AB11798903","923948","LaSalle","Travaux","Permis émis","2026-08-16T20:00:00Z","2026-09-30T19:59:59Z","Autre","Senécal entre Churchill et Ouimet","Entrepreneur sous contrat avec la Ville de Montréal","Ramcor Construction inc","t","t","t","t","t","t","t","t","t","t","t","t","t","t",,,,,,,,,,,,,,,"2026-08-16T00:01:54Z",-73.59033938448168,45.43498483625191
"6a7de9b28d981b0012f52407","OCC-2608YO11802464","923948","LaSalle","Travaux","Permis émis","2026-08-16T20:00:00Z","2026-09-30T19:59:59Z","Autre","Senécal entre Bannon et Centrale","Entrepreneur sous contrat avec la Ville de Montréal","Ramcor Construction inc","t","t","t","t","t","t","t","t","t","t","t","t","t","t",,,,,,,,,,,,,,,"2026-08-16T00:01:54Z",-73.59530057364975,45.43577146069511
"6a7deb038d981b0012f52451","OCC-2608YA11802889","923948","LaSalle","Travaux","Permis émis","2026-08-16T20:00:00Z","2026-09-30T19:59:59Z","Autre","Senécal entre Bannon et Centrale","Entrepreneur sous contrat avec la Ville de Montréal","Ramcor Construction inc","t","t","t","t","t","t","t","t","t","t","t","t","t","t",,,,,,,,,,,,,,,"2026-08-16T00:01:54Z",-73.59754593779721,45.43612482283984
"6a7def948d981b0012f5255e","OCC-2608EY11801992","923948","LaSalle","Travaux","Permis émis","2026-08-16T20:00:00Z","2026-09-30T19:59:59Z","Autre","Gérald entre Ouimet et Bannon","Entrepreneur sous contrat avec la Ville de Montréal","Ramcor Construction inc","t","t","t","t","t","t","t","t","t","t","t","t","t","t",,,,,,,,,,,,,,,"2026-08-16T00:01:54Z",-73.5934764951944,45.43618084671312
"6a7f4e1e8d981b0012f55031","OCC-2608QC14349968",,"Le Plateau-Mont-Royal","Travaux","Permis émis","2026-08-18T20:00:00Z","2026-09-17T19:59:59Z","Autre","Ruelle","Entreprise","Bisson Expert Inc","t","t","t","t","t","t","t","t","t","t","t","t","t","t",,,,,,,,,,,,,,,"2026-08-19T00:01:47Z",-73.59295510513573,45.51788931823127
"6a7cfa2d8d88dc00127bb485","OCC-2608UE14442988",,"Ville-Marie","Travaux","Permis émis","2026-08-23T20:00:00Z","2026-09-11T19:59:59Z","Égouts et aqueducs - Excavation","Bonsecours entre Saint-Paul et Notre-Dame","Entreprise","Fondation Phi pour l'art contemporain","t","t","t","t","t","t","t","t","t","t","f","f","f","f",,,,,,,,,,,,,,,"2026-08-19T00:01:47Z",-73.5519909890693,45.50998601253781
"6a7f70318d88dc00127bfdad","OCC-2608IC14290573",,"Anjou","Travaux","Permis émis","2026-04-20T20:00:00Z","2026-09-22T19:59:59Z","Autre","Pauline-Vanier entre Métropolitain et Jarry","Organisation publique ou son sous-traitant","Société de transports de Montréal (STM) Prolongement de la ligne bleue","t","t","t","t","t","t","t","t","t","t","t","t","t","t",,,,,,,,,,,,,,,"2026-08-19T00:01:47Z",-73.56662922017308,45.6079497823948
"6a8349f18d981b0012f57911","OCC-2608GO14474767","30000000","Le Plateau-Mont-Royal","Travaux","Permis émis","2026-08-16T20:00:00Z","2026-09-15T19:59:59Z","Entretien","Mont-Royal entre Saint-Hubert et De Lanaudière","Entrepreneur sous contrat avec la Ville de Montréal","Lumi-vert","t","f","t","f","t","f","t","f","t","f","f","f","f","f",,,"05:00","11:00","05:00","11:00","05:00","11:00","05:00","11:00","05:00","11:00",,,"2026-08-19T00:01:47Z",-73.5834706690056,45.52325948056757
"6a7df5c18d88dc00127bc8f4","OCC-2608NC14362357","432210","St-Laurent","Travaux","Permis émis","2026-08-19T20:00:00Z","2026-10-02T19:59:59Z","Égouts et aqueducs - Excavation","Lindsay entre Collège et Beaudet","Entrepreneur sous contrat avec la Ville de Montréal","Les Pavages D'Amour inc.","t","t","t","t","t","t","t","t","t","t","t","t","t","t",,,,,,,,,,,,,,,"2026-08-19T00:01:47Z",-73.68048050555834,45.50648856807904
"6a74cf178d88dc00127b0bb1","OCC-2608OD05023811","1783533","Côte-des-Neiges-Notre-Dame-de-Grâce","Travaux","Permis émis","2026-08-11T20:00:00Z","2026-11-27T18:59:59Z","Construction/rénovation avec excavation","Doherty entre Somerled et Fielding","Entrepreneur sous contrat avec la Ville de Montréal","Urbex Construction INC","t","t","t","t","t","t","t","t","t","t","t","t","t","t",,,,,,,,,,,,,,,"2026-08-08T00:01:56Z",-73.64760711956671,45.4608916989554
"6a3ebd97816ebc0012d362e5","OCC-2606QG22247189","524104","Rosemont-La Petite-Patrie","Travaux","Permis émis","2026-06-28T20:00:00Z","2026-10-13T19:59:59Z","Autre","Chambord entre Beaubien et Saint-Zotique","Entrepreneur sous contrat avec la Ville de Montréal","FER-PAL CONSTRUCTION LTD.","t","t","t","t","t","t","t","t","t","t","t","t","t","t",,,,,,,,,,,,,,,"2026-06-28T00:01:54Z",-73.60128364056185,45.54075350427034
"6a57b8a045ae010012f2e3d3","OCC-2608ZH08265924",,"Le Plateau-Mont-Royal","Travaux","Permis émis","2026-08-30T20:00:00Z","2026-09-11T19:59:59Z","Construction/rénovation sans excavation","Bordeaux entre Laurier et Masson","Entreprise","besco construction","t","t","t","t","t","t","t","t","t","t","t","t","t","t",,,,,,,,,,,,,,,"2026-08-12T00:01:57Z",-73.58199409052723,45.53877848803095
"6a79be948d981b0012f4a4a0","OCC-2608IY08213816",,"Anjou","Travaux","Permis émis","2026-09-10T20:00:00Z","2026-09-12T19:59:59Z","Autre","Parc Goncourt","Ville de Montréal",,"t","f","t","f","t","f","t","f","t","f","t","f","f","f","00:00","09:00","18:00","23:59","18:00","23:59","18:00","23:59","18:00","23:59","18:00","23:59",,,"2026-08-12T00:01:57Z",-73.55870218420174,45.6031948666413
"6a79c0cb8d981b0012f4a541","OCC-2608KE08218054",,"Anjou","Travaux","Permis émis","2026-09-09T20:00:00Z","2026-09-12T19:59:59Z","Autre","Parc Goncourt","Ville de Montréal",,"t","f","t","f","t","f","t","f","t","f","t","f","f","f","00:00","17:00","20:00","23:59","20:00","23:59","20:00","23:59","20:00","23:59","20:00","23:59",,,"2026-08-12T00:01:57Z",-73.5575901971844,45.60289204925978
"6a79c2648d88dc00127b3e13","OCC-2608GW08221906",,"Anjou","Travaux","Permis émis","2026-09-10T20:00:00Z","2026-09-12T19:59:59Z","Autre","Goncourt entre Candes et Châteauneuf","Ville de Montréal",,"t","f","t","f","t","f","t","f","t","f","t","f","f","f","00:00","17:00","19:00","23:59","19:00","23:59","19:00","23:59","19:00","23:59","19:00","23:59",,,"2026-08-12T00:01:57Z",-73.55711941275565,45.60308372415774
"6a79c3fc8d981b0012f4a5f7","OCC-2608JO08225926",,"Anjou","Travaux","Permis émis","2026-09-09T20:00:00Z","2026-09-12T19:59:59Z","Autre","Parc Goncourt","Ville de Montréal",,"t","f","t","f","t","f","t","f","t","f","t","f","f","f","00:00","17:00","18:00","23:59","18:00","23:59","18:00","23:59","18:00","23:59","18:00","23:59",,,"2026-08-12T00:01:57Z",-73.55851844756499,45.60201059466624
"6a79c5e68d88dc00127b3eca","OCC-2608NL08288693",,"Villeray-Saint-Michel-Parc-Extension","Travaux","Permis émis","2026-08-09T20:00:00Z","2026-11-02T18:59:59Z","Construction/rénovation sans excavation","Chabot entre Jean-Talon et Everett","Entreprise","LES HABITATIONS COLONIALES INC.","t","f","t","f","t","f","t","f","t","f","f","f","f","f",,,"07:00","16:00","07:00","16:00","07:00","16:00","07:00","16:00","07:00","16:00",,,"2026-08-12T00:01:57Z",-73.60625825122537,45.54918268322636
"6a5e6fc245ae010012f34bbc","OCC-2608WN09143549","524106","Ahuntsic-Cartierville","Travaux","Permis émis","2026-08-12T20:00:00Z","2026-10-26T19:59:59Z","Autre","Louvain entre Saint-Laurent et Esplanade","Entrepreneur sous contrat avec la Ville de Montréal","FER-PAL CONSTRUCTION LTD.","t","t","t","t","t","t","t","t","t","t","t","t","t","t",,,,,,,,,,,,,,,"2026-08-13T00:01:54Z",-73.65529530529462,45.54460625428636
"6a73a0d08d981b0012f450e8","OCC-2608DC09209212","61592","Ahuntsic-Cartierville","Travaux","Permis émis","2026-08-10T20:00:00Z","2026-10-05T19:59:59Z","Construction/rénovation sans excavation","Lighthall entre Saint-Laurent et Clark","Entrepreneur sous contrat avec la Ville de Montréal","Quantum Électrique","t","t","t","t","t","t","t","t","t","t","t","t","t","t",,,,,,,,,,,,,,,"2026-08-13T00:01:54Z",-73.67216504573015,45.54996410045826
"6a7a5d6a8d981b0012f4c2c0","OCC-2608IM09259227",,"Côte-des-Neiges-Notre-Dame-de-Grâce","Travaux","Permis émis","2026-08-11T20:00:00Z","2026-09-23T19:59:59Z","Autre","Walkley entre Terrebonne et Somerled",,,"t","f","t","f","t","f","t","f","t","f","f","f","f","f",,,"07:00","19:00","07:00","19:00","07:00","19:00","07:00","19:00","07:00","19:00",,,"2026-08-13T00:01:54Z",-73.63708297526095,45.4650419114511
"6a5fb30845ae010012f3608a","OCC-2607IV20330844",,"Ville-Marie","Travaux","Permis émis","2026-09-06T20:00:00Z","2026-09-25T19:59:59Z","Entretien","Saint-Jacques entre Gauvin et Robert-Bourassa","Entreprise","eStruxture Limited Partnership","t","t","t","t","t","t","t","t","t","t","t","t","t","t",,,,,,,,,,,,,,,"2026-08-14T00:01:57Z",-73.5619040835054,45.49987973140176
"6a7a17768d981b0012f4b990","OCC-2608BI10069119",,"Ville-Marie","Travaux","Permis émis","2026-08-16T20:00:00Z","2026-09-25T19:59:59Z","Entretien","Saint-Jacques entre Gauvin et Robert-Bourassa","Entreprise","LM 1947 Inc.","t","t","t","t","t","t","t","t","t","t","t","t","t","t",,,,,,,,,,,,,,,"2026-08-14T00:01:57Z",-73.56201163058202,45.49975334951847
"6a7b7baa8d88dc00127b807a","OCC-2608XS09990438",,"Ville-Marie","Travaux","Permis émis","2026-05-24T20:00:00Z","2026-09-18T19:59:59Z","Construction/rénovation avec excavation","Saint-Antoine entre Saint-Urbain et Saint-François-Xavier","Organisation publique ou son sous-traitant","Réfection Ville Marie SEP","t","t","t","t","t","t","t","t","t","t","t","t","t","t",,,,,,,,,,,,,,,"2026-08-14T00:01:57Z",-73.55877600156388,45.50524248801191
"6a7dcd8d8d981b0012f51b49","OCC-2608EX11019215",,"Mercier-Hochelaga-Maisonneuve","Travaux","Permis émis","2026-08-16T20:00:00Z","2026-09-14T19:59:59Z","Construction/rénovation avec excavation","Ville-Marie entre Rouen et Hochelaga","Entreprise","Construction N.R.C. Inc","t","t","t","t","t","t","t","t","t","t","t","t","t","t",,,,,,,,,,,,,,,"2026-08-15T00:01:39Z",-73.53972428699404,45.561292448321886
"6a7dddea8d88dc00127bc2e1","OCC-2608PD11004114","923948","LaSalle","Travaux","Permis émis","2026-08-16T20:00:00Z","2026-09-30T19:59:59Z","Autre","Baribeau entre 11e et 16e","Entrepreneur sous contrat avec la Ville de Montréal","Ramcor Construction inc","t","t","t","t","t","t","t","t","t","t","t","t","t","t",,,,,,,,,,,,,,,"2026-08-15T00:01:39Z",-73.60637791354831,45.42634329581693
"6a7ddfbe8d981b0012f51fe6","OCC-2608CB11006034","923948","LaSalle","Travaux","Permis émis","2026-08-16T20:00:00Z","2026-09-30T19:59:59Z","Autre","Alepin entre Centrale et Broadway","Entrepreneur sous contrat avec la Ville de Montréal","Ramcor Construction inc","t","t","t","t","t","t","t","t","t","t","t","t","t","t",,,,,,,,,,,,,,,"2026-08-15T00:01:39Z",-73.59798557556303,45.43423743422983
"6a7de03d8d88dc00127bc327","OCC-2608ZB11007032","923948","LaSalle","Travaux","Permis émis","2026-08-16T20:00:00Z","2026-09-30T19:59:59Z","Autre","Alepin entre Centrale et Broadway","Entrepreneur sous contrat avec la Ville de Montréal","Ramcor Construction inc","t","t","t","t","t","t","t","t","t","t","t","t","t","t",,,,,,,,,,,,,,,"2026-08-15T00:01:39Z",-73.59963515822567,45.434498373570186
"6a7de1518d88dc00127bc370","OCC-2608ZN11007674","923948","LaSalle","Travaux","Permis émis","2026-08-16T20:00:00Z","2026-09-30T19:59:59Z","Autre","Allion entre Centrale et Champlain","Entrepreneur sous contrat avec la Ville de Montréal","Ramcor Construction inc","t","t","t","t","t","t","t","t","t","t","t","t","t","t",,,,,,,,,,,,,,,"2026-08-15T00:01:39Z",-73.59867763701436,45.434986693790016
"6a7de6fc8d981b0012f52360","OCC-2608MW11096803","923948","LaSalle","Travaux","Permis émis","2026-08-16T20:00:00Z","2026-09-30T19:59:59Z","Autre","Senécal entre Ouimet et Bannon","Entrepreneur sous contrat avec la Ville de Montréal","Ramcor Construction inc","t","t","t","t","t","t","t","t","t","t","t","t","t","t",,,,,,,,,,,,,,,"2026-08-15T00:01:39Z",-73.59382880536002,45.435540787347406
"6a7cb8ac8d981b0012f50534","OCC-2608HF10809562","923948","LaSalle","Travaux","Permis émis","2026-08-16T20:00:00Z","2026-09-30T19:59:59Z","Autre","Hepworth entre 64e et 65e","Entrepreneur sous contrat avec la Ville de Montréal","Ramcor Construction inc","t","t","t","t","t","t","t","t","t","t","t","t","t","t",,,,,,,,,,,,,,,"2026-08-15T00:01:39Z",-73.62553613637343,45.420904491403725
"6a7cbf348d88dc00127ba6b7","OCC-2608NC10845944","923948","LaSalle","Travaux","Permis émis","2026-08-16T20:00:00Z","2026-09-30T19:59:59Z","Autre","Hepworth entre Beyries et 64e","Entrepreneur sous contrat avec la Ville de Montréal","Ramcor Construction inc","t","t","t","t","t","t","t","t","t","t","t","t","t","t",,,,,,,,,,,,,,,"2026-08-15T00:01:39Z",-73.62403279408882,45.41988706394372
"6a7cc0b28d981b0012f5082f","OCC-2608DQ10846255","923948","LaSalle","Travaux","Permis émis","2026-08-16T20:00:00Z","2026-09-30T19:59:59Z","Autre","Latour entre Forget et Lawrence","Entrepreneur sous contrat avec la Ville de Montréal","Ramcor Construction inc","t","t","t","t","t","t","t","t","t","t","t","t","t","t",,,,,,,,,,,,,,,"2026-08-15T00:01:39Z",-73.623522100173,45.41797120846233
"6a7cc2778d981b0012f50934","OCC-2608KG10849742","923948","LaSalle","Travaux","Permis émis","2026-08-16T20:00:00Z","2026-09-30T19:59:59Z","Autre","Centrale entre Champlain et Latour","Entrepreneur sous contrat avec la Ville de Montréal","Ramcor Construction inc","t","t","t","t","t","t","t","t","t","t","t","t","t","t",,,,,,,,,,,,,,,"2026-08-15T00:01:39Z",-73.6229258831703,45.41685997071238
"6a7cc39a8d981b0012f50996","OCC-2608QL10853466","923948","LaSalle","Travaux","Permis émis","2026-08-16T20:00:00Z","2026-09-30T19:59:59Z","Autre","40e entre LaSalle et Rapides","Entrepreneur sous contrat avec la Ville de Montréal","Ramcor Construction inc","t","t","t","t","t","t","t","t","t","t","t","t","t","t",,,,,,,,,,,,,,,"2026-08-15T00:01:39Z",-73.61526779330309,45.416605661929786
"6a7cc4778d981b0012f509bd","OCC-2608RV10854010","923948","LaSalle","Travaux","Permis émis","2026-08-16T20:00:00Z","2026-09-30T19:59:59Z","Autre","40e entre Rapides et Centrale","Entrepreneur sous contrat avec la Ville de Montréal","Ramcor Construction inc","t","t","t","t","t","t","t","t","t","t","t","t","t","t",,,,,,,,,,,,,,,"2026-08-15T00:01:39Z",-73.61596889818219,45.41761963552481
"6a7cc5388d981b0012f50a94","OCC-2608NZ10854393","923948","LaSalle","Travaux","Permis émis","2026-08-16T20:00:00Z","2026-09-30T19:59:59Z","Autre","George entre 35e et 36e","Entrepreneur sous contrat avec la Ville de Montréal","Ramcor Construction inc","t","t","t","t","t","t","t","t","t","t","t","t","t","t",,,,,,,,,,,,,,,"2026-08-15T00:01:39Z",-73.61698277150141,45.42162854548258
"6a7cc5df8d88dc00127ba936","OCC-2608ZR10860629","923948","LaSalle","Travaux","Permis émis","2026-08-16T20:00:00Z","2026-09-30T19:59:59Z","Autre","35e entre George et Champlain","Entrepreneur sous contrat avec la Ville de Montréal","Ramcor Construction inc","t","t","t","t","t","t","t","t","t","t","t","t","t","t",,,,,,,,,,,,,,,"2026-08-15T00:01:39Z",-73.6175601319312,45.42242775707876
"6a7cc8978d88dc00127baaf6","OCC-2608CQ10866145","923948","LaSalle","Travaux","Permis émis","2026-08-16T20:00:00Z","2026-09-30T19:59:59Z","Autre","George entre Raymond et Kless","Entrepreneur sous contrat avec la Ville de Montréal","Ramcor Construction inc","t","t","t","t","t","t","t","t","t","t","t","t","t","t",,,,,,,,,,,,,,,"2026-08-15T00:01:39Z",-73.61257472536988,45.42334229439532
"6a7cc9978d88dc00127bab44","OCC-2608PH10860112","923948","LaSalle","Travaux","Permis émis","2026-08-16T20:00:00Z","2026-09-30T19:59:59Z","Autre","Centrale entre 31e et 35e","Entrepreneur sous contrat avec la Ville de Montréal","Ramcor Construction inc","t","t","t","t","t","t","t","t","t","t","t","t","t","t",,,,,,,,,,,,,,,"2026-08-15T00:01:39Z",-73.61212494924831,45.41934832583667
"6a7cca448d88dc00127bab87","OCC-2608QK10859581","923948","LaSalle","Travaux","Permis émis","2026-08-16T20:00:00Z","2026-09-30T19:59:59Z","Autre","Centrale entre Raymond et 31e","Entrepreneur sous contrat avec la Ville de Montréal","Ramcor Construction inc","t","t","t","t","t","t","t","t","t","t","t","t","t","t",,,,,,,,,,,,,,,"2026-08-15T00:01:39Z",-73.61005444026196,45.41986399536919
"6a7ccb798d88dc00127bac07","OCC-2608NF10858409","923948","LaSalle","Travaux","Permis émis","2026-08-16T20:00:00Z","2026-09-30T19:59:59Z","Autre","Raymond entre Rapides et Centrale","Entrepreneur sous contrat avec la Ville de Montréal","Ramcor Construction inc","t","t","t","t","t","t","t","t","t","t","t","t","t","t",,,,,,,,,,,,,,,"2026-08-15T00:01:39Z",-73.60834904584749,45.41957713221099
"6a7f28228d981b0012f545b1","OCC-2608WG11772543",,"Le Plateau-Mont-Royal","Travaux","Permis émis","2026-04-17T20:00:00Z","2026-10-30T19:59:59Z","Construction/rénovation sans excavation","Aylmer entre Prince-Arthur et Lorne-Crescent","Entreprise","MARFOGLIA CONSTRUCTION INC.","t","t","t","t","t","t","t","t","t","t","t","t","t","t",,,,,,,,,,,,,,,"2026-08-16T00:01:54Z",-73.57783711700621,45.50861579969659
"6a7244548d981b0012f42453","OCC-2608VC11729092",,"Ville-Marie","Travaux","Permis émis","2026-08-30T20:00:00Z","2026-10-09T19:59:59Z","Construction/rénovation sans excavation","Bonaventure entre Lucien-L'Allier et Versailles","Entreprise","T3P CONSTRUCTION INC.","t","t","t","t","t","t","t","t","t","t","t","t","t","t",,,,,,,,,,,,,,,"2026-08-16T00:01:54Z",-73.56859798914758,45.49338918066259
"6a230a8bf588d70012160e31","OCC-2608XC11765756","524104","Rosemont-La Petite-Patrie","Travaux","Permis émis","2026-08-23T20:00:00Z","2026-11-16T18:59:59Z","Autre","Écores entre Saint-Zotique et Augier","Entrepreneur sous contrat avec la Ville de Montréal","FER-PAL CONSTRUCTION LTD.","t","t","t","t","t","t","t","t","t","t","t","t","t","t",,,,,,,,,,,,,,,"2026-08-16T00:01:54Z",-73.59737587084622,45.549753947297
"6a8307588d981b0012f565c9","OCC-2608YP14348307",,"Ville-Marie","Travaux","Permis émis","2026-07-23T20:00:00Z","2026-09-30T19:59:59Z","Autre","Belmont entre Beaver Hall et Union","Entreprise","Bell Canada","t","t","t","t","t","t","t","t","t","t","t","t","t","t",,,,,,,,,,,,,,,"2026-08-19T00:01:47Z",-73.56542964262789,45.5018470323027
"6a830b618d981b0012f566a0","OCC-2608CY14385393","1570498","Le Sud-Ouest","Travaux","Permis émis","2026-09-07T20:00:00Z","2026-09-11T19:59:59Z","Égouts et aqueducs - Inspection et nettoyage","Couvent entre Saint-Jacques et De Richelieu","Entrepreneur sous contrat avec la Ville de Montréal","ORTEC ENVIRONNEMENT SERVICES INC","t","f","t","f","t","f","t","f","t","f","f","f","f","f",,,"07:00","19:00","07:00","19:00","07:00","19:00","07:00","19:00","07:00","19:00",,,"2026-08-19T00:01:47Z",-73.58789320217988,45.479690585460375
"6a8317e78d88dc00127c14c8","OCC-2608IA14384083",,"Mercier-Hochelaga-Maisonneuve","Travaux","Permis émis","2026-06-14T20:00:00Z","2026-09-18T19:59:59Z","AS-2 Réseau aérosouterrain existant","Langelier entre Rodolphe-Mathieu et Beaubien","RTU (Réseau technique urbain) ou son sous-traitant
","Bell Canada","t","f","t","f","t","f","t","f","t","f","f","f","f","f",,,"07:00","15:30","07:00","15:30","07:00","15:30","07:00","15:30","07:00","15:30",,,"2026-08-19T00:01:47Z",-73.56002108725069,45.588391850024266
"6a831be08d88dc00127c160d","OCC-2608UB14357200",,"Ville-Marie","Travaux","Permis émis","2026-08-31T20:00:00Z","2026-10-31T19:59:59Z","Construction/rénovation sans excavation","Robert-Bourassa entre Président-Kennedy et University","Entreprise","Construction Wolfe Inc.","t","t","t","t","t","t","t","t","t","t","t","t","t","t",,,,,,,,,,,,,,,"2026-08-19T00:01:47Z",-73.5724887884296,45.50466822004783
"6a831c798d981b0012f56c2e","OCC-2608FE14356766",,"Ville-Marie","Travaux","Permis émis","2026-08-31T20:00:00Z","2026-10-31T19:59:59Z","Construction/rénovation sans excavation","Ruelle","Entreprise","Construction Wolfe Inc.","t","t","t","t","t","t","t","t","t","t","t","t","t","t",,,,,,,,,,,,,,,"2026-08-19T00:01:47Z",-73.57250150214313,45.50489973757046
"6a749f618d88dc00127afdcc","OCC-2608JC14453123",,"Le Plateau-Mont-Royal","Travaux","Permis émis","2026-09-07T20:00:00Z","2026-09-18T19:59:59Z","Construction/rénovation sans excavation","Pontiac entre Mont-Royal et De Bienville","Entreprise","KANVAS URBANISME INC.","t","t","t","t","t","t","t","t","t","t","t","t","t","t",,,,,,,,,,,,,,,"2026-08-19T00:01:47Z",-73.58220470408948,45.52540319282468
"6a7b617c8d981b0012f4d92d","OCC-2608GA14358488",,"Le Plateau-Mont-Royal","Travaux","Permis émis","2026-08-16T20:00:00Z","2026-09-25T19:59:59Z","S-3 Infrastructure souterraine majeure - Massifs et conduits","Laurier entre Saint-André et Mentana","CSEM (Commission des services électriques de Montréal) ou son sous-traitant
","Telecon","t","t","t","t","t","t","t","t","t","t","t","t","t","t",,,,,,,,,,,,,,,"2026-08-19T00:01:47Z",-73.5870653656377,45.52976791553078
"6a8473638d981b0012f59bcc","OCC-2608YC15368542","923948","LaSalle","Travaux","Permis émis","2026-08-23T20:00:00Z","2026-09-30T19:59:59Z","Autre","Bélanger entre Centrale et Airlie","Entrepreneur sous contrat avec la Ville de Montréal","Ramcor Construction inc","t","t","t","t","t","t","t","t","t","t","t","t","t","t",,,,,,,,,,,,,,,"2026-08-20T00:01:45Z",-73.65372288552032,45.425189537797
"6a849c3c8d981b0012f5a7a2","OCC-2608PC15361178",,"Ville-Marie","Travaux","Permis émis","2026-06-30T20:00:00Z","2026-10-31T19:59:59Z","Autre","Palace entre Cathcart et Palace","Entreprise","696 Gestion Bleue inc. A/S SG Provvidenca Inc.","t","t","t","t","t","t","t","t","t","t","t","t","t","t",,,,,,,,,,,,,,,"2026-08-20T00:01:45Z",-73.5697731287288,45.50260358609313
"6a84b1748d88dc00127c5286","OCC-2608FB15422539","2026001","Montréal-Nord","Travaux","Permis émis","2026-08-19T20:00:00Z","2026-12-11T18:59:59Z","Construction/rénovation sans excavation","Wilfrid-Saint-Louis entre Henri-Bourassa et Gouin","Entrepreneur sous contrat avec la Ville de Montréal","Les Entreprises Michaudville","t","t","t","t","t","t","t","t","t","t","t","t","t","t",,,,,,,,,,,,,,,"2026-08-20T00:01:45Z",-73.65120907797952,45.58246806623859
"6a3aaf6534772f0012a723b1","OCC-2606SO19589551",,"Ville-Marie","Travaux","Permis émis","2026-01-04T19:00:00Z","2026-12-31T18:59:59Z","Construction/rénovation sans excavation","De La Gauchetière entre Notre-Dame-de-Lourdes et Bernadette","Entreprise","Construction Alma Inc.","t","t","t","t","t","t","t","t","t","t","f","f","f","f",,,,,,,,,,,,,,,"2026-08-20T00:01:45Z",-73.55659572355361,45.51261090456465
"6a634673cec6310012637c3a","OCC-2608BR15240132",,"Villeray-Saint-Michel-Parc-Extension","Travaux","Permis émis","2026-09-09T20:00:00Z","2026-09-10T19:59:59Z","Entretien","14e entre Legendre et Louvain","RTU (Réseau technique urbain) ou son sous-traitant
","Hydro-Québec-Entrave courte durée","t","f","t","f","t","f","t","f","t","f","f","f","f","f",,,"08:00","16:00","08:00","16:00","08:00","16:00","08:00","16:00","08:00","16:00",,,"2026-08-20T00:01:45Z",-73.62618405427172,45.573275684963015
"6a67baa6034844001264141b","OCC-2608PB15279598","1652355","Le Plateau-Mont-Royal","Travaux","Permis émis","2026-08-16T20:00:00Z","2026-09-18T19:59:59Z","Autre","D'Iberville entre Frontenac et D'Iberville","Entrepreneur sous contrat avec la Ville de Montréal","Énergère Inc.","t","f","t","f","t","f","t","f","t","f","f","f","f","f",,,"19:00","03:00","19:00","03:00","19:00","03:00","19:00","03:00","19:00","03:00",,,"2026-08-20T00:01:45Z",-73.57367013774972,45.5411914046158
"6a74dc088d88dc00127b0ff2","OCC-2608ZX15382652","2621301","LaSalle","Travaux","Permis émis","2026-08-31T20:00:00Z","2026-09-30T19:59:59Z","Égouts et aqueducs - Inspection et nettoyage","Cordner entre Senkus et Léger","Entrepreneur sous contrat avec la Ville de Montréal","SIMO Management","t","f","t","f","t","f","t","f","t","f","f","f","f","f",,,"07:00","16:00","07:00","16:00","07:00","16:00","07:00","16:00","07:00","16:00",,,"2026-08-20T00:01:45Z",-73.62500035855315,45.44494093878133
"6a7e18b18d981b0012f5327a","OCC-2608RI14285130","1783240","Le Plateau-Mont-Royal","Travaux","Permis émis","2026-08-16T20:00:00Z","2026-09-14T19:59:59Z","Construction/rénovation avec excavation","Boyer entre Généreux et Gilford","Entrepreneur sous contrat avec la Ville de Montréal","Urbex Construction INC","t","t","t","t","t","t","t","t","t","t","t","t","t","t",,,,,,,,,,,,,,,"2026-08-19T00:01:47Z",-73.58286113005013,45.52877269012014
"6a7e0b7f8d981b0012f52cc1","OCC-2608RB14432307",,"Côte-des-Neiges-Notre-Dame-de-Grâce","Travaux","Permis émis","2026-08-17T20:00:00Z","2026-09-18T19:59:59Z","Construction/rénovation sans excavation","Notre-Dame-de-Grâce entre Oxford et Harvard","Entreprise","Alex maconnerie inc.","t","t","t","t","t","t","t","t","t","t","t","t","t","t",,,,,,,,,,,,,,,"2026-08-19T00:01:47Z",-73.61928561046886,45.472793138191165
"6a7f2d998d88dc00127bed38","OCC-2608PL14374692","1570494","Côte-des-Neiges-Notre-Dame-de-Grâce","Travaux","Permis émis","2026-09-06T20:00:00Z","2026-09-18T19:59:59Z","Égouts et aqueducs - Inspection et nettoyage","Terrebonne entre Mayfair et Terrebonne","Entrepreneur sous contrat avec la Ville de Montréal","ORTEC ENVIRONNEMENT SERVICES INC","t","f","t","f","t","f","t","f","t","f","f","f","f","f",,,"07:00","19:00","07:00","19:00","07:00","19:00","07:00","19:00","07:00","19:00",,,"2026-08-19T00:01:47Z",-73.64010976496031,45.46061893089017
"6a85e4368d88dc00127c6cb4","OCC-2608PZ16173973","505801","Mercier-Hochelaga-Maisonneuve","Travaux","Permis émis","2026-01-19T19:00:00Z","2026-09-20T19:59:59Z","Construction/rénovation sans excavation","Pie-IX entre Notre-Dame et Sherbrooke","Entrepreneur sous contrat avec la Ville de Montréal","Pomerleau Inc.","t","t","t","t","t","t","t","t","t","t","t","t","t","t",,,,,,,,,,,,,,,"2026-08-21T00:01:53Z",-73.54396406649737,45.5511902725177
"6a85f6fb8d88dc00127c7205","OCC-2608GH16222373","26059","Rosemont-La Petite-Patrie","Travaux","Permis émis","2026-08-25T20:00:00Z","2026-09-11T19:59:59Z","Trottoirs - Construction","Casgrain entre Marché-du-Nord et Jean-Talon","Entrepreneur sous contrat avec la Ville de Montréal","Construction Larotek inc","t","t","t","t","t","t","t","t","t","t","t","t","t","t",,,,,,,,,,,,,,,"2026-08-21T00:01:53Z",-73.61665256771143,45.53553303049371
"6a86049a8d88dc00127c75a4","OCC-2608YU16323547","26059","Rosemont-La Petite-Patrie","Travaux","Permis émis","2026-08-25T20:00:00Z","2026-09-11T19:59:59Z","Trottoirs - Construction","Saint-Zotique entre 23e et 24e","Entrepreneur sous contrat avec la Ville de Montréal","Construction Larotek inc","t","t","t","t","t","t","t","t","t","t","t","t","t","t",,,,,,,,,,,,,,,"2026-08-21T00:01:53Z",-73.58258482088428,45.56465404837754
"6a7f56108d88dc00127bf7d1","OCC-2608EC16098430",,"Le Sud-Ouest","Travaux","Permis émis","2026-08-23T20:00:00Z","2026-10-02T19:59:59Z","Construction/rénovation sans excavation","Young entre Ottawa et William","Entreprise","Corsim Construction Inc.","t","f","t","f","t","f","t","f","t","f","f","f","f","f",,,"07:00","19:00","07:00","19:00","07:00","19:00","07:00","19:00","07:00","19:00",,,"2026-08-21T00:01:53Z",-73.56062192121988,45.49385375377916
"6a86dc1d8d981b0012f5d813","OCC-2608RD16994777",,"Mercier-Hochelaga-Maisonneuve","Travaux","Permis émis","2026-08-19T20:00:00Z","2026-10-04T19:59:59Z","Construction/rénovation avec excavation","Ruelle","Organisation publique ou son sous-traitant","Hydro-Québec","t","t","t","t","t","t","t","t","t","t","t","t","t","t",,,,,,,,,,,,,,,"2026-08-22T00:01:56Z",-73.53504715891421,45.56862273839831
"6a6ef1a88d981b0012f3da26","OCC-2608SY17340221",,"Saint-Léonard","Travaux","Permis émis","2026-08-30T20:00:00Z","2026-10-21T19:59:59Z","Construction/rénovation sans excavation","Lacordaire entre Métropolitain et Métropolitain","Organisation publique ou son sous-traitant","COFFREX INC.","t","t","t","t","t","t","t","t","t","t","t","t","t","t",,,,,,,,,,,,,,,"2026-08-22T00:01:56Z",-73.58892765720188,45.58239197801039
"6a7c957a8d981b0012f4fa6a","OCC-2608WG17314429",,"Saint-Léonard","Travaux","Permis émis","2026-08-23T20:00:00Z","2026-10-25T19:59:59Z","S-3 Infrastructure souterraine majeure - Puits d'accès","Métropolitain entre Métropolitain et Halles","RTU (Réseau technique urbain) ou son sous-traitant
","Environnement Routier NRJ Inc.","t","t","t","t","t","t","t","t","t","t","t","t","t","t",,,,,,,,,,,,,,,"2026-08-22T00:01:56Z",-73.57413837207254,45.59589812892504
"6a848b678d981b0012f5a240","OCC-2608OT16950642","2422","Ville-Marie","Travaux","Permis émis","2026-08-20T20:00:00Z","2026-10-08T19:59:59Z","Égouts et aqueducs - Excavation","Sainte-Catherine entre Alexandre-DeSève et De Champlain","Entrepreneur sous contrat avec la Ville de Montréal","Les Entreprises Michaudville","t","t","t","t","t","t","t","t","t","t","t","t","t","t",,,,,,,,,,,,,,,"2026-08-22T00:01:56Z",-73.55352471382037,45.521245035957065
"6a7b58788d981b0012f4d52d","OCC-2608PB16954671","202321","Ville-Marie","Travaux","Permis émis","2026-08-24T20:00:00Z","2026-09-18T19:59:59Z","Égouts et aqueducs - Réhabilitation","De Lorimier entre Ontario et Rouen","Entrepreneur sous contrat avec la Ville de Montréal","Les Excavations Lafontaine inc.","t","t","t","t","t","t","t","t","t","t","t","t","t","t",,,,,,,,,,,,,,,"2026-08-22T00:01:56Z",-73.55903799216095,45.528828162283965
"6a84cdd78d981b0012f5b1ad","OCC-2608VT16931953",,"Villeray-Saint-Michel-Parc-Extension","Travaux","Permis émis","2026-08-23T20:00:00Z","2026-09-25T19:59:59Z","S-3 Infrastructure souterraine majeure - Puits d'accès","19e entre Bélanger et Bélair","CSEM (Commission des services électriques de Montréal) ou son sous-traitant
","CMS Entrepreneurs Généraux Inc.","t","t","t","t","t","t","t","t","t","t","t","t","t","t",,,,,,,,,,,,,,,"2026-08-22T00:01:56Z",-73.58929077303746,45.56297810570095
"6a858a938d88dc00127c5762","OCC-2608QF16849865","2621261","Ahuntsic-Cartierville","Travaux","Permis émis","2026-08-23T20:00:00Z","2026-10-23T19:59:59Z","Égouts et aqueducs - Inspection et nettoyage","Chabanel entre Parc et Meilleur","Entrepreneur sous contrat avec la Ville de Montréal","NORDIKEAU INC","t","f","t","f","t","f","t","f","t","f","f","f","f","f",,,"07:00","17:00","07:00","17:00","07:00","17:00","07:00","17:00","07:00","17:00",,,"2026-08-22T00:01:56Z",-73.65497418150353,45.53811904981061
"6a85c9018d981b0012f5c704","OCC-2608EO16862273",,"Villeray-Saint-Michel-Parc-Extension","Travaux","Permis émis","2026-08-19T20:00:00Z","2026-09-18T19:59:59Z","Construction/rénovation sans excavation","Acadie entre Ball et Jarry","Entreprise","Magil-Tisseur inc.","t","f","t","f","t","f","t","f","t","f","f","f","f","f",,,"07:00","15:00","07:00","15:00","07:00","15:00","07:00","15:00","07:00","15:00",,,"2026-08-22T00:01:56Z",-73.63602980555525,45.52720141594951
"6a85cc318d88dc00127c679c","OCC-2608ZP16906065","503001","Ville-Marie","Travaux","Permis émis","2026-08-22T20:00:00Z","2026-10-31T19:59:59Z","Construction/rénovation avec excavation","Drummond entre René-Lévesque et De Maisonneuve","Entrepreneur sous contrat avec la Ville de Montréal","Roxboro Excavation Inc.","t","t","t","t","t","t","t","t","t","t","t","t","t","t",,,,,,,,,,,,,,,"2026-08-22T00:01:56Z",-73.57368392470188,45.49835782043759
"6a86029c8d88dc00127c7559","OCC-2608KQ16963471","26059","Rosemont-La Petite-Patrie","Travaux","Permis émis","2026-08-25T20:00:00Z","2026-09-11T19:59:59Z","Trottoirs - Construction","Midway entre Rachel et Omer-Lavallée","Entrepreneur sous contrat avec la Ville de Montréal","Construction Larotek inc","t","t","t","t","t","t","t","t","t","t","t","t","t","t",,,,,,,,,,,,,,,"2026-08-22T00:01:56Z",-73.56158865099896,45.54522263011616
"6a875e0d8d88dc00127ca0e6","OCC-2608ZP17197579",,"Rosemont-La Petite-Patrie","Travaux","Permis émis","2026-08-19T20:00:00Z","2027-01-31T18:59:59Z","Construction/rénovation avec excavation","Écores entre Carrières et Rosemont","Entreprise","DeVauban","t","t","t","t","t","t","t","t","t","t","t","t","t","t",,,,,,,,,,,,,,,"2026-08-22T00:01:56Z",-73.58672408034357,45.544706177659954
"6a88984b8d88dc00127cc089","OCC-2608AX17962969",,"Rosemont-La Petite-Patrie","Travaux","Permis émis","2026-08-20T20:00:00Z","2026-10-04T19:59:59Z","Construction/rénovation avec excavation","Ruelle","Organisation publique ou son sous-traitant","Hydro-Québec","t","t","t","t","t","t","t","t","t","t","t","t","t","t",,,,,,,,,,,,,,,"2026-08-23T00:01:46Z",-73.56163096287763,45.5790133706045
"6a8c88828d88dc00127cedb3","OCC-2608FI20525410",,"Le Plateau-Mont-Royal","Travaux","Permis émis","2026-09-07T20:00:00Z","2026-09-18T19:59:59Z","S-3 Infrastructure souterraine majeure - Puits d'accès","Mentana entre Rachel et Marie-Anne","RTU (Réseau technique urbain) ou son sous-traitant
","Environnement Routier NRJ Inc.","t","t","t","t","t","t","t","t","t","t","f","f","f","f",,,,,,,,,,,,,,,"2026-08-26T00:01:58Z",-73.57755220220766,45.52599081418695
"6a762eae8d88dc00127b302d","OCC-2608PM15141341",,"Ville-Marie","Travaux","Permis émis","2026-09-06T20:00:00Z","2026-09-18T19:59:59Z","Autre","Montagne entre René-Lévesque et Sainte-Catherine","CSEM (Commission des services électriques de Montréal) ou son sous-traitant
","Telecon","t","f","t","f","t","f","t","f","t","f","f","f","f","f",,,"07:00","17:00","07:00","17:00","07:00","17:00","07:00","17:00","07:00","17:00",,,"2026-08-20T00:01:45Z",-73.574775133343,45.49770954841407
"6a7f3c858d88dc00127bf2a7","OCC-2608LA15385939","1570494","Côte-des-Neiges-Notre-Dame-de-Grâce","Travaux","Permis émis","2026-09-06T20:00:00Z","2026-09-18T19:59:59Z","Égouts et aqueducs - Inspection et nettoyage","Paré entre Mountain Sights et Décarie","Entrepreneur sous contrat avec la Ville de Montréal","ORTEC ENVIRONNEMENT SERVICES INC","t","f","t","f","t","f","t","f","t","f","f","f","f","f",,,"07:00","19:00","07:00","19:00","07:00","19:00","07:00","19:00","07:00","19:00",,,"2026-08-20T00:01:45Z",-73.65442832639131,45.49686563351918
"6a83758d8d88dc00127c317d","OCC-2608PF15291000",,"St-Laurent","Travaux","Permis émis","2026-08-17T20:00:00Z","2026-10-15T19:59:59Z","Réseaux routier - Réfection et travaux corrélatifs","13 entre 13 et 13","Organisation publique ou son sous-traitant","Construction Demathieu & Bard (CDB) inc.","t","t","t","t","t","t","t","t","t","t","t","t","t","t",,,,,,,,,,,,,,,"2026-08-20T00:01:45Z",-73.70786608117085,45.473511925881056
"69ea792220e2850012c69c69","OCC-2604TO25705312",,"Ville-Marie","Travaux","Permis émis","2026-05-10T20:00:00Z","2026-10-22T19:59:59Z","Autre","Sainte-Catherine entre Plessis et Papineau","Organisation publique ou son sous-traitant","Société de développement commercial Village Montréal","t","t","t","t","t","t","t","t","t","t","t","t","t","t",,,,,,,,,,,,,,,"2026-08-21T00:01:53Z",-73.55332912107531,45.52154215091506
"6a84595b8d88dc00127c3a36","OCC-2608CQ16015887","25007","Ville-Marie","Travaux","Permis émis","2026-08-18T20:00:00Z","2026-09-30T19:59:59Z","Construction/rénovation sans excavation","Saint-Urbain entre Sainte-Catherine et De Montigny","Entrepreneur sous contrat avec la Ville de Montréal","Ceveco inc","t","f","t","f","t","f","t","f","t","f","f","f","f","f",,,"06:00","17:00","06:00","17:00","06:00","17:00","06:00","17:00","06:00","17:00",,,"2026-08-21T00:01:53Z",-73.56548986394226,45.509163685021605
"6a8466678d88dc00127c3ddc","OCC-2608GM16029543",,"Ville-Marie","Travaux","Permis émis","2026-08-01T20:00:00Z","2026-10-01T19:59:59Z","Construction/rénovation sans excavation","Place Borduas","Organisation publique ou son sous-traitant","SDC Quartier latin","t","t","t","t","t","t","t","t","t","t","t","t","t","t",,,,,,,,,,,,,,,"2026-08-21T00:01:53Z",-73.56316113547511,45.51526911806764
"6a8496ff8d981b0012f5a556","OCC-2608WR16085845",,"Le Plateau-Mont-Royal","Travaux","Permis émis","2026-08-18T20:00:00Z","2026-09-18T19:59:59Z","Construction/rénovation sans excavation","Sherbrooke entre Hutchison et Durocher","Entreprise","Tisseur Inc.","t","f","t","f","t","f","t","f","t","f","f","f","f","f",,,"09:30","19:00","09:30","19:00","09:30","19:00","09:30","19:00","09:30","19:00",,,"2026-08-21T00:01:53Z",-73.57207051501683,45.5072576871446
"6a86f90b8d88dc00127c8141","OCC-2608QX16957370","202606","Anjou","Travaux","Permis émis","2026-08-26T20:00:00Z","2026-09-25T19:59:59Z","Trottoirs - Construction","Parkway entre Jarry et Lorraine","Entrepreneur sous contrat avec la Ville de Montréal","Construction Larotek inc","t","t","t","t","t","t","t","t","t","t","t","t","t","t",,,,,,,,,,,,,,,"2026-08-22T00:01:56Z",-73.56493836926657,45.61426647444716
"6a86fa6c8d88dc00127c81e4","OCC-2608RQ16959190","202606","Anjou","Travaux","Permis émis","2026-08-26T20:00:00Z","2026-09-25T19:59:59Z","Trottoirs - Construction","Azilda entre Châteauneuf et Métropolitain","Entrepreneur sous contrat avec la Ville de Montréal","Construction Larotek inc","t","t","t","t","t","t","t","t","t","t","t","t","t","t",,,,,,,,,,,,,,,"2026-08-22T00:01:56Z",-73.55694937030704,45.61453499108495
"6a86fd4e8d88dc00127c83c2","OCC-2608XV16960702","202606","Anjou","Travaux","Permis émis","2026-08-26T20:00:00Z","2026-09-25T19:59:59Z","Trottoirs - Construction","Des Ormeaux entre Châteauneuf et Métropolitain","Entrepreneur sous contrat avec la Ville de Montréal","Construction Larotek inc","t","t","t","t","t","t","t","t","t","t","t","t","t","t",,,,,,,,,,,,,,,"2026-08-22T00:01:56Z",-73.55561683653542,45.61475245816749
"6a86fe698d981b0012f5dfba","OCC-2608RF16964424","202606","Anjou","Travaux","Permis émis","2026-08-26T20:00:00Z","2026-09-25T19:59:59Z","Trottoirs - Construction","Rondeau entre Gabrielle-Roy et Georges","Entrepreneur sous contrat avec la Ville de Montréal","Construction Larotek inc","t","t","t","t","t","t","t","t","t","t","t","t","t","t",,,,,,,,,,,,,,,"2026-08-22T00:01:56Z",-73.54784592889195,45.61445296715153
"6a86ffed8d981b0012f5e09b","OCC-2608TR16967299","202606","Anjou","Travaux","Permis émis","2026-08-26T20:00:00Z","2026-09-11T19:59:59Z","Trottoirs - Construction","Azilda entre Chaumont et Georges","Entrepreneur sous contrat avec la Ville de Montréal","Construction Larotek inc","t","t","t","t","t","t","t","t","t","t","t","t","t","t",,,,,,,,,,,,,,,"2026-08-22T00:01:56Z",-73.54941891070084,45.611193844305255
"6a8701ca8d88dc00127c8560","OCC-2608LV17025998","202606","Anjou","Travaux","Permis émis","2026-08-26T20:00:00Z","2026-09-25T19:59:59Z","Trottoirs - Construction","Loire entre Peterborough et Châteauneuf","Entrepreneur sous contrat avec la Ville de Montréal","Construction Larotek inc","t","t","t","t","t","t","t","t","t","t","t","t","t","t",,,,,,,,,,,,,,,"2026-08-22T00:01:56Z",-73.55593370182255,45.60931607658189
"6a87142c8d981b0012f5e586","OCC-2608GJ16972148","202606","Anjou","Travaux","Permis émis","2026-08-26T20:00:00Z","2026-09-11T19:59:59Z","Trottoirs - Construction","Châteauneuf entre Louis-H.-La Fontaine et Bourgneuf","Entrepreneur sous contrat avec la Ville de Montréal","Construction Larotek inc","t","t","t","t","t","t","t","t","t","t","t","t","t","t",,,,,,,,,,,,,,,"2026-08-22T00:01:56Z",-73.55928358673259,45.602763873956405
"6a8715d38d88dc00127c892d","OCC-2608RO16973210","202606","Anjou","Travaux","Permis émis","2026-08-26T20:00:00Z","2026-09-25T19:59:59Z","Trottoirs - Construction","Montrichard entre Montrichard et Goncourt","Entrepreneur sous contrat avec la Ville de Montréal","Construction Larotek inc","t","t","t","t","t","t","t","t","t","t","t","t","t","t",,,,,,,,,,,,,,,"2026-08-22T00:01:56Z",-73.5573660229272,45.60346959935601
"6a87168e8d981b0012f5e5e9","OCC-2608LQ17044205","6000030205","Ville-Marie","Travaux","Permis émis","2026-08-25T20:00:00Z","2027-05-01T19:59:59Z","Construction/rénovation avec excavation","De Maisonneuve entre Savoie et Berri","Entrepreneur sous contrat avec la Ville de Montréal","Pomerleau Inc.","t","t","t","t","t","t","t","t","t","t","t","t","t","t",,,,,,,,,,,,,,,"2026-08-22T00:01:56Z",-73.5613742479673,45.51523517952489
"6a8717ca8d88dc00127c8a54","OCC-2608AJ16973872","202606","Anjou","Travaux","Permis émis","2026-08-26T20:00:00Z","2026-09-25T19:59:59Z","Trottoirs - Construction","Montrichard entre Goncourt et Candes","Entrepreneur sous contrat avec la Ville de Montréal","Construction Larotek inc","t","t","t","t","t","t","t","t","t","t","t","t","t","t",,,,,,,,,,,,,,,"2026-08-22T00:01:56Z",-73.55470052274535,45.60445879701775
"6a8718a58d981b0012f5e71a","OCC-2608XD16974894","202606","Anjou","Travaux","Permis émis","2026-08-26T20:00:00Z","2026-09-25T19:59:59Z","Trottoirs - Construction","Angevins entre Yves-Prévost et Kirby-Hall","Entrepreneur sous contrat avec la Ville de Montréal","Construction Larotek inc","t","t","t","t","t","t","t","t","t","t","t","t","t","t",,,,,,,,,,,,,,,"2026-08-22T00:01:56Z",-73.54693302178694,45.60549943355464
"6a8719fd8d88dc00127c8b17","OCC-2608IB16998943",,"Le Sud-Ouest","Travaux","Permis émis","2026-09-09T20:00:00Z","2026-09-10T19:59:59Z","Déménagement","Saint-Ambroise entre Saint-Ferdinand et Saint-Philippe",,,"t","f","t","f","t","f","t","f","t","f","f","f","f","f",,,"10:30","13:00","10:30","13:00","10:30","13:00","10:30","13:00","10:30","13:00",,,"2026-08-22T00:01:56Z",-73.58147147711018,45.47423239143576
"6a7de1558d981b0012f520a6","OCC-2608TD17153403","1570498","Le Sud-Ouest","Travaux","Permis émis","2026-09-07T20:00:00Z","2026-09-11T19:59:59Z","Égouts et aqueducs - Inspection et nettoyage","Dalhousie entre Ottawa et Ottawa","Entrepreneur sous contrat avec la Ville de Montréal","ORTEC ENVIRONNEMENT SERVICES INC","t","f","t","f","t","f","t","f","t","f","f","f","f","f",,,"07:00","19:00","07:00","19:00","07:00","19:00","07:00","19:00","07:00","19:00",,,"2026-08-22T00:01:56Z",-73.55857917343924,45.4959517198184
"6a7e28d08d981b0012f535c8","OCC-2608ME17125457",,"Ahuntsic-Cartierville","Travaux","Permis émis","2026-08-30T20:00:00Z","2026-09-11T19:59:59Z","Autre","Acadie entre Louvain et Acadie","Organisation publique ou son sous-traitant","Hydro-Québec","t","t","t","t","t","t","t","t","t","t","t","t","t","t",,,,,,,,,,,,,,,"2026-08-22T00:01:56Z",-73.66227125212428,45.53504429646256
"6a845ede8d981b0012f594a5","OCC-2608WP16881876","1783175","Rivière-des-Prairies-Pointe-aux-Trembles","Travaux","Permis émis","2026-08-23T20:00:00Z","2026-09-18T19:59:59Z","Autre","Tricentenaire entre René-Lévesque et Joseph-Dargent","Entrepreneur sous contrat avec la Ville de Montréal","Environnement Routier NRJ Inc.","t","t","t","t","t","t","t","t","t","t","t","t","t","t",,,,,,,,,,,,,,,"2026-08-22T00:01:56Z",-73.49526121289806,45.6505220230148
"6a84611b8d981b0012f59534","OCC-2608MK16882934","1783175","Rivière-des-Prairies-Pointe-aux-Trembles","Travaux","Permis émis","2026-08-23T20:00:00Z","2026-09-18T19:59:59Z","Autre","Tricentenaire entre De Montigny et Forsyth","Entrepreneur sous contrat avec la Ville de Montréal","Environnement Routier NRJ Inc.","t","t","t","t","t","t","t","t","t","t","t","t","t","t",,,,,,,,,,,,,,,"2026-08-22T00:01:56Z",-73.50611371120411,45.651975661942096
"6a84622a8d88dc00127c3c33","OCC-2608XF16883891","1783175","Rivière-des-Prairies-Pointe-aux-Trembles","Travaux","Permis émis","2026-08-23T20:00:00Z","2026-09-18T19:59:59Z","Autre","Tricentenaire entre De Montigny et Forsyth","Entrepreneur sous contrat avec la Ville de Montréal","Environnement Routier NRJ Inc.","t","t","t","t","t","t","t","t","t","t","t","t","t","t",,,,,,,,,,,,,,,"2026-08-22T00:01:56Z",-73.50341747526163,45.65175873627499
"6a8465628d981b0012f596d9","OCC-2608RI16885339","1783175","Rivière-des-Prairies-Pointe-aux-Trembles","Travaux","Permis émis","2026-08-23T20:00:00Z","2026-09-18T19:59:59Z","Autre","Tricentenaire entre René-Lévesque et Joseph-Dargent","Entrepreneur sous contrat avec la Ville de Montréal","Environnement Routier NRJ Inc.","t","t","t","t","t","t","t","t","t","t","t","t","t","t",,,,,,,,,,,,,,,"2026-08-22T00:01:56Z",-73.49854376741123,45.65081940275291
"6a8466728d981b0012f5977b","OCC-2608AM16886263","1783175","Rivière-des-Prairies-Pointe-aux-Trembles","Travaux","Permis émis","2026-08-23T20:00:00Z","2026-09-18T19:59:59Z","Autre","Perras entre 64e et 65e","Entrepreneur sous contrat avec la Ville de Montréal","Environnement Routier NRJ Inc.","t","t","t","t","t","t","t","t","t","t","t","t","t","t",,,,,,,,,,,,,,,"2026-08-22T00:01:56Z",-73.56384244775836,45.65873121774326
"6a8467a28d981b0012f5980b","OCC-2608NX16887991","1783175","Rivière-des-Prairies-Pointe-aux-Trembles","Travaux","Permis émis","2026-08-23T20:00:00Z","2026-09-18T19:59:59Z","Autre","Perras entre 65e et 70e","Entrepreneur sous contrat avec la Ville de Montréal","Environnement Routier NRJ Inc.","t","t","t","t","t","t","t","t","t","t","t","t","t","t",,,,,,,,,,,,,,,"2026-08-22T00:01:56Z",-73.55959352790862,45.6611870820687
"6a8468f78d88dc00127c3ecb","OCC-2608SK17335966","102202","Saint-Léonard","Travaux","Permis émis","2026-08-25T20:00:00Z","2026-09-11T19:59:59Z","Construction/rénovation sans excavation","Dumesnil entre Bélanger et La Dauversière","Entrepreneur sous contrat avec la Ville de Montréal","Eurovia Québec Construction","t","f","t","f","t","f","t","f","t","f","f","f","f","f",,,"07:00","19:00","07:00","19:00","07:00","19:00","07:00","19:00","07:00","19:00",,,"2026-08-22T00:01:56Z",-73.57006590458445,45.58845448516275
"6a846a1b8d981b0012f59884","OCC-2608KJ17335176","102202","Saint-Léonard","Travaux","Permis émis","2026-08-25T20:00:00Z","2026-09-11T19:59:59Z","Construction/rénovation sans excavation","Jean-Rivard entre Provencher et Bretagne","Entrepreneur sous contrat avec la Ville de Montréal","Eurovia Québec Construction","t","f","t","f","t","f","t","f","t","f","f","f","f","f",,,"07:00","19:00","07:00","19:00","07:00","19:00","07:00","19:00","07:00","19:00",,,"2026-08-22T00:01:56Z",-73.60277093538457,45.577634523047
"6a846b0e8d88dc00127c3f5d","OCC-2608XH17301210","102202","Saint-Léonard","Travaux","Permis émis","2026-08-16T20:00:00Z","2026-09-11T19:59:59Z","Construction/rénovation sans excavation","Galets entre Jean-Nicolet et Lacordaire","Entrepreneur sous contrat avec la Ville de Montréal","Eurovia Québec Construction","t","f","t","f","t","f","t","f","t","f","f","f","f","f",,,"07:00","19:00","07:00","19:00","07:00","19:00","07:00","19:00","07:00","19:00",,,"2026-08-22T00:01:56Z",-73.59800962533421,45.584195848618776
"6a846bb88d981b0012f59949","OCC-2608VQ17331201","102202","Saint-Léonard","Travaux","Permis émis","2026-08-25T20:00:00Z","2026-09-11T19:59:59Z","Construction/rénovation sans excavation","Provence entre Valéry et Lavoisier","Entrepreneur sous contrat avec la Ville de Montréal","Eurovia Québec Construction","t","f","t","f","t","f","t","f","t","f","f","f","f","f",,,"07:00","19:00","07:00","19:00","07:00","19:00","07:00","19:00","07:00","19:00",,,"2026-08-22T00:01:56Z",-73.609208249329,45.58552375754058
"6a8473f18d981b0012f59c12","OCC-2608ZR17946893","212605","Le Sud-Ouest","Travaux","Permis émis","2026-08-25T20:00:00Z","2026-10-30T19:59:59Z","Trottoirs - Construction","Turcot entre Saint-Rémi et Saint-Alphonse","Entrepreneur sous contrat avec la Ville de Montréal","COJALAC INC.","t","t","t","t","t","t","t","t","t","t","t","t","t","t",,,,,,,,,,,,,,,"2026-08-23T00:01:46Z",-73.59385506126867,45.47074602514584
"6a8473508d88dc00127c41f0","OCC-2608YQ17947423","212605","Le Sud-Ouest","Travaux","Permis émis","2026-08-23T20:00:00Z","2026-10-16T19:59:59Z","Trottoirs - Construction","Sainte-Clotilde entre Saint-Rémi et Saint-Alphonse","Entrepreneur sous contrat avec la Ville de Montréal","COJALAC INC.","t","t","t","t","t","t","t","t","t","t","t","t","t","t",,,,,,,,,,,,,,,"2026-08-23T00:01:46Z",-73.59295516482231,45.47021033533045
"6a85fae68d981b0012f5d249","OCC-2608VC17983169","26059","Rosemont-La Petite-Patrie","Travaux","Permis émis","2026-08-25T20:00:00Z","2026-09-11T19:59:59Z","Trottoirs - Construction","Molson entre Elsdale et Saint-Zotique","Entrepreneur sous contrat avec la Ville de Montréal","Construction Larotek inc","t","t","t","t","t","t","t","t","t","t","t","t","t","t",,,,,,,,,,,,,,,"2026-08-23T00:01:46Z",-73.59315674730888,45.55060056771712
"69654ab0c981250012400a14","OCC-2601EV11860268","6000030205","Ville-Marie","Travaux","Permis émis","2026-01-25T19:00:00Z","2026-12-31T18:59:59Z","Construction/rénovation avec excavation","Berri entre Sainte-Catherine et Berri","Entrepreneur sous contrat avec la Ville de Montréal","Pomerleau Inc.","t","t","t","t","t","t","t","t","t","t","t","t","t","t",,,,,,,,,,,,,,,"2026-08-24T00:01:54Z",-73.5613014142316,45.51542567566101
"6a3968b9816ebc0012d2cb7b","OCC-2607ES02277325",,"Côte-des-Neiges-Notre-Dame-de-Grâce","Travaux","Permis émis","2026-07-05T20:00:00Z","2026-12-31T18:59:59Z","Construction/rénovation avec excavation","Jean-Talon entre Canora et Dieppe","Organisation publique ou son sous-traitant","Pomerleau Inc.","t","t","t","t","t","t","t","t","t","t","t","t","t","t",,,,,,,,,,,,,,,"2026-08-26T00:01:58Z",-73.63302143811036,45.51239772570299
"6a8757df8d981b0012f5fe96","OCC-2608KC20412084",,"Ville-Marie","Travaux","Permis émis","2026-08-30T20:00:00Z","2026-09-11T19:59:59Z","Construction/rénovation sans excavation","Sanguinet entre René-Lévesque et Savignac","Entreprise","Ardec Construction Inc.","t","t","t","t","t","t","t","t","t","t","f","f","f","f",,,,,,,,,,,,,,,"2026-08-26T00:01:58Z",-73.55980324063796,45.51205547117576
"6a878fff8d88dc00127ca472","OCC-2608LA20322800","25101","Rosemont-La Petite-Patrie","Travaux","Permis émis","2026-08-24T20:00:00Z","2026-09-15T19:59:59Z","Trottoirs - Construction","15e entre Beaubien et Saint-Zotique","Entrepreneur sous contrat avec la Ville de Montréal","Conception PLHP","t","t","t","t","t","t","t","t","t","t","t","t","t","t",,,,,,,,,,,,,,,"2026-08-26T00:01:58Z",-73.5841234734838,45.55778015148922
"6a8c3e5b8d981b0012f63189","OCC-2608ND20339680",,"Anjou","Travaux","Permis émis","2026-08-25T20:00:00Z","2026-09-25T19:59:59Z","Construction/rénovation sans excavation","Baldwin entre Chaumont et Georges","Entreprise","Maçonnerie Ruano Inc.","t","t","t","t","t","t","t","t","t","t","t","t","t","t",,,,,,,,,,,,,,,"2026-08-26T00:01:58Z",-73.54799051205961,45.60991578290134
"6a8c42c18d88dc00127cd5ff","OCC-2608VA20425689",,"Ahuntsic-Cartierville","Travaux","Permis émis","2026-08-26T20:00:00Z","2026-11-27T18:59:59Z","Autre","Ruelle","Organisation publique ou son sous-traitant","Émondage Martel (3087-5520 Québec Inc.)","t","f","t","f","t","f","t","f","t","f","f","f","f","f",,,"07:00","15:00","07:00","15:00","07:00","15:00","07:00","15:00","07:00","15:00",,,"2026-08-26T00:01:58Z",-73.65510401760787,45.53811010153962
"6a8c53548d88dc00127cdb79","OCC-2608CR20590933",,"St-Laurent","Travaux","Permis émis","2026-02-28T19:00:00Z","2026-11-30T18:59:59Z","Construction/rénovation sans excavation","Côte-de-Liesse entre Dalton et Barr","Organisation publique ou son sous-traitant","Pomerleau Inc.","t","t","t","t","t","t","t","t","t","t","t","t","t","t",,,,,,,,,,,,,,,"2026-08-26T00:01:58Z",-73.68847819748467,45.48786597738789
"6a8c58748d981b0012f63b54","OCC-2608TW20617627","1169","Montréal-Nord","Travaux","Permis émis","2026-08-25T20:00:00Z","2026-09-30T19:59:59Z","Autre","Léger entre Hector-Lamarre et Fortin","Entrepreneur sous contrat avec la Ville de Montréal","Montreal Scellant Inc.","t","t","t","t","t","t","t","t","t","t","t","t","t","t",,,,,,,,,,,,,,,"2026-08-26T00:01:58Z",-73.6284163767438,45.61797152157564
"6a8c598c8d981b0012f63bb2","OCC-2608TQ20618359","1169","Montréal-Nord","Travaux","Permis émis","2026-08-25T20:00:00Z","2026-09-30T19:59:59Z","Autre","Léger entre Sainte-Colette et Lacordaire","Entrepreneur sous contrat avec la Ville de Montréal","Montreal Scellant Inc.","t","t","t","t","t","t","t","t","t","t","t","t","t","t",,,,,,,,,,,,,,,"2026-08-26T00:01:58Z",-73.63098459026405,45.6136493105354
"6a8c62878d981b0012f64002","OCC-2608UL20432121",,"Le Sud-Ouest","Travaux","Permis émis","2026-08-31T20:00:00Z","2026-09-14T19:59:59Z","Réseaux routier - Réfection et travaux corrélatifs","Augustin-Cantin entre Ropery et Charlevoix","CSEM (Commission des services électriques de Montréal) ou son sous-traitant
","CMS Entrepreneurs Généraux Inc.","t","t","t","t","t","t","t","t","t","t","t","t","t","t",,,,,,,,,,,,,,,"2026-08-26T00:01:58Z",-73.57035341772314,45.47983071825193
"6a8c62cd8d88dc00127ce10d","OCC-2608XT20428914",,"Le Sud-Ouest","Travaux","Permis émis","2026-07-13T20:00:00Z","2026-09-25T19:59:59Z","Construction/rénovation sans excavation","Seigneurs entre Coursol et Saint-Antoine","Entreprise","Constructions Seni inc","t","t","t","t","t","t","t","t","t","t","t","t","t","t",,,,,,,,,,,,,,,"2026-08-26T00:01:58Z",-73.57467961552541,45.49030513199872
"6a7f70df8d981b0012f5582c","OCC-2608AG14293715",,"Anjou","Travaux","Permis émis","2026-04-21T20:00:00Z","2026-09-22T19:59:59Z","Autre","La Roche-Sur-Yon entre Trémolières et Bourgneuf","Organisation publique ou son sous-traitant","Société de transports de Montréal (STM) Prolongement de la ligne bleue","t","t","t","t","t","t","t","t","t","t","t","t","t","t",,,,,,,,,,,,,,,"2026-08-19T00:01:47Z",-73.56112881678149,45.60691105060268
"6a7f712c8d88dc00127bfdd7","OCC-2608UX14303808",,"Anjou","Travaux","Permis émis","2026-04-20T20:00:00Z","2026-09-22T19:59:59Z","Autre","Halles entre Bélanger et Jean-Talon","Organisation publique ou son sous-traitant","Société de transports de Montréal (STM) Prolongement de la ligne bleue","t","t","t","t","t","t","t","t","t","t","t","t","t","t",,,,,,,,,,,,,,,"2026-08-19T00:01:47Z",-73.56750936648234,45.59654309456938
"6a7f7da28d981b0012f559d3","OCC-2608MJ14470988","26006","St-Laurent","Travaux","Permis émis","2026-08-16T20:00:00Z","2026-09-11T19:59:59Z","Trottoirs - Construction","Gohier entre Rochon et Tassé","Entrepreneur sous contrat avec la Ville de Montréal","PAVAGES MULTIPRO INC.","t","t","t","t","t","t","t","t","t","t","t","t","t","t",,,,,,,,,,,,,,,"2026-08-19T00:01:47Z",-73.68697435616684,45.516014521392776
"6a7f7eb98d981b0012f559eb","OCC-2608PX14477148",,"Ahuntsic-Cartierville","Travaux","Permis émis","2026-08-23T20:00:00Z","2026-09-11T19:59:59Z","Construction/rénovation sans excavation","Meilleur entre Chabanel et Louvain","Organisation publique ou son sous-traitant","Corsim Construction Inc.","t","f","t","f","t","f","t","f","t","f","f","f","f","f",,,"07:00","15:00","07:00","15:00","07:00","15:00","07:00","15:00","07:00","15:00",,,"2026-08-19T00:01:47Z",-73.65730067954068,45.53805851840836
"6a7f7ed78d88dc00127c004e","OCC-2608KL14316699",,"Côte-des-Neiges-Notre-Dame-de-Grâce","Travaux","Permis émis","2026-07-11T20:00:00Z","2026-09-26T19:59:59Z","S-3 Infrastructure souterraine majeure - Massifs et conduits","Montclair entre Chester et Côte-Saint-Luc","RTU (Réseau technique urbain) ou son sous-traitant
","Environnement Routier NRJ Inc.","t","t","t","t","t","t","t","t","t","t","t","t","t","t",,,,,,,,,,,,,,,"2026-08-19T00:01:47Z",-73.64939532215794,45.46889294634416
"6a7f7f0b8d981b0012f559fd","OCC-2608XA14316400",,"Côte-des-Neiges-Notre-Dame-de-Grâce","Travaux","Permis émis","2026-07-11T20:00:00Z","2026-09-26T19:59:59Z","S-3 Infrastructure souterraine majeure - Massifs et conduits","King-Edward entre Chester et Côte-Saint-Luc","RTU (Réseau technique urbain) ou son sous-traitant
","Environnement Routier NRJ Inc.","t","t","t","t","t","t","t","t","t","t","t","t","t","t",,,,,,,,,,,,,,,"2026-08-19T00:01:47Z",-73.65015372211776,45.46830704281328
"6a7249ee8d88dc00127ac4f5","OCC-2608ZA14372322",,"Le Plateau-Mont-Royal","Travaux","Permis émis","2026-08-17T20:00:00Z","2026-09-24T19:59:59Z","S-3 Infrastructure souterraine majeure - Puits d'accès","Saint-Hubert entre Saint-Grégoire et Saint-Hubert","CSEM (Commission des services électriques de Montréal) ou son sous-traitant
","CMS Entrepreneurs Généraux Inc.","t","t","t","t","t","t","t","t","t","t","t","t","t","t",,,,,,,,,,,,,,,"2026-08-19T00:01:47Z",-73.59269765872793,45.53112160609393
"6a7f3ad68d981b0012f54c45","OCC-2608YP14269718","25008","LaSalle","Travaux","Permis émis","2026-08-18T20:00:00Z","2026-09-30T19:59:59Z","Construction/rénovation sans excavation","Jean-Milot entre Quinlan et Lafleur","Entrepreneur sous contrat avec la Ville de Montréal","Eurovia Québec Grands Projets","t","t","t","t","t","t","t","t","t","t","f","t","f","t",,,,,,,,,,,,,,,"2026-08-19T00:01:47Z",-73.64597230171782,45.43032132306856
"6a7f3f5d8d981b0012f54dec","OCC-2608QL14307541","25007","Ville-Marie","Travaux","Permis émis","2026-08-18T20:00:00Z","2026-09-30T19:59:59Z","Construction/rénovation avec excavation","Jeanne-Mance entre René-Lévesque et Sainte-Catherine","Entrepreneur sous contrat avec la Ville de Montréal","Ceveco inc","t","f","t","f","t","f","t","f","t","f","f","f","f","f",,,"06:00","17:00","06:00","17:00","06:00","17:00","06:00","17:00","06:00","17:00",,,"2026-08-19T00:01:47Z",-73.56494231140856,45.50667553840041
"6a8368098d981b0012f583f2","OCC-2608GC14658927",,"Côte-des-Neiges-Notre-Dame-de-Grâce","Travaux","Permis émis","2026-07-12T20:00:00Z","2026-09-26T19:59:59Z","S-3 Infrastructure souterraine majeure - Massifs et conduits","Côte-Saint-Luc entre Montclair et King-Edward","RTU (Réseau technique urbain) ou son sous-traitant
","Environnement Routier NRJ Inc.","t","f","t","f","t","f","t","f","t","f","f","f","f","f",,,"09:30","19:00","09:30","19:00","09:30","19:00","09:30","19:00","09:30","19:00",,,"2026-08-19T00:01:47Z",-73.65022802130436,45.46878073109287
"6a8478c08d981b0012f59de4","OCC-2608TO15346729",,"Villeray-Saint-Michel-Parc-Extension","Travaux","Permis émis","2026-08-23T20:00:00Z","2026-09-11T19:59:59Z","Construction/rénovation avec excavation","Cartier entre Bélanger et Jean-Talon",,,"t","f","t","f","t","f","t","f","t","f","f","f","f","f",,,"07:00","16:00","07:00","16:00","07:00","16:00","07:00","16:00","07:00","16:00",,,"2026-08-20T00:01:45Z",-73.60329354286777,45.54705501298856
"6a8445788d88dc00127c3495","OCC-2608WP15115959","1772524","Anjou","Travaux","Permis émis","2026-04-12T20:00:00Z","2026-10-31T19:59:59Z","Construction/rénovation avec excavation","Spalding entre Goncourt et Spalding","Entrepreneur sous contrat avec la Ville de Montréal","Les Entreprises Daniel Robert Inc.","t","t","t","t","t","t","t","t","t","t","t","t","t","t",,,,,,,,,,,,,,,"2026-08-20T00:01:45Z",-73.55184812165113,45.602735310756216
"6a8452688d981b0012f591ab","OCC-2608XN15332779","1785535","Ahuntsic-Cartierville","Travaux","Permis émis","2026-08-20T20:00:00Z","2026-10-16T19:59:59Z","Autre","Meilleur entre Lauraine-Vaillancourt et Meilleur","Entrepreneur sous contrat avec la Ville de Montréal","SALVEX INC","t","t","t","t","t","t","t","t","t","t","t","t","t","t",,,,,,,,,,,,,,,"2026-08-20T00:01:45Z",-73.66720244471031,45.54071397577047
"6a84618b8d981b0012f59555","OCC-2608VL15188280","524204","Ahuntsic-Cartierville","Travaux","Permis émis","2026-07-05T20:00:00Z","2026-09-18T19:59:59Z","Autre","Esplanade entre Fleury et Prieur","Entrepreneur sous contrat avec la Ville de Montréal","FER-PAL CONSTRUCTION LTD.","t","t","t","t","t","t","t","t","t","t","t","t","t","t",,,,,,,,,,,,,,,"2026-08-20T00:01:45Z",-73.66846080456243,45.5462787720184
"6a82e8268d981b0012f55e8f","OCC-2608RN15365732",,"Mercier-Hochelaga-Maisonneuve","Travaux","Permis émis","2026-09-10T20:00:00Z","2026-09-11T19:59:59Z","Entretien","De Jumonville entre Dickson et Monsabré","RTU (Réseau technique urbain) ou son sous-traitant
","Hydro-Québec-Entrave courte durée","t","f","t","f","t","f","t","f","t","f","f","f","f","f",,,"13:00","16:00","13:00","16:00","13:00","16:00","13:00","16:00","13:00","16:00",,,"2026-08-20T00:01:45Z",-73.551925822516,45.57487586722298
"6a830e0b8d981b0012f567c3","OCC-2608NB15361310",,"Côte-des-Neiges-Notre-Dame-de-Grâce","Travaux","Permis émis","2026-08-17T20:00:00Z","2026-10-30T19:59:59Z","Construction/rénovation avec excavation","Barclay entre Lavoie et Victoria","Entreprise","Comax Construction","t","t","t","t","t","t","t","t","t","t","t","t","t","t",,,,,,,,,,,,,,,"2026-08-20T00:01:45Z",-73.64112597848109,45.49656238524625
"6a7ce77f8d88dc00127baf7f","OCC-2608RL15332273","520701","Côte-des-Neiges-Notre-Dame-de-Grâce","Travaux","Permis émis","2026-08-23T20:00:00Z","2026-09-30T19:59:59Z","Égouts et aqueducs - Excavation","Sherbrooke entre Harvard et Melrose","Entrepreneur sous contrat avec la Ville de Montréal","Les Entreprises Cogenex Inc","t","t","t","t","t","t","t","t","t","t","t","t","t","t",,,,,,,,,,,,,,,"2026-08-20T00:01:45Z",-73.61645373166841,45.47032957663279
"6a83201b8d981b0012f56dd4","OCC-2608GR15132938","317601","Rivière-des-Prairies-Pointe-aux-Trembles","Travaux","Permis émis","2026-08-18T20:00:00Z","2026-10-16T19:59:59Z","Construction/rénovation avec excavation","Victoria entre 7e et 8e","Entrepreneur sous contrat avec la Ville de Montréal","Duroking Construction","t","f","t","f","t","f","t","f","t","f","f","f","f","f",,,"07:00","17:00","07:00","17:00","07:00","17:00","07:00","17:00","07:00","17:00",,,"2026-08-20T00:01:45Z",-73.4936864830872,45.63815037955213
"6a83312b8d88dc00127c1e3c","OCC-2608JG15136023",,"Rivière-des-Prairies-Pointe-aux-Trembles","Travaux","Permis émis","2026-08-17T20:00:00Z","2026-10-31T19:59:59Z","Autre","Ruelle","Organisation publique ou son sous-traitant","ENTRETIEN MILLER LTÉE","t","t","t","t","t","t","t","t","t","t","t","t","t","t",,,,,,,,,,,,,,,"2026-08-20T00:01:45Z",-73.59673049204441,45.6167193500781
"6a83603d8d981b0012f58265","OCC-2608IX15117544","1652355","Saint-Léonard","Travaux","Permis émis","2026-08-17T20:00:00Z","2026-12-31T18:59:59Z","Autre","Lacordaire entre Galets et Robert","Entrepreneur sous contrat avec la Ville de Montréal","Énergère Inc.","t","f","t","f","t","f","t","f","t","f","f","f","f","f",,,"09:00","15:00","09:00","15:00","09:00","15:00","09:00","15:00","09:00","15:00",,,"2026-08-20T00:01:45Z",-73.59647683872815,45.586646961883794
"6a8365758d88dc00127c2efa","OCC-2608QS15393918","1652355","Côte-des-Neiges-Notre-Dame-de-Grâce","Travaux","Permis émis","2026-08-17T20:00:00Z","2026-12-31T18:59:59Z","Autre","Décarie entre Queen-Mary et Isabella","Entrepreneur sous contrat avec la Ville de Montréal","Énergère Inc.","t","f","t","f","t","f","t","f","t","f","f","f","f","f",,,"07:00","15:00","07:00","15:00","07:00","15:00","07:00","15:00","07:00","15:00",,,"2026-08-20T00:01:45Z",-73.63062266472973,45.48400797633588
"6a85a78e8d88dc00127c5c22","OCC-2608XV16018271","1570498","Le Sud-Ouest","Travaux","Permis émis","2026-09-07T20:00:00Z","2026-09-10T19:59:59Z","Égouts et aqueducs - Inspection et nettoyage","Église entre Drake et Laurendeau","Entrepreneur sous contrat avec la Ville de Montréal","ORTEC ENVIRONNEMENT SERVICES INC","t","f","t","f","t","f","t","f","t","f","f","f","f","f",,,"07:00","19:00","07:00","19:00","07:00","19:00","07:00","19:00","07:00","19:00",,,"2026-08-21T00:01:53Z",-73.58422896641618,45.46350929966377
"6a871c328d88dc00127c8c63","OCC-2608EX16972543","202321","Ville-Marie","Travaux","Permis émis","2026-07-26T20:00:00Z","2026-09-18T19:59:59Z","Égouts et aqueducs - Réhabilitation","Rouen entre De Lorimier et Érables","Entrepreneur sous contrat avec la Ville de Montréal","Les Excavations Lafontaine inc.","t","t","t","t","t","t","t","t","t","t","t","t","t","t",,,,,,,,,,,,,,,"2026-08-22T00:01:56Z",-73.5605140876317,45.53003705235808
"6a871dbf8d981b0012f5ea88","OCC-2608KP17073706","202606","Anjou","Travaux","Permis émis","2026-08-26T20:00:00Z","2026-09-25T19:59:59Z","Trottoirs - Construction","Parc Chénier","Entrepreneur sous contrat avec la Ville de Montréal","Construction Larotek inc","t","t","t","t","t","t","t","t","t","t","t","t","t","t",,,,,,,,,,,,,,,"2026-08-22T00:01:56Z",-73.54312620488875,45.60249000377202
"6a8720e98d981b0012f5ee0e","OCC-2608SX17026799","202606","Anjou","Travaux","Permis émis","2026-08-26T20:00:00Z","2026-09-25T19:59:59Z","Trottoirs - Construction","Mayenne entre Pignerolles et Roseraies","Entrepreneur sous contrat avec la Ville de Montréal","Construction Larotek inc","t","t","t","t","t","t","t","t","t","t","t","t","t","t",,,,,,,,,,,,,,,"2026-08-22T00:01:56Z",-73.55041127944699,45.5957973275309
"6a8723288d88dc00127c8fcb","OCC-2608KW17029016","202606","Anjou","Travaux","Permis émis","2026-08-26T20:00:00Z","2026-09-25T19:59:59Z","Trottoirs - Construction","Beaubien entre Beaubien et Galeries-d'Anjou","Entrepreneur sous contrat avec la Ville de Montréal","Construction Larotek inc","t","t","t","t","t","t","t","t","t","t","t","t","t","t",,,,,,,,,,,,,,,"2026-08-22T00:01:56Z",-73.55643035350357,45.59480945226251
"6a87245c8d981b0012f5eeb4","OCC-2608BE17030586","202606","Anjou","Travaux","Permis émis","2026-08-26T20:00:00Z","2026-09-25T19:59:59Z","Trottoirs - Construction","Saint-Zotique entre Galeries-d'Anjou et Saint-Zotique","Entrepreneur sous contrat avec la Ville de Montréal","Construction Larotek inc","t","t","t","t","t","t","t","t","t","t","t","t","t","t",,,,,,,,,,,,,,,"2026-08-22T00:01:56Z",-73.5593096587319,45.596692795864094
"6a8733588d88dc00127c9345","OCC-2608XU17074568","202606","Anjou","Travaux","Permis émis","2026-08-26T20:00:00Z","2026-09-25T19:59:59Z","Trottoirs - Construction","Neuville entre Ronsard et Jarry","Entrepreneur sous contrat avec la Ville de Montréal","Construction Larotek inc","t","t","t","t","t","t","t","t","t","t","t","t","t","t",,,,,,,,,,,,,,,"2026-08-22T00:01:56Z",-73.57403975082752,45.59986645768356
"6a8734478d981b0012f5f1b0","OCC-2608FO17075197","202606","Anjou","Travaux","Permis émis","2026-08-26T20:00:00Z","2026-09-25T19:59:59Z","Trottoirs - Construction","Allonnes entre Allonnes et Fontevrault","Entrepreneur sous contrat avec la Ville de Montréal","Construction Larotek inc","t","t","t","t","t","t","t","t","t","t","t","t","t","t",,,,,,,,,,,,,,,"2026-08-22T00:01:56Z",-73.57700281423669,45.60347450631981
"6a87358b8d981b0012f5f1ce","OCC-2608XY17077771","202606","Anjou","Travaux","Permis émis","2026-08-26T20:00:00Z","2026-09-25T19:59:59Z","Trottoirs - Construction","Louresse entre Louresse et Louresse","Entrepreneur sous contrat avec la Ville de Montréal","Construction Larotek inc","t","t","t","t","t","t","t","t","t","t","t","t","t","t",,,,,,,,,,,,,,,"2026-08-22T00:01:56Z",-73.57510274830047,45.60505277047831
"6a8737138d88dc00127c9474","OCC-2608LC17112290","202606","Anjou","Travaux","Permis émis","2026-08-26T20:00:00Z","2026-09-25T19:59:59Z","Trottoirs - Construction","Louresse entre Louresse et Louresse","Entrepreneur sous contrat avec la Ville de Montréal","Construction Larotek inc","t","t","t","t","t","t","t","t","t","t","t","t","t","t",,,,,,,,,,,,,,,"2026-08-22T00:01:56Z",-73.57546295867654,45.60518105313685
"6a8737e28d88dc00127c949d","OCC-2608CA17080662","202606","Anjou","Travaux","Permis émis","2026-08-26T20:00:00Z","2026-09-25T19:59:59Z","Trottoirs - Construction","Alsace entre Louresse et Thérèse-Casgrain","Entrepreneur sous contrat avec la Ville de Montréal","Construction Larotek inc","t","t","t","t","t","t","t","t","t","t","t","t","t","t",,,,,,,,,,,,,,,"2026-08-22T00:01:56Z",-73.57940027671106,45.60742684571047
"6a8738208d88dc00127c94be","OCC-2608LT17042839",,"Ville-Marie","Travaux","Permis émis","2026-05-22T20:00:00Z","2026-10-23T19:59:59Z","Construction/rénovation sans excavation","Union entre Président-Kennedy et Sherbrooke","Entreprise","Constructions ConCreate ltée.","t","t","t","t","t","t","t","t","t","t","t","t","t","t",,,,,,,,,,,,,,,"2026-08-22T00:01:56Z",-73.57232110929435,45.505354569872615
"6a8738e98d981b0012f5f2ac","OCC-2608HC17081985","202606","Anjou","Travaux","Permis émis","2026-08-26T20:00:00Z","2026-09-25T19:59:59Z","Trottoirs - Construction","Alsace entre Bretagne et Louresse","Entrepreneur sous contrat avec la Ville de Montréal","Construction Larotek inc","t","t","t","t","t","t","t","t","t","t","t","t","t","t",,,,,,,,,,,,,,,"2026-08-22T00:01:56Z",-73.57998972962831,45.6067523887408
"6a873ac38d88dc00127c95e7","OCC-2608MI17084864","202606","Anjou","Travaux","Permis émis","2026-08-26T20:00:00Z","2026-09-25T19:59:59Z","Trottoirs - Construction","Parc Lucie-Bruneau","Entrepreneur sous contrat avec la Ville de Montréal","Construction Larotek inc","t","t","t","t","t","t","t","t","t","t","t","t","t","t",,,,,,,,,,,,,,,"2026-08-22T00:01:56Z",-73.58406089260804,45.60295244973581
"6a873c1e8d981b0012f5f3c4","OCC-2608BQ17083839","202606","Anjou","Travaux","Permis émis","2026-08-26T20:00:00Z","2026-09-25T19:59:59Z","Trottoirs - Construction","Galeries-d'Anjou entre Alsace et M.-B.-Jodoin","Entrepreneur sous contrat avec la Ville de Montréal","Construction Larotek inc","t","t","t","t","t","t","t","t","t","t","t","t","t","t",,,,,,,,,,,,,,,"2026-08-22T00:01:56Z",-73.5828835757864,45.60502867165118
"6a873d4b8d981b0012f5f415","OCC-2608KX17092703","202606","Anjou","Travaux","Permis émis","2026-08-26T20:00:00Z","2026-09-25T19:59:59Z","Trottoirs - Construction","Ruelle","Entrepreneur sous contrat avec la Ville de Montréal","Construction Larotek inc","t","t","t","t","t","t","t","t","t","t","t","t","t","t",,,,,,,,,,,,,,,"2026-08-22T00:01:56Z",-73.58639291608333,45.6045551811736
"6a873e8b8d88dc00127c9721","OCC-2608VY17085941","202606","Anjou","Travaux","Permis émis","2026-08-26T20:00:00Z","2026-09-25T19:59:59Z","Trottoirs - Construction","Bombardier entre Justine-Lacoste et Renaude-Lapointe","Entrepreneur sous contrat avec la Ville de Montréal","Construction Larotek inc","t","t","t","t","t","t","t","t","t","t","t","t","t","t",,,,,,,,,,,,,,,"2026-08-22T00:01:56Z",-73.58342659380952,45.60872320162533
"6a8740328d88dc00127c97d7","OCC-2608SA17087560","202606","Anjou","Travaux","Permis émis","2026-08-26T20:00:00Z","2026-09-25T19:59:59Z","Trottoirs - Construction","Colbert entre Bombardier et Ravenel","Entrepreneur sous contrat avec la Ville de Montréal","Construction Larotek inc","t","t","t","t","t","t","t","t","t","t","t","t","t","t",,,,,,,,,,,,,,,"2026-08-22T00:01:56Z",-73.58003454813374,45.61311222578233
"6a87411d8d88dc00127c9846","OCC-2608EP17088338","202606","Anjou","Travaux","Permis émis","2026-08-26T20:00:00Z","2026-09-25T19:59:59Z","Trottoirs - Construction","Colbert entre Ravenel et Larrey","Entrepreneur sous contrat avec la Ville de Montréal","Construction Larotek inc","t","t","t","t","t","t","t","t","t","t","t","t","t","t",,,,,,,,,,,,,,,"2026-08-22T00:01:56Z",-73.58136438336318,45.61367982390552
"6a87420f8d88dc00127c9876","OCC-2608ME17089172","202606","Anjou","Travaux","Permis émis","2026-08-26T20:00:00Z","2026-09-25T19:59:59Z","Trottoirs - Construction","Vauban entre Colbert et Mirabeau","Entrepreneur sous contrat avec la Ville de Montréal","Construction Larotek inc","t","t","t","t","t","t","t","t","t","t","t","t","t","t",,,,,,,,,,,,,,,"2026-08-22T00:01:56Z",-73.58938650823026,45.61775680160451
"6a8764198d981b0012f60077","OCC-2608NC17154815","1570498","Le Sud-Ouest","Travaux","Permis émis","2026-09-07T20:00:00Z","2026-09-11T19:59:59Z","Égouts et aqueducs - Inspection et nettoyage","Mill entre Mill et Bridge","Entrepreneur sous contrat avec la Ville de Montréal","ORTEC ENVIRONNEMENT SERVICES INC","t","f","t","f","t","f","t","f","t","f","f","f","f","f",,,"09:30","15:30","09:30","15:30","09:30","15:30","09:30","15:30","09:30","15:30",,,"2026-08-22T00:01:56Z",-73.55177534682377,45.4897554746252
"6a7cc5fe8d88dc00127ba941","OCC-2608HD17792099",,"Ville-Marie","Travaux","Permis émis","2026-08-23T20:00:00Z","2026-09-25T19:59:59Z","Réseaux routier - Réfection et travaux corrélatifs","Lespérance entre Ontario et Rouen","Ville de Montréal",,"t","t","t","t","t","t","t","t","t","t","f","f","f","f",,,,,,,,,,,,,,,"2026-08-23T00:01:46Z",-73.551159568874,45.53822740096019
"6a82f9a68d981b0012f56127","OCC-2608UV17801362",,"Ahuntsic-Cartierville","Travaux","Permis émis","2026-08-30T20:00:00Z","2026-09-18T19:59:59Z","Autre","Non-nommée entre Crémazie et Acadie","Organisation publique ou son sous-traitant","Hydro-Québec","t","t","t","t","t","t","t","t","t","t","t","t","t","t",,,,,,,,,,,,,,,"2026-08-23T00:01:46Z",-73.64916075733487,45.53166960834752
"6a87332a8d88dc00127c9341","OCC-2608OZ17816656",,"Le Sud-Ouest","Travaux","Permis émis","2026-09-10T20:00:00Z","2026-09-11T19:59:59Z","Entretien","Couvent entre Notre-Dame et Saint-Antoine","RTU (Réseau technique urbain) ou son sous-traitant
","Hydro-Québec-Entrave courte durée","t","f","t","f","t","f","t","f","t","f","f","f","f","f",,,"09:30","15:00","09:30","15:00","09:30","15:00","09:30","15:00","09:30","15:00",,,"2026-08-23T00:01:46Z",-73.5851455244108,45.47847763054289
"6a8492748d88dc00127c494c","OCC-2608FG20450009",,"Ville-Marie","Travaux","Permis émis","2026-09-03T20:00:00Z","2026-10-30T19:59:59Z","Construction/rénovation sans excavation","Saint-Urbain entre De La Gauchetière et René-Lévesque","Organisation publique ou son sous-traitant","St-Denis Thompson","t","t","t","t","t","t","t","t","t","t","t","t","t","t",,,,,,,,,,,,,,,"2026-08-27T00:01:51Z",-73.562141712525,45.507424172384944
"6a85fb868d88dc00127c7312","OCC-2608OI21212016","527001","Lachine","Travaux","Permis émis","2026-08-27T20:00:00Z","2026-09-10T19:59:59Z","Réseaux routier - Réfection et travaux corrélatifs","32e entre Fairway et Joseph-Dubreuil","Entrepreneur sous contrat avec la Ville de Montréal","Construction Viatek inc.","t","t","t","t","t","t","t","t","t","t","f","f","f","f",,,,,,,,,,,,,,,"2026-08-27T00:01:51Z",-73.69962755662182,45.45622806407773
"6a85fdef8d88dc00127c7427","OCC-2608XS21195050","527001","Lachine","Travaux","Permis émis","2026-08-26T20:00:00Z","2026-09-10T19:59:59Z","Réseaux routier - Réfection et travaux corrélatifs","32e entre Louis-A.-Amos et Joseph-Dubreuil","Entrepreneur sous contrat avec la Ville de Montréal","Construction Viatek inc.","t","t","t","t","t","t","t","t","t","t","t","t","t","t",,,,,,,,,,,,,,,"2026-08-27T00:01:51Z",-73.7077770042604,45.46221017176456
"6a8602888d981b0012f5d3a5","OCC-2608DX21261056",,"Montréal-Nord","Travaux","Permis émis","2026-09-10T20:00:00Z","2026-09-11T19:59:59Z","Autre","Pelletier entre Castille et Charleroi","RTU (Réseau technique urbain) ou son sous-traitant
","Lanauco","t","f","t","f","t","f","t","f","t","f","f","f","f","f",,,"06:00","16:00","06:00","16:00","06:00","16:00","06:00","16:00","06:00","16:00",,,"2026-08-27T00:01:51Z",-73.63483120076751,45.593560913708274
"6a8605058d981b0012f5d474","OCC-2608IC21194143","527001","Lachine","Travaux","Permis émis","2026-08-26T20:00:00Z","2026-09-10T19:59:59Z","Réseaux routier - Réfection et travaux corrélatifs","Fairway entre 32e et François-Lenoir","Entrepreneur sous contrat avec la Ville de Montréal","Construction Viatek inc.","t","t","t","t","t","t","t","t","t","t","t","t","t","t",,,,,,,,,,,,,,,"2026-08-27T00:01:51Z",-73.6997415303737,45.45457587961051
"6a86dd688d88dc00127c7cb8","OCC-2608NR17145995",,"Mercier-Hochelaga-Maisonneuve","Travaux","Permis émis","2026-08-28T20:00:00Z","2026-10-04T19:59:59Z","Construction/rénovation avec excavation","Dickson entre Pierre-De Coubertin et Chauveau","Organisation publique ou son sous-traitant","Hydro-Québec","f","f","f","f","f","f","f","f","f","f","t","t","t","t",,,,,,,,,,,,,,,"2026-08-27T00:01:51Z",-73.54376230147629,45.57178555556971
"6a86df308d981b0012f5d831","OCC-2608YI17150554",,"Mercier-Hochelaga-Maisonneuve","Travaux","Permis émis","2026-08-29T20:00:00Z","2026-09-26T19:59:59Z","Construction/rénovation avec excavation","Marseille entre Assomption et Dickson","Organisation publique ou son sous-traitant","Hydro-Québec","t","t","t","t","t","t","t","t","t","t","t","t","t","t",,,,,,,,,,,,,,,"2026-08-27T00:01:51Z",-73.54502126552403,45.57015140977077
"6a8c8c0f8d981b0012f64ceb","OCC-2608WQ21419817",,"Le Plateau-Mont-Royal","Travaux","Permis émis","2026-08-24T20:00:00Z","2026-09-11T19:59:59Z","Réseaux routier - Réfection et travaux corrélatifs","Square-Saint-Louis entre Drolet et Saint-Denis","CSEM (Commission des services électriques de Montréal) ou son sous-traitant
","CMS Entrepreneurs Généraux Inc.","t","t","t","t","t","t","t","t","t","t","t","t","t","t",,,,,,,,,,,,,,,"2026-08-27T00:01:51Z",-73.56997424870558,45.51772787722094
"6a8c8eb18d981b0012f64e29","OCC-2608JD21207840",,"Le Plateau-Mont-Royal","Travaux","Permis émis","2026-08-24T20:00:00Z","2026-09-11T19:59:59Z","Réseaux routier - Réfection et travaux corrélatifs","Henri-Julien entre Square-Saint-Louis et Pins","CSEM (Commission des services électriques de Montréal) ou son sous-traitant
","CMS Entrepreneurs Généraux Inc.","t","t","t","t","t","t","t","t","t","t","t","t","t","t",,,,,,,,,,,,,,,"2026-08-27T00:01:51Z",-73.57072026038763,45.516958737128654
"6a834b448d88dc00127c252b","OCC-2608ZR21169871",,"Rosemont-La Petite-Patrie","Travaux","Permis émis","2026-08-24T20:00:00Z","2026-09-25T19:59:59Z","Construction/rénovation sans excavation","Lafond entre Masson et Dandurand","Entreprise","Construction Coolbrook Inc.","t","t","t","t","t","t","t","t","t","t","t","t","t","t",,,,,,,,,,,,,,,"2026-08-27T00:01:51Z",-73.57230857762777,45.55316914078698
"6a2308bdf588d70012160ccd","OCC-2608CN21267863","524204","Ahuntsic-Cartierville","Travaux","Permis émis","2026-08-30T20:00:00Z","2026-10-19T19:59:59Z","Autre","Sacré-Coeur entre Port-Royal et Sauriol","Entrepreneur sous contrat avec la Ville de Montréal","FER-PAL CONSTRUCTION LTD.","t","t","t","t","t","t","t","t","t","t","t","t","t","t",,,,,,,,,,,,,,,"2026-08-27T00:01:51Z",-73.65199969541254,45.55873164121968
"6a8c96ff8d88dc00127cf29b","OCC-2608IF21415232",,"Le Plateau-Mont-Royal","Travaux","Permis émis","2026-08-24T20:00:00Z","2026-09-11T19:59:59Z","Réseaux routier - Réfection et travaux corrélatifs","Drolet entre Square-Saint-Louis et Pins","CSEM (Commission des services électriques de Montréal) ou son sous-traitant
","CMS Entrepreneurs Généraux Inc.","t","t","t","t","t","t","t","t","t","t","t","t","t","t",,,,,,,,,,,,,,,"2026-08-27T00:01:51Z",-73.57035301781545,45.51739026889351
"6a8da9338d88dc00127d087a","OCC-2608XQ21348821",,"Ahuntsic-Cartierville","Travaux","Permis émis","2026-09-07T20:00:00Z","2026-09-29T19:59:59Z","Construction/rénovation avec excavation","Ruelle","Organisation publique ou son sous-traitant","Tisseur Inc.","t","t","t","t","t","t","t","t","t","t","t","t","t","t",,,,,,,,,,,,,,,"2026-08-27T00:01:51Z",-73.64785650174092,45.54890908610506
"6a8daa9e8d981b0012f66bf4","OCC-2608WE21268391",,"Ville-Marie","Travaux","Permis émis","2026-08-02T20:00:00Z","2026-09-30T19:59:59Z","Construction/rénovation sans excavation","Guy entre Lincoln et Sherbrooke","Entreprise","Broccolini Construction Inc.","t","t","t","t","t","t","t","t","t","t","t","t","t","t",,,,,,,,,,,,,,,"2026-08-27T00:01:51Z",-73.5806806812143,45.49628471023074
"6a8dabe18d981b0012f66cc7","OCC-2608QO21271576",,"Ville-Marie","Travaux","Permis émis","2026-08-02T20:00:00Z","2026-09-30T19:59:59Z","Construction/rénovation sans excavation","Sherbrooke entre Simpson et Côte-des-Neiges","Entreprise","Broccolini Construction Inc.","t","t","t","t","t","t","t","t","t","t","t","t","t","t",,,,,,,,,,,,,,,"2026-08-27T00:01:51Z",-73.58124945306241,45.49693621153883
"6a8de0e78d981b0012f67d7b","OCC-2608CF21420073","1787955","Verdun","Travaux","Permis émis","2026-08-24T20:00:00Z","2026-09-25T19:59:59Z","Construction/rénovation avec excavation","Allard entre Bannantyne et Monteith","Entrepreneur sous contrat avec la Ville de Montréal","Construction Morival Ltee","t","t","t","t","t","t","t","t","t","t","t","t","t","t",,,,,,,,,,,,,,,"2026-08-27T00:01:51Z",-73.57984656901492,45.44725236958827
"6a8de4818d981b0012f67e82","OCC-2608GK21417237",,"Outremont","Travaux","Permis émis","2026-09-07T20:00:00Z","2026-09-15T19:59:59Z","Construction/rénovation sans excavation","Ruelle",,,"t","f","t","f","t","f","t","f","t","f","f","f","f","f",,,"07:30","19:00","07:30","19:00","07:30","19:00","07:30","19:00","07:30","19:00",,,"2026-08-27T00:01:51Z",-73.61372057230838,45.52269623450388
"6a836b0a8d981b0012f58456","OCC-2608ZC21458046",,"Montréal-Nord","Travaux","Permis émis","2026-08-24T20:00:00Z","2026-09-30T19:59:59Z","Toiture - Rénovation","Bruxelles entre Sabrevois et Fleury","Entreprise","Toiture Perreault Inc","t","f","t","f","t","f","t","f","t","f","t","f","t","f","07:00","17:00","07:00","19:00","07:00","19:00","07:00","19:00","07:00","19:00","07:00","19:00","07:00","17:00","2026-08-27T00:01:51Z",-73.63677476494331,45.582289281126734
"6a8de6858d981b0012f67f91","OCC-2608FK21442391","2026002","Ahuntsic-Cartierville","Travaux","Permis émis","2026-08-30T20:00:00Z","2026-09-18T19:59:59Z","Trottoirs - Construction","Ruelle","Entrepreneur sous contrat avec la Ville de Montréal","Montreal Scellant Inc.","t","f","t","f","t","f","t","f","t","f","f","f","f","f",,,"07:00","19:00","07:00","19:00","07:00","19:00","07:00","19:00","07:00","19:00",,,"2026-08-27T00:01:51Z",-73.6551009006092,45.538067358886025
"6a8f5d188d88dc00127d55e5","OCC-2608DY22380966","2026020","Mercier-Hochelaga-Maisonneuve","Travaux","Permis émis","2026-09-02T20:00:00Z","2026-09-19T19:59:59Z","Construction/rénovation sans excavation","Souligny entre Honoré-Beaugrand et Saint-Émile","Entrepreneur sous contrat avec la Ville de Montréal","Demix construction","t","f","t","f","t","f","t","f","t","f","f","f","f","f",,,"07:00","19:00","07:00","19:00","07:00","19:00","07:00","19:00","07:00","19:00",,,"2026-08-28T00:01:49Z",-73.52144861497743,45.59402517127078
"69f4e6944b167600129c7cdd","OCC-2605DT03001279","871652","LaSalle","Travaux","Permis émis","2026-05-03T20:00:00Z","2026-09-30T19:59:59Z","Autre","Ruelle","Entrepreneur sous contrat avec la Ville de Montréal","Eurovia Québec Construction","t","t","t","t","t","t","t","t","t","t","t","t","t","t",,,,,,,,,,,,,,,"2026-08-28T00:01:49Z",-73.59613241743016,45.43012631143112
"6a8739598d981b0012f5f2c0","OCC-2608UT22222967","2602","Villeray-Saint-Michel-Parc-Extension","Travaux","Permis émis","2026-09-07T20:00:00Z","2026-10-09T19:59:59Z","Autre","19e entre Everett et Crémazie","Entrepreneur sous contrat avec la Ville de Montréal","Les Pavages Céka","t","f","t","f","t","f","t","f","t","f","t","f","f","f","09:00","17:00","07:00","19:00","07:00","19:00","07:00","19:00","07:00","19:00","07:00","19:00",,,"2026-08-28T00:01:49Z",-73.59861177423585,45.56677880052283
"6a8752448d88dc00127c9e12","OCC-2608RS22311449",,"Ville-Marie","Travaux","Permis émis","2026-09-04T20:00:00Z","2026-09-11T19:59:59Z","Égouts et aqueducs - Excavation","Atwater entre Tupper et Sainte-Catherine","Ville de Montréal",,"t","t","t","t","t","t","t","t","t","t","t","t","t","t",,,,,,,,,,,,,,,"2026-08-28T00:01:49Z",-73.5843491368512,45.489139208776855
"6a8c5c7b8d981b0012f63ca7","OCC-2608RW22254814",,"Ville-Marie","Travaux","Permis émis","2026-08-30T20:00:00Z","2026-09-11T19:59:59Z","Égouts et aqueducs - Excavation","Saint-André entre Commune et Porte-de-Québec","Ville de Montréal",,"t","t","t","t","t","t","t","t","t","t","t","t","t","t",,,,,,,,,,,,,,,"2026-08-28T00:01:49Z",-73.54952289278367,45.512897380407935
"6a8c5cf98d981b0012f63cff","OCC-2608YG22234920",,"Ville-Marie","Travaux","Permis émis","2026-08-30T20:00:00Z","2026-10-30T19:59:59Z","Autre","Overdale entre Lucien-L'Allier et Mackay","Entreprise","DLM 1050 S.E.C.","t","t","t","t","t","t","t","t","t","t","f","f","f","f",,,,,,,,,,,,,,,"2026-08-28T00:01:49Z",-73.57207771518368,45.49503392862943
"6a8c5e128d88dc00127cdf24","OCC-2608XH22235948",,"Ville-Marie","Travaux","Permis émis","2026-08-30T20:00:00Z","2026-10-30T19:59:59Z","Autre","Overdale entre Lucien-L'Allier et Mackay","Entreprise","DLM 1050 S.E.C.","t","t","t","t","t","t","t","t","t","t","f","f","f","f",,,,,,,,,,,,,,,"2026-08-28T00:01:49Z",-73.57200423641656,45.49500362133925
"6a8c81df8d88dc00127ceb66","OCC-2608ZN22272491",,"Côte-des-Neiges-Notre-Dame-de-Grâce","Travaux","Permis émis","2026-09-07T20:00:00Z","2026-09-10T19:59:59Z","Égouts et aqueducs - Inspection et nettoyage","Côte-Saint-Luc entre Old Orchard et Marcil","Ville de Montréal",,"t","f","t","f","t","f","t","f","t","f","f","f","f","f",,,"09:00","16:00","09:00","16:00","09:00","16:00","09:00","16:00","09:00","16:00",,,"2026-08-28T00:01:49Z",-73.62845318637105,45.47846293220694
"6a8dbbb28d981b0012f67215","OCC-2608LT22283928","1794339","Outremont","Travaux","Permis émis","2026-08-30T20:00:00Z","2026-12-18T18:59:59Z","Construction/rénovation sans excavation","Rockland entre Bernard et Lajoie","Entrepreneur sous contrat avec la Ville de Montréal","Maçonnerie Rainville et Frères","t","t","t","t","t","t","t","t","t","t","f","t","f","t",,,,,,,,,,,,,,,"2026-08-28T00:01:49Z",-73.61430829858561,45.51532364041452
"6a8db9408d981b0012f67164","OCC-2608KD22106254","1570494","Côte-des-Neiges-Notre-Dame-de-Grâce","Travaux","Permis émis","2026-09-06T20:00:00Z","2026-09-18T19:59:59Z","Égouts et aqueducs - Inspection et nettoyage","Van Horne entre Lavoie et Victoria","Entrepreneur sous contrat avec la Ville de Montréal","ORTEC ENVIRONNEMENT SERVICES INC","t","f","t","f","t","f","t","f","t","f","f","f","f","f",,,"07:00","19:00","07:00","19:00","07:00","19:00","07:00","19:00","07:00","19:00",,,"2026-08-28T00:01:49Z",-73.6369310579957,45.49512660625268
"6a8ee0648d981b0012f68bef","OCC-2608XU22142520",,"Ville-Marie","Travaux","Permis émis","2026-08-31T20:00:00Z","2026-10-02T19:59:59Z","Construction/rénovation avec excavation","Saint-Denis entre Christin et Sainte-Catherine","Entreprise","St-Denis Thompson","t","t","t","t","t","t","t","t","t","t","t","t","t","t",,,,,,,,,,,,,,,"2026-08-28T00:01:49Z",-73.56021078522502,45.51366916895905
"6a8ef4788d981b0012f69196","OCC-2608XQ22125818",,"Ahuntsic-Cartierville","Travaux","Permis émis","2026-09-10T20:00:00Z","2026-09-11T19:59:59Z","Construction/rénovation avec excavation","Acadie entre Acadie et Acadie","Entreprise","Construction Alma Inc.","t","t","t","t","t","t","t","t","t","t","f","f","f","f",,,,,,,,,,,,,,,"2026-08-28T00:01:49Z",-73.67791274791001,45.53357589689683
"6a8ef5b08d981b0012f691ba","OCC-2608DL22130029",,"Rosemont-La Petite-Patrie","Travaux","Permis émis","2026-08-28T20:00:00Z","2026-09-11T19:59:59Z","Construction/rénovation sans excavation","Marquette entre Saint-Zotique et Bélanger",,,"t","t","t","t","t","t","t","t","t","t","t","t","t","t",,,,,,,,,,,,,,,"2026-08-28T00:01:49Z",-73.60277345081472,45.545104511379634
"6a8ef9138d88dc00127d3461","OCC-2608ZK22124992",,"Le Plateau-Mont-Royal","Travaux","Permis émis","2026-06-14T20:00:00Z","2027-10-31T19:59:59Z","Construction/rénovation sans excavation","Bordeaux entre Gauthier et Rachel","Organisation publique ou son sous-traitant","Construction Irénée Paquet & Fils Inc","t","t","t","t","t","t","t","t","t","t","t","t","t","t",,,,,,,,,,,,,,,"2026-08-28T00:01:49Z",-73.56685099051832,45.53169085971521
"6a8f04ce8d88dc00127d39ed","OCC-2608DY22204216",,"LaSalle","Travaux","Permis émis","2026-08-30T20:00:00Z","2026-09-11T19:59:59Z","Autre","Leclerc entre Thierry et Miller","Entreprise","Bisson Expert Inc","t","f","t","f","t","f","t","f","t","f","f","f","f","f",,,"07:00","16:00","07:00","16:00","07:00","16:00","07:00","16:00","07:00","16:00",,,"2026-08-28T00:01:49Z",-73.61117469789083,45.433163409166895
"6a8f06238d88dc00127d3a5f","OCC-2608ST22158187",,"Ville-Marie","Travaux","Permis émis","2026-08-16T20:00:00Z","2026-09-11T19:59:59Z","Construction/rénovation sans excavation","Viger entre Saint-Urbain et Côté","Organisation publique ou son sous-traitant","Les Entreprises Victor & François Inc.","t","f","t","f","t","f","t","f","t","f","f","f","f","f",,,"09:00","15:00","09:00","15:00","09:00","15:00","09:00","15:00","09:00","15:00",,,"2026-08-28T00:01:49Z",-73.56005756715803,45.50605088831082
"6a8f1ea28d981b0012f69f07","OCC-2608NU22295300",,"Rivière-des-Prairies-Pointe-aux-Trembles","Travaux","Permis émis","2026-09-06T20:00:00Z","2026-10-16T19:59:59Z","Entretien","Louis-Hippolyte-La Fontaine entre Arthur-Léveillé et Louis-Hippolyte-La Fontaine","Organisation publique ou son sous-traitant","ENTRETIEN MILLER LTÉE","t","f","t","f","t","f","t","f","t","f","f","f","f","f",,,"22:00","06:00","22:00","06:00","22:00","06:00","22:00","06:00","22:00","06:00",,,"2026-08-28T00:01:49Z",-73.6007517035276,45.61974276805378
"6a8f270e8d981b0012f6a2c3","OCC-2608ZX22277804",,"Le Plateau-Mont-Royal","Travaux","Permis émis","2026-08-26T20:00:00Z","2026-09-25T19:59:59Z","Autre","Mentana entre Laurier et Boucher","CSEM (Commission des services électriques de Montréal) ou son sous-traitant
","Telecon","t","t","t","t","t","t","t","t","t","t","t","t","t","t",,,,,,,,,,,,,,,"2026-08-28T00:01:49Z",-73.58716849808928,45.53017945078104
"6a7b6f488d981b0012f4de21","OCC-2608DG23163480",,"Ville-Marie","Travaux","Permis émis","2026-09-07T20:00:00Z","2026-09-18T19:59:59Z","Égouts et aqueducs - Excavation","Fullum entre Ontario et Prince-George","Ville de Montréal",,"t","t","t","t","t","t","t","t","t","t","t","t","t","t",,,,,,,,,,,,,,,"2026-08-29T00:01:42Z",-73.55537785007064,45.530610161449616
"6a7cb3c78d981b0012f50245","OCC-2608IK22931092","1570494","Côte-des-Neiges-Notre-Dame-de-Grâce","Travaux","Permis émis","2026-09-06T20:00:00Z","2026-09-18T19:59:59Z","Égouts et aqueducs - Inspection et nettoyage","Côte-Saint-Antoine entre Claremont et Vendôme","Entrepreneur sous contrat avec la Ville de Montréal","ORTEC ENVIRONNEMENT SERVICES INC","t","f","t","f","t","f","t","f","t","f","f","f","f","f",,,"07:00","19:00","07:00","19:00","07:00","19:00","07:00","19:00","07:00","19:00",,,"2026-08-29T00:01:42Z",-73.61086841035228,45.47846109381003
"6a7cbbe58d981b0012f5069c","OCC-2608DN22943410","1570494","Côte-des-Neiges-Notre-Dame-de-Grâce","Travaux","Permis émis","2026-09-06T20:00:00Z","2026-09-18T19:59:59Z","Égouts et aqueducs - Inspection et nettoyage","Sherbrooke entre Belgrave et Hampton","Entrepreneur sous contrat avec la Ville de Montréal","ORTEC ENVIRONNEMENT SERVICES INC","t","f","t","f","t","f","t","f","t","f","f","f","f","f",,,"07:00","15:30","07:00","15:30","07:00","15:30","07:00","15:30","07:00","15:30",,,"2026-08-29T00:01:42Z",-73.61998365020021,45.46849032580949
"6a7cbd258d981b0012f506d8","OCC-2608YX22942233","1570494","Côte-des-Neiges-Notre-Dame-de-Grâce","Travaux","Permis émis","2026-09-06T20:00:00Z","2026-09-18T19:59:59Z","Égouts et aqueducs - Inspection et nettoyage","Sherbrooke entre Draper et Royal","Entrepreneur sous contrat avec la Ville de Montréal","ORTEC ENVIRONNEMENT SERVICES INC","t","f","t","f","t","f","t","f","t","f","f","f","f","f",,,"07:00","15:30","07:00","15:30","07:00","15:30","07:00","15:30","07:00","15:30",,,"2026-08-29T00:01:42Z",-73.61881205081067,45.4690872853515
"6a7cbf9f8d981b0012f5080f","OCC-2608EV22942730","1570494","Côte-des-Neiges-Notre-Dame-de-Grâce","Travaux","Permis émis","2026-09-06T20:00:00Z","2026-09-18T19:59:59Z","Égouts et aqueducs - Inspection et nettoyage","Sherbrooke entre Wilson et Regent","Entrepreneur sous contrat avec la Ville de Montréal","ORTEC ENVIRONNEMENT SERVICES INC","t","f","t","f","t","f","t","f","t","f","f","f","f","f",,,"07:00","15:30","07:00","15:30","07:00","15:30","07:00","15:30","07:00","15:30",,,"2026-08-29T00:01:42Z",-73.6173971722877,45.46981910782616
"6a7ccdf28d981b0012f50d0f","OCC-2608WL22941656","1570494","Côte-des-Neiges-Notre-Dame-de-Grâce","Travaux","Permis émis","2026-09-06T20:00:00Z","2026-09-18T19:59:59Z","Égouts et aqueducs - Inspection et nettoyage","Côte-Saint-Antoine entre Draper et Sherbrooke","Entrepreneur sous contrat avec la Ville de Montréal","ORTEC ENVIRONNEMENT SERVICES INC","t","f","t","f","t","f","t","f","t","f","f","f","f","f",,,"07:00","19:00","07:00","19:00","07:00","19:00","07:00","19:00","07:00","19:00",,,"2026-08-29T00:01:42Z",-73.61963839655813,45.469253326856645
"6a7db4a28d88dc00127bb767","OCC-2608DF22980033","1777235","Saint-Léonard","Travaux","Permis émis","2026-08-30T20:00:00Z","2027-06-30T19:59:59Z","Construction/rénovation avec excavation","Lisieux entre Paimpol et Lisieux","Entrepreneur sous contrat avec la Ville de Montréal","Limoges et fils inc","t","t","t","t","t","t","t","t","t","t","t","t","t","t",,,,,,,,,,,,,,,"2026-08-29T00:01:42Z",-73.58613959712746,45.58146907542852
"6a84e9938d88dc00127c570c","OCC-2608ZO23287269",,"Le Plateau-Mont-Royal","Travaux","Permis émis","2026-08-31T20:00:00Z","2026-09-18T19:59:59Z","Égouts et aqueducs - Inspection et nettoyage","Sherbrooke entre Plessis et De Champlain","Ville de Montréal",,"t","f","t","f","t","f","t","f","t","f","f","f","f","f",,,"09:30","15:30","09:30","15:30","09:30","15:30","09:30","15:30","09:30","15:30",,,"2026-08-29T00:01:42Z",-73.56433646434475,45.52700218567568
"6a919aaa8d981b0012f6ea45","OCC-2608PK23848791",,"Ville-Marie","Travaux","Permis émis","2026-08-03T20:00:00Z","2026-09-30T19:59:59Z","Construction/rénovation sans excavation","De Bleury entre Sainte-Catherine et Mayor","Entreprise","LEM experts-conseils inc.","t","t","t","t","t","t","t","t","t","t","t","t","t","t",,,,,,,,,,,,,,,"2026-08-30T00:01:45Z",-73.56772706179984,45.506617755531785
"6a873d708d981b0012f5f424","OCC-2608BO17981193",,"Rosemont-La Petite-Patrie","Travaux","Permis émis","2026-08-25T20:00:00Z","2026-09-11T19:59:59Z","Construction/rénovation sans excavation","Alma entre Bellechasse et Burelle","Entreprise","Maçonnerie Sur Mesure inc.","t","t","t","t","t","t","t","t","t","t","t","t","t","t",,,,,,,,,,,,,,,"2026-08-23T00:01:46Z",-73.60566639676146,45.53208880331501
"6a873ea58d88dc00127c972c","OCC-2608YX17764018",,"Le Sud-Ouest","Travaux","Permis émis","2026-08-23T20:00:00Z","2026-09-14T19:59:59Z","Construction/rénovation sans excavation","Richmond entre Lionel-Groulx et Saint-Jacques","Entreprise","Construction BAL inc.","t","f","t","f","t","f","t","f","t","f","f","f","f","f",,,"07:00","16:00","07:00","16:00","07:00","16:00","07:00","16:00","07:00","16:00",,,"2026-08-23T00:01:46Z",-73.5704020820257,45.49042160386932
"6a8740068d88dc00127c97b8","OCC-2608DL17793094","2621261","Côte-des-Neiges-Notre-Dame-de-Grâce","Travaux","Permis émis","2026-09-06T20:00:00Z","2026-09-30T19:59:59Z","Égouts et aqueducs - Inspection et nettoyage","Ruelle","Entrepreneur sous contrat avec la Ville de Montréal","SIMO Management","t","f","t","f","t","f","t","f","t","f","f","f","f","f",,,"07:00","17:00","07:00","17:00","07:00","17:00","07:00","17:00","07:00","17:00",,,"2026-08-23T00:01:46Z",-73.63089126411336,45.4840258337103
"6a882d048d981b0012f609cb","OCC-2608EJ17745747",,"Villeray-Saint-Michel-Parc-Extension","Travaux","Permis émis","2026-04-19T20:00:00Z","2026-09-15T19:59:59Z","Construction/rénovation sans excavation","8e entre Jean-Talon et Everett","Organisation publique ou son sous-traitant","MGB Associés Inc.","t","t","t","t","t","t","t","t","t","t","t","t","t","t",,,,,,,,,,,,,,,"2026-08-23T00:01:46Z",-73.60135293072028,45.55766149764364
"6a8833b78d88dc00127ca6d0","OCC-2608RI17740289",,"Le Plateau-Mont-Royal","Travaux","Permis émis","2026-08-20T20:00:00Z","2026-09-18T19:59:59Z","Construction/rénovation sans excavation","Sherbrooke entre Hutchison et Durocher","Entreprise","Tisseur Inc.","t","f","t","f","t","f","t","f","t","f","f","f","f","f",,,"09:30","19:00","09:30","19:00","09:30","19:00","09:30","19:00","09:30","19:00",,,"2026-08-23T00:01:46Z",-73.57190056981175,45.50754016491143
"6a722b178d88dc00127abf23","OCC-2608TR03248550",,"Mercier-Hochelaga-Maisonneuve","Travaux","Permis émis","2026-08-01T20:00:00Z","2026-09-12T19:59:59Z","Construction/rénovation avec excavation","Beauclerk entre Notre-Dame et La Fontaine","Organisation publique ou son sous-traitant","Hydro-Québec","t","t","t","t","t","t","t","t","t","t","t","t","t","t",,,,,,,,,,,,,,,"2026-08-27T00:01:51Z",-73.5172554275282,45.58036021810192
"6a7b3fa58d88dc00127b6e37","OCC-2608ER10958525","193711","Ville-Marie","Travaux","Permis émis","2026-08-16T20:00:00Z","2026-11-06T18:59:59Z","Égouts et aqueducs - Excavation","Guy entre Saint-Jacques et Saint-Antoine","Entrepreneur sous contrat avec la Ville de Montréal","Pronex Excavation","t","t","t","t","t","t","t","t","t","t","t","t","t","t",,,,,,,,,,,,,,,"2026-08-27T00:01:51Z",-73.5713594151218,45.49226420569639
"6a8851fa8d981b0012f610e9","OCC-2608KH21250190",,"Ville-Marie","Travaux","Permis émis","2026-08-30T20:00:00Z","2026-09-10T19:59:59Z","Égouts et aqueducs - Inspection et nettoyage","William entre Robert-Bourassa et Robert-Bourassa","Ville de Montréal",,"t","f","t","f","t","f","t","f","t","f","f","f","f","f",,,"08:00","16:00","08:00","16:00","08:00","16:00","08:00","16:00","08:00","16:00",,,"2026-08-27T00:01:51Z",-73.55896225310822,45.49719276046056
"6a8862648d88dc00127cb23d","OCC-2608VB21281046","26005","St-Laurent","Travaux","Permis émis","2026-08-06T20:00:00Z","2026-09-11T19:59:59Z","Trottoirs - Construction","Jean-Gascon entre Pierre-Dagenais et Outardes","Entrepreneur sous contrat avec la Ville de Montréal","Ramcor Construction inc","t","t","t","t","t","t","t","t","t","t","t","t","t","t",,,,,,,,,,,,,,,"2026-08-27T00:01:51Z",-73.72068933061678,45.510029480081
"6a8862eb8d88dc00127cb29e","OCC-2608ZP21281490","26005","St-Laurent","Travaux","Permis émis","2026-08-12T20:00:00Z","2026-09-11T19:59:59Z","Trottoirs - Construction","Couvrette entre Robertson et Raimbault","Entrepreneur sous contrat avec la Ville de Montréal","Ramcor Construction inc","t","t","t","t","t","t","t","t","t","t","t","t","t","t",,,,,,,,,,,,,,,"2026-08-27T00:01:51Z",-73.67560598941384,45.52535408952813
"6a70f99c8d88dc00127aa12e","OCC-2608OD21371055","26005","St-Laurent","Travaux","Permis émis","2026-08-24T20:00:00Z","2026-09-18T19:59:59Z","Trottoirs - Construction","Poirier entre Muir et O'Brien","Entrepreneur sous contrat avec la Ville de Montréal","Ramcor Construction inc","t","t","t","t","t","t","t","t","t","t","t","t","t","t",,,,,,,,,,,,,,,"2026-08-27T00:01:51Z",-73.6879856440194,45.5255686833801
"6a70eedd8d88dc00127a9b11","OCC-2608UF21368062","26005","St-Laurent","Travaux","Permis émis","2026-08-24T20:00:00Z","2026-09-18T19:59:59Z","Trottoirs - Construction","Dutrisac entre Tassé et Ruisseau","Entrepreneur sous contrat avec la Ville de Montréal","Ramcor Construction inc","t","t","t","t","t","t","t","t","t","t","t","t","t","t",,,,,,,,,,,,,,,"2026-08-27T00:01:51Z",-73.68635981247827,45.52420551911038
"6a8865308d981b0012f61806","OCC-2608IT21281959","26005","St-Laurent","Travaux","Permis émis","2026-08-12T20:00:00Z","2026-09-11T19:59:59Z","Trottoirs - Construction","Dutrisac entre Tassé et Ruisseau","Entrepreneur sous contrat avec la Ville de Montréal","Ramcor Construction inc","t","t","t","t","t","t","t","t","t","t","t","t","t","t",,,,,,,,,,,,,,,"2026-08-27T00:01:51Z",-73.68635174476775,45.52405496547984
"6a8865f78d88dc00127cb550","OCC-2608KV21365919","26005","St-Laurent","Travaux","Permis émis","2026-08-19T20:00:00Z","2026-09-18T19:59:59Z","Trottoirs - Construction","Église entre Buchanan et Gratton","Entrepreneur sous contrat avec la Ville de Montréal","Ramcor Construction inc","t","t","t","t","t","t","t","t","t","t","t","t","t","t",,,,,,,,,,,,,,,"2026-08-27T00:01:51Z",-73.68393492070064,45.5073353333458
"6a8866428d88dc00127cb57a","OCC-2608RE21366197","26005","St-Laurent","Travaux","Permis émis","2026-08-19T20:00:00Z","2026-09-25T19:59:59Z","Trottoirs - Construction","Authier entre Côte-de-Liesse et Ward","Entrepreneur sous contrat avec la Ville de Montréal","Ramcor Construction inc","t","t","t","t","t","t","t","t","t","t","t","t","t","t",,,,,,,,,,,,,,,"2026-08-27T00:01:51Z",-73.67674077227082,45.49848369259054
"6a88668b8d88dc00127cb5d6","OCC-2608CV21366543","26005","St-Laurent","Travaux","Permis émis","2026-08-20T20:00:00Z","2026-09-18T19:59:59Z","Trottoirs - Construction","Jules-Poitras entre Côte-Vertu et Boa","Entrepreneur sous contrat avec la Ville de Montréal","Ramcor Construction inc","t","t","t","t","t","t","t","t","t","t","t","t","t","t",,,,,,,,,,,,,,,"2026-08-27T00:01:51Z",-73.67424989483851,45.52641408806446
"6a8866b98d981b0012f618c8","OCC-2608XH21366753","26005","St-Laurent","Travaux","Permis émis","2026-08-20T20:00:00Z","2026-09-18T19:59:59Z","Trottoirs - Construction","Jules-Poitras entre Côte-Vertu et Boa","Entrepreneur sous contrat avec la Ville de Montréal","Ramcor Construction inc","t","t","t","t","t","t","t","t","t","t","t","t","t","t",,,,,,,,,,,,,,,"2026-08-27T00:01:51Z",-73.67395479737128,45.52659418124183
"6a8cb3b18d981b0012f65689","OCC-2608EF21253921","1791514","Le Sud-Ouest","Travaux","Permis émis","2026-08-30T20:00:00Z","2026-10-31T19:59:59Z","Construction/rénovation avec excavation","Briand entre Denonville et Cardinal","Entrepreneur sous contrat avec la Ville de Montréal","Groupe Damex inc","t","t","t","t","t","t","t","t","t","t","t","t","t","t",,,,,,,,,,,,,,,"2026-08-27T00:01:51Z",-73.59505956360191,45.46073342912378
"6a8cb4d48d88dc00127cf859","OCC-2608SI21414841","1791514","Le Sud-Ouest","Travaux","Permis émis","2026-08-30T20:00:00Z","2026-10-31T19:59:59Z","Construction/rénovation avec excavation","Charlevoix entre Notre-Dame et Workman","Entrepreneur sous contrat avec la Ville de Montréal","Groupe Damex inc","t","t","t","t","t","t","t","t","t","t","t","t","t","t",,,,,,,,,,,,,,,"2026-08-27T00:01:51Z",-73.57554023847676,45.48317877440742
"6a8cc1228d981b0012f65b56","OCC-2608FA21189203","1169","Montréal-Nord","Travaux","Permis émis","2026-08-25T20:00:00Z","2026-09-30T19:59:59Z","Trottoirs - Construction","Désy entre Villeneuve et Léger","Entrepreneur sous contrat avec la Ville de Montréal","Montreal Scellant Inc.","t","t","t","t","t","t","t","t","t","t","t","t","t","t",,,,,,,,,,,,,,,"2026-08-27T00:01:51Z",-73.62823026367333,45.61790240807995
"6a8cc2b08d88dc00127cf907","OCC-2608VZ21206405","1169","Montréal-Nord","Travaux","Permis émis","2026-08-25T20:00:00Z","2026-09-30T19:59:59Z","Trottoirs - Construction","Léger entre Lanthier et Lacordaire","Entrepreneur sous contrat avec la Ville de Montréal","Montreal Scellant Inc.","t","t","t","t","t","t","t","t","t","t","t","t","t","t",,,,,,,,,,,,,,,"2026-08-27T00:01:51Z",-73.63110447167483,45.61386961738332
"6a8cc3948d88dc00127cf916","OCC-2608NQ21237645","1169","Montréal-Nord","Travaux","Permis émis","2026-08-25T20:00:00Z","2026-09-30T19:59:59Z","Trottoirs - Construction","Léger entre Sainte-Colette et Lanthier","Entrepreneur sous contrat avec la Ville de Montréal","Montreal Scellant Inc.","t","t","t","t","t","t","t","t","t","t","t","t","t","t",,,,,,,,,,,,,,,"2026-08-27T00:01:51Z",-73.6312325847969,45.61361382708056
"6a8cc4838d981b0012f65b74","OCC-2608HU21245704","1169","Montréal-Nord","Travaux","Permis émis","2026-08-25T20:00:00Z","2026-09-30T19:59:59Z","Trottoirs - Construction","Désy entre Villeneuve et Léger","Entrepreneur sous contrat avec la Ville de Montréal","Montreal Scellant Inc.","t","t","t","t","t","t","t","t","t","t","t","t","t","t",,,,,,,,,,,,,,,"2026-08-27T00:01:51Z",-73.62828956624979,45.61765735650361
"6a8da1ca8d981b0012f66845","OCC-2608OP21366213",,"Ville-Marie","Travaux","Permis émis","2026-08-29T20:00:00Z","2026-09-14T19:59:59Z","Construction/rénovation sans excavation","Saint-Urbain entre Viger et De La Gauchetière","Organisation publique ou son sous-traitant","Réfection Ville Marie SEP","t","t","t","t","t","t","t","t","t","t","t","t","t","t",,,,,,,,,,,,,,,"2026-08-27T00:01:51Z",-73.56030349406133,45.50669485911557
"6a8d92808d981b0012f66341","OCC-2608QE21370498",,"Ville-Marie","Travaux","Permis émis","2026-08-29T20:00:00Z","2026-09-14T19:59:59Z","Construction/rénovation sans excavation","Viger entre Clark et Côté","Organisation publique ou son sous-traitant","Réfection Ville Marie SEP","t","t","t","t","t","t","t","t","t","t","t","t","t","t",,,,,,,,,,,,,,,"2026-08-27T00:01:51Z",-73.55956008907411,45.506543252704056
"6a8da2df8d981b0012f66872","OCC-2608YQ21257623",,"Le Sud-Ouest","Travaux","Permis émis","2026-08-26T20:00:00Z","2026-12-01T18:59:59Z","Construction/rénovation sans excavation","Saint-Jacques entre Sainte-Marguerite et Lacasse","Entreprise","3145824 CANADA INC.","t","t","t","t","t","t","t","t","t","t","t","t","t","t",,,,,,,,,,,,,,,"2026-08-27T00:01:51Z",-73.58956770713625,45.47628922841331
"6a8dbfd98d88dc00127d108b","OCC-2608VT21375653",,"Verdun","Travaux","Permis émis","2026-08-23T20:00:00Z","2026-10-30T19:59:59Z","Construction/rénovation sans excavation","Manning entre LaSalle et Verdun","Entreprise","Afcor construction inc.","t","t","t","t","t","t","t","t","t","t","f","f","f","f",,,,,,,,,,,,,,,"2026-08-27T00:01:51Z",-73.57223426197,45.44935654694508
"6a8dc3598d981b0012f67337","OCC-2608QH21335248",,"Côte-des-Neiges-Notre-Dame-de-Grâce","Travaux","Permis émis","2026-07-05T20:00:00Z","2026-09-25T19:59:59Z","Construction/rénovation sans excavation","Girouard entre Sherbrooke et Côte-Saint-Antoine",,,"t","t","t","t","t","t","t","t","t","t","t","t","t","t",,,,,,,,,,,,,,,"2026-08-27T00:01:51Z",-73.61298574497658,45.4730537357356
"6a8dee688d88dc00127d1f7e","OCC-2608EG21463641","871652","LaSalle","Travaux","Permis émis","2026-08-09T20:00:00Z","2026-09-11T19:59:59Z","Autre","6e entre Centrale et Broadway","Entrepreneur sous contrat avec la Ville de Montréal","Eurovia Québec Construction","t","t","t","t","t","t","t","t","t","t","t","t","t","t",,,,,,,,,,,,,,,"2026-08-27T00:01:51Z",-73.60112915343727,45.43078898859929
"6a8f42508d88dc00127d4cb8","OCC-2608KZ22322296",,"Le Sud-Ouest","Travaux","Permis émis","2026-08-23T20:00:00Z","2026-09-18T19:59:59Z","Construction/rénovation avec excavation","Bridge entre Bridge et Mill","Organisation publique ou son sous-traitant","Hydro-Québec","t","t","t","t","t","t","t","t","t","t","t","t","t","t",,,,,,,,,,,,,,,"2026-08-28T00:01:49Z",-73.55130991019647,45.48672594043748
"6a8d87538d88dc00127cfbf1","OCC-2608GB22029747","1740844","Outremont","Travaux","Permis émis","2026-08-26T20:00:00Z","2026-09-11T19:59:59Z","Autre","Ruelle","Entrepreneur sous contrat avec la Ville de Montréal","Électricité Grimard","t","f","t","f","t","f","t","f","t","f","f","f","f","f",,,"07:00","15:00","07:00","15:00","07:00","15:00","07:00","15:00","07:00","15:00",,,"2026-08-28T00:01:49Z",-73.61808499921939,45.52566007118964
"6a8de57e8d981b0012f67ef6","OCC-2608XN22084959",,"Ahuntsic-Cartierville","Travaux","Permis émis","2026-09-09T20:00:00Z","2026-09-10T19:59:59Z","A-1 Réseau aérien existant","Esplanade entre Crémazie et De Beauharnois","RTU (Réseau technique urbain) ou son sous-traitant
","Laurin Laurin (Bell, VL, EC, HQ)","t","f","t","f","t","f","t","f","t","f","f","f","f","f",,,"07:00","17:00","07:00","17:00","07:00","17:00","07:00","17:00","07:00","17:00",,,"2026-08-28T00:01:49Z",-73.64490005524851,45.53883311016198
"6a8db5fd8d981b0012f6705b","OCC-2608PF22032648","1794339","Outremont","Travaux","Permis émis","2026-08-26T20:00:00Z","2026-12-18T18:59:59Z","Construction/rénovation avec excavation","Ruelle","Entrepreneur sous contrat avec la Ville de Montréal","Maçonnerie Rainville et Frères","t","t","t","t","t","t","t","t","t","t","t","t","t","t",,,,,,,,,,,,,,,"2026-08-28T00:01:49Z",-73.61454688484193,45.51499330435412
"6a8de9878d88dc00127d1d7f","OCC-2608SW22111657",,"Ville-Marie","Travaux","Permis émis","2026-08-21T20:00:00Z","2026-12-31T18:59:59Z","Construction/rénovation sans excavation","McGill College entre De Maisonneuve et Président-Kennedy","Entreprise","EPSYLON CONCEPT INC.","t","t","t","t","t","t","t","t","t","t","t","t","t","t",,,,,,,,,,,,,,,"2026-08-28T00:01:49Z",-73.57318884193302,45.50311565183569
"6a8deca18d88dc00127d1ea5","OCC-2608WO22154940","1719256","Ville-Marie","Travaux","Permis émis","2026-09-09T20:00:00Z","2026-12-18T18:59:59Z","Construction/rénovation avec excavation","Cedar entre Pins et Côte-des-Neiges","Entrepreneur sous contrat avec la Ville de Montréal","Urbex Construction INC","t","t","t","t","t","t","t","t","t","t","t","t","t","t",,,,,,,,,,,,,,,"2026-08-28T00:01:49Z",-73.59023643458329,45.496892979463
"6a8df0b88d981b0012f6835a","OCC-2608JK22056319",,"Pierrefonds-Roxboro","Travaux","Permis émis","2026-08-31T20:00:00Z","2026-09-18T19:59:59Z","Autre","Gouin entre Camille et Pitfield","RTU (Réseau technique urbain) ou son sous-traitant
","Pipelines Trans-Nord inc.","t","t","t","t","t","t","t","t","t","t","t","t","t","t",,,,,,,,,,,,,,,"2026-08-28T00:01:49Z",-73.75942445307426,45.50823082969425
"6a8efbff8d981b0012f69527","OCC-2608RE22203654",,"Anjou","Travaux","Permis émis","2026-08-31T20:00:00Z","2026-10-01T19:59:59Z","Autre","Parc de Talcy","Organisation publique ou son sous-traitant","Société de transports de Montréal (STM) Prolongement de la ligne bleue","t","t","t","t","t","t","t","t","t","t","t","t","t","t",,,,,,,,,,,,,,,"2026-08-28T00:01:49Z",-73.55962326369976,45.6070325337395
"6a8ee9f48d88dc00127d3049","OCC-2608UK23138517",,"Saint-Léonard","Travaux","Permis émis","2025-09-08T20:00:00Z","2026-10-01T19:59:59Z","Autre","Villanelle entre Jean-Talon et Élysée","Organisation publique ou son sous-traitant","Société de transports de Montréal (STM) Prolongement de la ligne bleue","t","t","t","t","t","t","t","t","t","t","t","t","t","t",,,,,,,,,,,,,,,"2026-08-29T00:01:42Z",-73.57695974317613,45.588998546387074
"6a8f212d8d981b0012f6a09a","OCC-2608SE22907334","212601","Le Sud-Ouest","Travaux","Permis émis","2026-09-07T20:00:00Z","2026-10-09T19:59:59Z","Construction/rénovation avec excavation","Saint-Patrick entre Saint-Patrick et Église","Entrepreneur sous contrat avec la Ville de Montréal","Environnement Routier NRJ Inc.","t","t","t","t","t","t","t","t","t","t","t","t","t","t",,,,,,,,,,,,,,,"2026-08-29T00:01:42Z",-73.59502046122968,45.4648942519941
"6a8f221c8d981b0012f6a122","OCC-2608BP22908167","212601","Le Sud-Ouest","Travaux","Permis émis","2026-09-07T20:00:00Z","2026-10-09T19:59:59Z","Construction/rénovation avec excavation","Saint-Patrick entre Gilmore et Hadley","Entrepreneur sous contrat avec la Ville de Montréal","Environnement Routier NRJ Inc.","t","t","t","t","t","t","t","t","t","t","t","t","t","t",,,,,,,,,,,,,,,"2026-08-29T00:01:42Z",-73.58947304086738,45.46674241107573
"6a8f42bf8d88dc00127d4cf8","OCC-2608JX23137976","260300","Pierrefonds-Roxboro","Travaux","Permis émis","2026-09-03T20:00:00Z","2026-09-20T19:59:59Z","Trottoirs - Construction","Huntington entre Anse-aux-Chênes et Anse-aux-Chênes","Entrepreneur sous contrat avec la Ville de Montréal","Uniroc Construction Inc.","t","t","t","t","t","t","t","t","t","t","t","t","t","t",,,,,,,,,,,,,,,"2026-08-29T00:01:42Z",-73.85183159718854,45.50790807010621
"6a8f43ed8d88dc00127d4d23","OCC-2608UD23138987","260300","Pierrefonds-Roxboro","Travaux","Permis émis","2026-09-03T20:00:00Z","2026-09-20T19:59:59Z","Trottoirs - Construction","Swallow entre Swallow et King","Entrepreneur sous contrat avec la Ville de Montréal","Uniroc Construction Inc.","t","t","t","t","t","t","t","t","t","t","t","t","t","t",,,,,,,,,,,,,,,"2026-08-29T00:01:42Z",-73.85216253565139,45.47867441548364
"6a8f458c8d981b0012f6ace5","OCC-2608VM23140549","260300","Pierrefonds-Roxboro","Travaux","Permis émis","2026-09-03T20:00:00Z","2026-09-20T19:59:59Z","Trottoirs - Construction","Sugarbush entre Atlas et Anthime","Entrepreneur sous contrat avec la Ville de Montréal","Uniroc Construction Inc.","t","t","t","t","t","t","t","t","t","t","t","t","t","t",,,,,,,,,,,,,,,"2026-08-29T00:01:42Z",-73.86947936411339,45.46479059642638
"6a8f46ca8d981b0012f6ad02","OCC-2608UL23141268","260300","Pierrefonds-Roxboro","Travaux","Permis émis","2026-09-03T20:00:00Z","2026-09-20T19:59:59Z","Trottoirs - Construction","Cageux entre Antoine-Faucon et Gowdridge","Entrepreneur sous contrat avec la Ville de Montréal","Uniroc Construction Inc.","t","t","t","t","t","t","t","t","t","t","t","t","t","t",,,,,,,,,,,,,,,"2026-08-29T00:01:42Z",-73.88066924893155,45.45389550083849
"6a8f47878d88dc00127d4dcc","OCC-2608CN23144562","260300","Pierrefonds-Roxboro","Travaux","Permis émis","2026-09-03T20:00:00Z","2026-09-20T19:59:59Z","Trottoirs - Construction","Meloche entre Fatima et Larocque","Entrepreneur sous contrat avec la Ville de Montréal","Uniroc Construction Inc.","t","t","t","t","t","t","t","t","t","t","t","t","t","t",,,,,,,,,,,,,,,"2026-08-29T00:01:42Z",-73.89057927845597,45.45605203744335
"6a902b308d88dc00127d5fac","OCC-2608KJ22939051",,"Le Plateau-Mont-Royal","Travaux","Permis émis","2026-08-26T20:00:00Z","2026-12-18T18:59:59Z","Construction/rénovation sans excavation","Ruelle","Entreprise","CONSTRUCTION MODULOR INC.","t","t","t","t","t","t","t","t","t","t","t","t","t","t",,,,,,,,,,,,,,,"2026-08-29T00:01:42Z",-73.5872375347138,45.533945604360206
"6a9031c18d981b0012f6ba48","OCC-2608SE23042960",,"Ahuntsic-Cartierville","Travaux","Permis émis","2026-08-26T20:00:00Z","2026-09-15T19:59:59Z","Construction/rénovation sans excavation","Beauséjour entre Béique et Béique","Entreprise","Groupe imog inc","t","f","t","f","t","f","t","f","t","f","f","f","f","f",,,"07:00","15:00","07:00","15:00","07:00","15:00","07:00","15:00","07:00","15:00",,,"2026-08-29T00:01:42Z",-73.73631893472358,45.52563372317704
"6a8c63588d981b0012f64092","OCC-2608YB20430204",,"Le Sud-Ouest","Travaux","Permis émis","2026-06-28T20:00:00Z","2026-09-25T19:59:59Z","Construction/rénovation sans excavation","Saint-Antoine","Entreprise","Constructions Seni inc","t","t","t","t","t","t","t","t","t","t","t","t","t","t",,,,,,,,,,,,,,,"2026-08-26T00:01:58Z",-73.57488767224733,45.49022669823382
"6a8c6feb8d981b0012f64577","OCC-2608BG20554446","520501","St-Laurent","Travaux","Permis émis","2026-08-23T20:00:00Z","2026-10-15T19:59:59Z","Autre","Côte-Vertu entre Cardinal et Leduc","Entrepreneur sous contrat avec la Ville de Montréal","Gerald theoret inc.","t","t","t","t","t","t","t","t","t","t","t","t","t","t",,,,,,,,,,,,,,,"2026-08-26T00:01:58Z",-73.68554493554518,45.51213622821953
"6a8c7df28d981b0012f64859","OCC-2608CI20515551",,"Villeray-Saint-Michel-Parc-Extension","Travaux","Permis émis","2026-08-26T20:00:00Z","2026-09-10T19:59:59Z","Autre","Chambord entre Tillemont et Jarry","CSEM (Commission des services électriques de Montréal) ou son sous-traitant
","Telecon","t","f","t","f","t","f","t","f","t","f","f","f","f","f",,,"07:00","17:00","07:00","17:00","07:00","17:00","07:00","17:00","07:00","17:00",,,"2026-08-26T00:01:58Z",-73.62119501761478,45.54952051262431
"6a8ca61f8d981b0012f65489","OCC-2608MI20601861",,"Ville-Marie","Travaux","Permis émis","2026-09-03T20:00:00Z","2026-10-30T19:59:59Z","Construction/rénovation sans excavation","Saint-Urbain entre De La Gauchetière et René-Lévesque","Organisation publique ou son sous-traitant","St-Denis Thompson","t","t","t","t","t","t","t","t","t","t","t","t","t","t",,,,,,,,,,,,,,,"2026-08-26T00:01:58Z",-73.56208549248704,45.50742920612213
"6a8ca9568d981b0012f6550f","OCC-2608CI20615977","1791514","Le Sud-Ouest","Travaux","Permis émis","2026-08-30T20:00:00Z","2026-10-31T19:59:59Z","Construction/rénovation avec excavation","De Montmagny entre Newman et Springland","Entrepreneur sous contrat avec la Ville de Montréal","Groupe Damex inc","t","t","t","t","t","t","t","t","t","t","t","t","t","t",,,,,,,,,,,,,,,"2026-08-26T00:01:58Z",-73.60248243792503,45.45331653881397
"6a8caad68d981b0012f65542","OCC-2608GU20617522","1791514","Le Sud-Ouest","Travaux","Permis émis","2026-08-30T20:00:00Z","2026-10-31T19:59:59Z","Construction/rénovation avec excavation","De Montmagny entre Newman et Springland","Entrepreneur sous contrat avec la Ville de Montréal","Groupe Damex inc","t","t","t","t","t","t","t","t","t","t","t","t","t","t",,,,,,,,,,,,,,,"2026-08-26T00:01:58Z",-73.60197662943902,45.45383498369555
"6a844f148d981b0012f58fc4","OCC-2608NR20454100","207397","Ville-Marie","Travaux","Permis émis","2026-08-30T20:00:00Z","2026-09-15T19:59:59Z","Égouts et aqueducs - Inspection et nettoyage","Saint-Antoine entre Square-Victoria et Robert-Bourassa","Entrepreneur sous contrat avec la Ville de Montréal","Les Excavations Lafontaine inc.","t","t","t","t","t","t","t","t","t","t","t","t","t","t",,,,,,,,,,,,,,,"2026-08-27T00:01:51Z",-73.56224071391928,45.50097441426421
"6a8897408d981b0012f62374","OCC-2608YW21398474",,"Rivière-des-Prairies-Pointe-aux-Trembles","Travaux","Permis émis","2026-09-10T20:00:00Z","2026-09-11T19:59:59Z","Entretien","24e entre Jacques-Rousseau et Armand-Bombardier","RTU (Réseau technique urbain) ou son sous-traitant
","Hydro-Québec-Entrave courte durée","t","f","t","f","t","f","t","f","t","f","f","f","f","f",,,"08:00","16:00","08:00","16:00","08:00","16:00","08:00","16:00","08:00","16:00",,,"2026-08-27T00:01:51Z",-73.59883710926158,45.64014252043129
"6a88ae178d88dc00127cc489","OCC-2608MZ21225281",,"Le Plateau-Mont-Royal","Travaux","Permis émis","2026-08-25T20:00:00Z","2026-09-15T19:59:59Z","Autre","Drolet entre Square-Saint-Louis et Pins","Entreprise","Bisson Expert Inc","t","f","t","f","t","f","t","f","t","f","f","f","f","f",,,"07:00","16:00","07:00","16:00","07:00","16:00","07:00","16:00","07:00","16:00",,,"2026-08-27T00:01:51Z",-73.57073227060899,45.51763464047587
"6a8ca7ff8d981b0012f654ef","OCC-2608WG21188470",,"Ville-Marie","Travaux","Permis émis","2026-08-31T20:00:00Z","2026-09-30T19:59:59Z","Construction/rénovation sans excavation","Port entre Commune et D'Youville",,,"t","t","t","t","t","t","t","t","t","t","t","t","t","t",,,,,,,,,,,,,,,"2026-08-27T00:01:51Z",-73.55464450499804,45.50191403615039
"6a8c50d88d981b0012f6380f","OCC-2608LT21494803",,"St-Laurent","Travaux","Permis émis","2026-08-11T20:00:00Z","2026-10-05T19:59:59Z","Construction/rénovation sans excavation","Cavendish entre Cavendish et Griffith","Organisation publique ou son sous-traitant","Pomerleau Inc.","t","t","t","t","t","t","t","t","t","t","t","t","t","t",,,,,,,,,,,,,,,"2026-08-27T00:01:51Z",-73.68803211742969,45.48781333582421
"6a8c5cbb8d88dc00127cdebc","OCC-2608HV21284293",,"Le Sud-Ouest","Travaux","Permis émis","2026-08-24T20:00:00Z","2026-09-11T19:59:59Z","Réseaux routier - Réfection et travaux corrélatifs","Workman entre Charlevoix et Atwater","CSEM (Commission des services électriques de Montréal) ou son sous-traitant
","CMS Entrepreneurs Généraux Inc.","t","t","t","t","t","t","t","t","t","t","t","t","t","t",,,,,,,,,,,,,,,"2026-08-27T00:01:51Z",-73.57814470336055,45.48189665856095
"6a8d6d4b8d981b0012f65be0","OCC-2608AY21383999",,"Rivière-des-Prairies-Pointe-aux-Trembles","Travaux","Permis émis","2026-09-02T20:00:00Z","2026-09-10T19:59:59Z","Entretien","9e entre Victoria et De La Gauchetière","RTU (Réseau technique urbain) ou son sous-traitant
","Hydro-Québec-Entrave courte durée","t","f","t","f","t","f","t","f","t","f","f","f","f","f",,,"08:00","16:00","08:00","16:00","08:00","16:00","08:00","16:00","08:00","16:00",,,"2026-08-27T00:01:51Z",-73.49733977452794,45.63996929836814
"6a8d7ef28d981b0012f65d06","OCC-2608EP21179109","193711","Ville-Marie","Travaux","Permis émis","2026-08-24T20:00:00Z","2026-11-06T18:59:59Z","Égouts et aqueducs - Excavation","Saint-Jacques entre Lusignan et Guy","Entrepreneur sous contrat avec la Ville de Montréal","Pronex Excavation","t","t","t","t","t","t","t","t","t","t","t","t","t","t",,,,,,,,,,,,,,,"2026-08-27T00:01:51Z",-73.56963499497108,45.49184752695744
"6a8d82758d981b0012f65d79","OCC-2608VR21381783",,"Rivière-des-Prairies-Pointe-aux-Trembles","Travaux","Permis émis","2026-09-07T20:00:00Z","2026-09-18T19:59:59Z","S-2 Infrastructure souterraine mineure ou équipement hors-sol - Réseaux électriques, télécommunications ou câbles des distributions ","Maurice-Duplessis entre Fernand-Gauthier et 15e","CSEM (Commission des services électriques de Montréal) ou son sous-traitant
","Telecon","t","f","t","f","t","f","t","f","t","f","f","f","f","f",,,"07:00","15:30","07:00","15:30","07:00","15:30","07:00","15:30","07:00","15:30",,,"2026-08-27T00:01:51Z",-73.5946387173484,45.62735873477837
"6a8d952e8d88dc00127d0116","OCC-2608CW21461948",,"Le Plateau-Mont-Royal","Travaux","Permis émis","2026-08-11T20:00:00Z","2026-09-18T19:59:59Z","Construction/rénovation sans excavation","Hôtel-de-Ville entre Marie-Anne et Mont-Royal","Entreprise","Construction Gaïa inc.","t","t","t","t","t","t","t","t","t","t","t","t","t","t",,,,,,,,,,,,,,,"2026-08-27T00:01:51Z",-73.58341535219657,45.52134366849346
"6a88b3af8d981b0012f628c9","OCC-2608GC21423813",,"Le Plateau-Mont-Royal","Travaux","Permis émis","2026-08-25T20:00:00Z","2026-09-17T19:59:59Z","Autre","Boyer entre Rachel et Marie-Anne","Entreprise","Bisson Expert Inc","t","f","t","f","t","f","t","f","t","f","f","f","f","f",,,"07:00","16:00","07:00","16:00","07:00","16:00","07:00","16:00","07:00","16:00",,,"2026-08-27T00:01:51Z",-73.57720653654609,45.52624704832299
"6a8db4018d981b0012f66fbe","OCC-2608NQ21384350",,"Verdun","Travaux","Permis émis","2026-08-27T20:00:00Z","2026-10-30T19:59:59Z","Construction/rénovation sans excavation","Brises-du-Fleuve entre Galt et Brises-du-Fleuve","Entreprise","Groupe Dupont ltée","t","t","t","t","t","t","t","t","t","t","t","t","t","t",,,,,,,,,,,,,,,"2026-08-27T00:01:51Z",-73.56186109586358,45.46093732731262
"6a8dd5228d88dc00127d1576","OCC-2608XI21440143",,"Ahuntsic-Cartierville","Travaux","Permis émis","2026-08-31T20:00:00Z","2026-09-30T19:59:59Z","Construction/rénovation sans excavation","Saint-Laurent entre Sauriol et Fleury","Entreprise","BASTIUM CONSTRUCTION INC.","t","t","t","t","t","t","t","t","t","t","t","t","t","t",,,,,,,,,,,,,,,"2026-08-27T00:01:51Z",-73.66355552634857,45.54818824468688
"6a8dd8da8d88dc00127d177f","OCC-2608IT21386216",,"Ahuntsic-Cartierville","Travaux","Permis émis","2026-08-02T20:00:00Z","2026-09-30T19:59:59Z","Construction/rénovation sans excavation","Port-Royal entre Georges-Baril et De La Roche","Entreprise","Racine construction inc.","t","t","t","t","t","t","t","t","t","t","t","t","t","t",,,,,,,,,,,,,,,"2026-08-27T00:01:51Z",-73.6509385501319,45.55644167117223
"6a8f2f8f8d88dc00127d46c1","OCC-2608ZC22264568",,"Côte-des-Neiges-Notre-Dame-de-Grâce","Travaux","Permis émis","2026-09-07T20:00:00Z","2026-09-10T19:59:59Z","Égouts et aqueducs - Inspection et nettoyage","Somerled entre Côte-Saint-Luc et Oxford","Ville de Montréal",,"t","f","t","f","t","f","t","f","t","f","f","f","f","f",,,"08:00","16:00","08:00","16:00","08:00","16:00","08:00","16:00","08:00","16:00",,,"2026-08-28T00:01:49Z",-73.62900707126684,45.47804506062664
"6a70d8dd8d88dc00127a8b37","OCC-2608YL22076124","527002","Rosemont-La Petite-Patrie","Travaux","Permis émis","2026-09-01T20:00:00Z","2026-09-16T19:59:59Z","Construction/rénovation avec excavation","Écores entre Beaubien et Augier","Entrepreneur sous contrat avec la Ville de Montréal","Pavages Métropolitain Inc.","t","t","t","t","t","t","t","t","t","t","f","f","f","f",,,,,,,,,,,,,,,"2026-08-28T00:01:49Z",-73.59612651701622,45.54925993297584
"6a70df168d88dc00127a8dc7","OCC-2608KV22075352","527002","Rosemont-La Petite-Patrie","Travaux","Permis émis","2026-09-02T20:00:00Z","2026-09-16T19:59:59Z","Construction/rénovation avec excavation","1re entre Beaubien et Bélanger","Entrepreneur sous contrat avec la Ville de Montréal","Pavages Métropolitain Inc.","t","t","t","t","t","t","t","t","t","t","f","f","f","f",,,,,,,,,,,,,,,"2026-08-28T00:01:49Z",-73.59393716024758,45.55174940647879
"6a85eed48d981b0012f5cf28","OCC-2608NS22088195",,"Villeray-Saint-Michel-Parc-Extension","Travaux","Permis émis","2026-08-30T20:00:00Z","2026-09-11T19:59:59Z","Autre","Saint-Michel entre Émile-Journault et Legendre","CSEM (Commission des services électriques de Montréal) ou son sous-traitant
","Telecon","t","f","t","f","t","f","t","f","t","f","f","f","f","f",,,"09:00","15:00","09:00","15:00","09:00","15:00","09:00","15:00","09:00","15:00",,,"2026-08-28T00:01:49Z",-73.6248318957839,45.57052141465394
"6a86e2758d981b0012f5d87f","OCC-2608DY22334967",,"Mercier-Hochelaga-Maisonneuve","Travaux","Permis émis","2026-08-26T20:00:00Z","2026-10-10T19:59:59Z","Construction/rénovation avec excavation","Beauclerk entre Pierre-De Coubertin et Marseille","Organisation publique ou son sous-traitant","Hydro-Québec","t","t","t","t","t","t","t","t","t","t","t","t","t","t",,,,,,,,,,,,,,,"2026-08-28T00:01:49Z",-73.53644897027368,45.58587190657139
"6a8c3e878d981b0012f631a6","OCC-2608FA22108442",,"Côte-des-Neiges-Notre-Dame-de-Grâce","Travaux","Permis émis","2026-08-31T20:00:00Z","2026-10-05T19:59:59Z","Autre","Kent entre Wilderton et Darlington","Entreprise","Avantage-Plus inc.","t","t","t","t","t","t","t","t","t","t","t","t","t","t",,,,,,,,,,,,,,,"2026-08-28T00:01:49Z",-73.62642415815517,45.50939927438796
"6a8d92a28d88dc00127d0066","OCC-2608GL22102752",,"Ville-Marie","Travaux","Permis émis","2026-09-05T20:00:00Z","2026-09-11T19:59:59Z","Égouts et aqueducs - Excavation","Sherbrooke entre Côte-des-Neiges et Saint-Mathieu","Ville de Montréal",,"t","f","t","f","t","f","t","f","t","f","f","f","t","f",,,"09:30","15:30","09:30","15:30","09:30","15:30","09:30","15:30","09:30","15:30","07:00","17:00","2026-08-28T00:01:49Z",-73.58205548520175,45.49612311562631
"6a8d96f78d88dc00127d017e","OCC-2608FE22256209",,"Côte-des-Neiges-Notre-Dame-de-Grâce","Travaux","Permis émis","2026-09-07T20:00:00Z","2026-09-10T19:59:59Z","Égouts et aqueducs - Inspection et nettoyage","Décarie entre Côte-Saint-Luc et Snowdon","Ville de Montréal",,"t","f","t","f","t","f","t","f","t","f","f","f","f","f",,,"09:30","15:00","09:30","15:00","09:30","15:00","09:30","15:00","09:30","15:00",,,"2026-08-28T00:01:49Z",-73.62311091693896,45.48072534730783
"6a8da4938d981b0012f668d6","OCC-2608DJ22067248",,"Pierrefonds-Roxboro","Travaux","Permis émis","2026-08-30T20:00:00Z","2026-09-18T19:59:59Z","S-3 Infrastructure souterraine majeure - Réseaux de gaz","Sauvé entre Raimbault et Sauvé","RTU (Réseau technique urbain) ou son sous-traitant
","Marathon Division Gaz","t","t","t","t","t","t","t","t","t","t","t","t","t","t",,,,,,,,,,,,,,,"2026-08-28T00:01:49Z",-73.82689154884054,45.502522355286274
"6a8da5d98d88dc00127d06d9","OCC-2608QJ22068883",,"Pierrefonds-Roxboro","Travaux","Permis émis","2026-08-30T20:00:00Z","2026-09-18T19:59:59Z","S-3 Infrastructure souterraine majeure - Réseaux de gaz","Raimbault entre Colin et Colin","RTU (Réseau technique urbain) ou son sous-traitant
","Marathon Division Gaz","t","t","t","t","t","t","t","t","t","t","t","t","t","t",,,,,,,,,,,,,,,"2026-08-28T00:01:49Z",-73.82617854314344,45.50303284625397
"6a8dad858d981b0012f66d9a","OCC-2608KS22288928",,"Outremont","Travaux","Permis émis","2026-09-09T20:00:00Z","2026-09-10T19:59:59Z","Construction/rénovation sans excavation","Maplewood entre Duchastel et Pagnuelo","Entreprise","Gainage PRS Inc.","t","f","t","f","t","f","t","f","t","f","f","f","f","f",,,"07:30","19:00","07:30","19:00","07:30","19:00","07:30","19:00","07:30","19:00",,,"2026-08-28T00:01:49Z",-73.60524354793667,45.5133224227064
"6a8deecf8d981b0012f682f4","OCC-2608KU22124228",,"Ville-Marie","Travaux","Permis émis","2026-08-24T20:00:00Z","2026-09-25T19:59:59Z","Construction/rénovation sans excavation","McGill College entre De Maisonneuve et Président-Kennedy","Entreprise","EPSYLON CONCEPT INC.","t","t","t","t","t","t","t","t","t","t","t","t","t","t",,,,,,,,,,,,,,,"2026-08-28T00:01:49Z",-73.57290223796022,45.502989386790816
"6a8df3e28d88dc00127d20f2","OCC-2608DE22125802",,"Ville-Marie","Travaux","Permis émis","2026-08-26T20:00:00Z","2026-09-14T19:59:59Z","Construction/rénovation sans excavation","De Maisonneuve entre Robert-Bourassa et McGill College","Entreprise","EPSYLON CONCEPT INC.","t","t","t","t","t","t","t","t","t","t","t","t","t","t",,,,,,,,,,,,,,,"2026-08-28T00:01:49Z",-73.57275005986031,45.50303236512937
"6a8c5bff8d88dc00127cde64","OCC-2608DB22261005","527004","St-Laurent","Travaux","Permis émis","2026-09-05T20:00:00Z","2026-09-14T19:59:59Z","Autre","Côte-de-Liesse entre Deslauriers et Montpellier","Entrepreneur sous contrat avec la Ville de Montréal","Demix construction","t","f","t","f","t","f","t","f","t","f","t","f","t","f","22:00","23:00","22:00","06:00","22:00","06:00","22:00","06:00","22:00","06:00","22:00","06:00","00:00","07:00","2026-08-28T00:01:49Z",-73.65595314112745,45.51898108960588
"6a8ed7208d981b0012f689d5","OCC-2608ZR22264015",,"Ahuntsic-Cartierville","Travaux","Permis émis","2026-07-31T20:00:00Z","2026-09-30T19:59:59Z","Autre","Ruelle","Organisation publique ou son sous-traitant","Sidcan Inc.","t","t","t","t","t","t","t","t","t","t","t","t","t","t",,,,,,,,,,,,,,,"2026-08-28T00:01:49Z",-73.64879220338516,45.55599060087994
"6a8eed168d981b0012f68ff2","OCC-2608KZ22167990",,"Villeray-Saint-Michel-Parc-Extension","Travaux","Permis émis","2026-08-23T20:00:00Z","2026-09-11T19:59:59Z","Autre","Berri entre Villeray et Gounod","RTU (Réseau technique urbain) ou son sous-traitant
","Telecon","t","f","t","f","t","f","t","f","t","f","f","f","f","f",,,"07:00","17:00","07:00","17:00","07:00","17:00","07:00","17:00","07:00","17:00",,,"2026-08-28T00:01:49Z",-73.62507432613839,45.54211250185621
"6a8eee148d981b0012f69028","OCC-2608VE22221931",,"Ahuntsic-Cartierville","Travaux","Permis émis","2026-08-16T20:00:00Z","2026-09-11T19:59:59Z","S-3 Infrastructure souterraine majeure - Massifs et conduits","Crémazie entre Chambord et Papineau","CSEM (Commission des services électriques de Montréal) ou son sous-traitant
","Telecon","t","f","t","f","t","f","t","f","t","f","f","f","f","f",,,"09:00","17:00","09:00","17:00","09:00","17:00","09:00","17:00","09:00","17:00",,,"2026-08-28T00:01:49Z",-73.62548862920458,45.55285004434644
"6a8eeef38d88dc00127d3194","OCC-2608PM22098262",,"Ville-Marie","Travaux","Permis émis","2026-08-27T20:00:00Z","2026-10-30T19:59:59Z","Construction/rénovation sans excavation","Jeanne-Mance entre De La Gauchetière et René-Lévesque","Organisation publique ou son sous-traitant","St-Denis Thompson","t","t","t","t","t","t","t","t","t","t","t","t","t","t",,,,,,,,,,,,,,,"2026-08-28T00:01:49Z",-73.56344986536436,45.50596993880497
"6a8f0a258d981b0012f699b9","OCC-2608FI22182317","405720","Le Sud-Ouest","Travaux","Permis émis","2026-08-26T20:00:00Z","2026-09-11T19:59:59Z","Autre","Murray entre Ottawa et William","Entrepreneur sous contrat avec la Ville de Montréal","Les Excavations Super Inc.","t","t","t","t","t","t","t","t","t","t","t","t","t","t",,,,,,,,,,,,,,,"2026-08-28T00:01:49Z",-73.56053236285152,45.49314444003153
"6a8f10b98d981b0012f69c31","OCC-2608NM22257000",,"Le Sud-Ouest","Travaux","Permis émis","2026-09-10T20:00:00Z","2026-09-11T19:59:59Z","Entretien","Sainte-Marguerite entre Saint-Ambroise et Sainte-Philomène","RTU (Réseau technique urbain) ou son sous-traitant
","Hydro-Québec-Entrave courte durée","t","f","t","f","t","f","t","f","t","f","f","f","f","f",,,"12:00","18:00","12:00","18:00","12:00","18:00","12:00","18:00","12:00","18:00",,,"2026-08-28T00:01:49Z",-73.58350808251753,45.47406361548168
"6a8f2e4f8d88dc00127d4652","OCC-2608LM22304594","250582","Rivière-des-Prairies-Pointe-aux-Trembles","Travaux","Permis émis","2026-09-08T20:00:00Z","2026-09-11T19:59:59Z","Construction/rénovation sans excavation","Métropolitain entre Dollard-Desjardins et Tricentenaire","Entrepreneur sous contrat avec la Ville de Montréal","Le Groupe LML Ltée","t","f","t","f","t","f","t","f","t","f","f","f","f","f",,,"07:00","15:00","07:00","15:00","07:00","15:00","07:00","15:00","07:00","15:00",,,"2026-08-28T00:01:49Z",-73.52269704149853,45.65384266584585
"6a7f54768d981b0012f55166","OCC-2608AK22945139","1570494","Côte-des-Neiges-Notre-Dame-de-Grâce","Travaux","Permis émis","2026-09-06T20:00:00Z","2026-09-18T19:59:59Z","Égouts et aqueducs - Inspection et nettoyage","Marcil entre Terrebonne et Côte-Saint-Luc","Entrepreneur sous contrat avec la Ville de Montréal","ORTEC ENVIRONNEMENT SERVICES INC","t","f","t","f","t","f","t","f","t","f","f","f","f","f",,,"07:00","19:00","07:00","19:00","07:00","19:00","07:00","19:00","07:00","19:00",,,"2026-08-29T00:01:42Z",-73.62809808778258,45.478092568009615
"6a87208a8d981b0012f5edf5","OCC-2608IE22941107",,"Côte-des-Neiges-Notre-Dame-de-Grâce","Travaux","Permis émis","2026-09-09T20:00:00Z","2026-09-10T19:59:59Z","Entretien","Beaconsfield entre Monkland et Terrebonne","RTU (Réseau technique urbain) ou son sous-traitant
","Hydro-Québec-Entrave courte durée","t","f","t","f","t","f","t","f","t","f","f","f","f","f",,,"17:00","22:00","17:00","22:00","17:00","22:00","17:00","22:00","17:00","22:00",,,"2026-08-29T00:01:42Z",-73.63008131738083,45.4707231487202
"6a8ca4e98d88dc00127cf5ec","OCC-2608IP22248996",,"Ville-Marie","Travaux","Permis émis","2026-08-16T20:00:00Z","2026-11-06T18:59:59Z","Autre","McDougall entre McDougall et Le Boulevard","Entreprise","ATWILL-MORIN BÉTON INC.","t","t","t","t","t","t","t","t","t","t","t","t","t","t",,,,,,,,,,,,,,,"2026-08-29T00:01:42Z",-73.59423240633143,45.49470276601883
"6a91d28b8d88dc00127daa3d","OCC-2608VO24030123","20594","Villeray-Saint-Michel-Parc-Extension","Travaux","Permis émis","2026-08-16T20:00:00Z","2026-11-16T18:59:59Z","Autre","Fabre entre L.-O.-David et Tillemont","Entrepreneur sous contrat avec la Ville de Montréal","FER-PAL CONSTRUCTION LTD.","t","t","t","t","t","t","t","t","t","t","t","t","t","t",,,,,,,,,,,,,,,"2026-08-30T00:01:45Z",-73.61600961145258,45.55021969085725
"6a91aa778d88dc00127d9e06","OCC-2608EN24045600","2026020","Mercier-Hochelaga-Maisonneuve","Travaux","Permis émis","2026-08-31T20:00:00Z","2026-09-11T19:59:59Z","Autre","Dubuisson entre Saint-Donat et Lebrun","Entrepreneur sous contrat avec la Ville de Montréal","Demix construction","t","t","t","t","t","t","t","t","t","t","t","t","t","t",,,,,,,,,,,,,,,"2026-08-30T00:01:45Z",-73.5188128702454,45.5980481071419
"6a7ccfe18d88dc00127bad1d","OCC-2608BK23799032","1570494","Côte-des-Neiges-Notre-Dame-de-Grâce","Travaux","Permis émis","2026-09-06T20:00:00Z","2026-09-18T19:59:59Z","Égouts et aqueducs - Inspection et nettoyage","Canterbury entre Canterbury et Côte-Sainte-Catherine","Entrepreneur sous contrat avec la Ville de Montréal","ORTEC ENVIRONNEMENT SERVICES INC","t","f","t","f","t","f","t","f","t","f","f","f","f","f",,,"07:00","19:00","07:00","19:00","07:00","19:00","07:00","19:00","07:00","19:00",,,"2026-08-30T00:01:45Z",-73.61978868735076,45.50562249064949
"6a7f20fa8d88dc00127be947","OCC-2608KW23798600","1570494","Côte-des-Neiges-Notre-Dame-de-Grâce","Travaux","Permis émis","2026-09-06T20:00:00Z","2026-09-18T19:59:59Z","Égouts et aqueducs - Inspection et nettoyage","Darlington entre Willowdale et Côte-Sainte-Catherine","Entrepreneur sous contrat avec la Ville de Montréal","ORTEC ENVIRONNEMENT SERVICES INC","t","f","t","f","t","f","t","f","t","f","f","f","f","f",,,"07:00","19:00","07:00","19:00","07:00","19:00","07:00","19:00","07:00","19:00",,,"2026-08-30T00:01:45Z",-73.62019520911798,45.50499278807072
"6a7f330e8d981b0012f5492f","OCC-2608XN23838878","1570494","Côte-des-Neiges-Notre-Dame-de-Grâce","Travaux","Permis émis","2026-09-06T20:00:00Z","2026-09-18T19:59:59Z","Égouts et aqueducs - Inspection et nettoyage","Fulton entre Fulton et Lemieux","Entrepreneur sous contrat avec la Ville de Montréal","ORTEC ENVIRONNEMENT SERVICES INC","t","f","t","f","t","f","t","f","t","f","f","f","f","f",,,"07:00","19:00","07:00","19:00","07:00","19:00","07:00","19:00","07:00","19:00",,,"2026-08-30T00:01:45Z",-73.62670854739295,45.48922297065443
"6a7f4ec08d88dc00127bf59b","OCC-2608QG23836301","1570494","Côte-des-Neiges-Notre-Dame-de-Grâce","Travaux","Permis émis","2026-09-06T20:00:00Z","2026-09-18T19:59:59Z","Égouts et aqueducs - Inspection et nettoyage","Dornal entre Dornal et Lemieux","Entrepreneur sous contrat avec la Ville de Montréal","ORTEC ENVIRONNEMENT SERVICES INC","t","f","t","f","t","f","t","f","t","f","f","f","f","f",,,"07:00","19:00","07:00","19:00","07:00","19:00","07:00","19:00","07:00","19:00",,,"2026-08-30T00:01:45Z",-73.62589040246264,45.48882799106343
"6a85cba78d981b0012f5c878","OCC-2608DO23758964","2604","Lachine","Travaux","Permis émis","2026-08-29T20:00:00Z","2026-10-31T19:59:59Z","Égouts et aqueducs - Excavation","Dawes entre 32e et 34e","Entrepreneur sous contrat avec la Ville de Montréal","Excavation Gricon","t","t","t","t","t","t","t","t","t","t","t","t","t","t",,,,,,,,,,,,,,,"2026-08-30T00:01:45Z",-73.69356364112345,45.4354423109904
"6a88545a8d88dc00127cad63","OCC-2608QU23917423","102202","Saint-Léonard","Travaux","Permis émis","2026-08-30T20:00:00Z","2026-09-11T19:59:59Z","Construction/rénovation sans excavation","Laverdière entre Ringuet et Verlaine","Entrepreneur sous contrat avec la Ville de Montréal","Eurovia Québec Construction","t","f","t","f","t","f","t","f","t","f","f","f","f","f",,,"07:00","19:00","07:00","19:00","07:00","19:00","07:00","19:00","07:00","19:00",,,"2026-08-30T00:01:45Z",-73.60642137078344,45.59310472465452
"6a8c35758d981b0012f62f23","OCC-2608QH24018281",,"Le Plateau-Mont-Royal","Travaux","Permis émis","2026-08-30T20:00:00Z","2026-09-11T19:59:59Z","Autre","Rachel entre Fullum et Fullum","CSEM (Commission des services électriques de Montréal) ou son sous-traitant
","Telecon","t","f","t","f","t","f","t","f","t","f","f","f","f","f",,,"09:00","15:00","09:00","15:00","09:00","15:00","09:00","15:00","09:00","15:00",,,"2026-08-30T00:01:45Z",-73.56497563571108,45.53518391922229
"6a8c96e28d981b0012f65109","OCC-2608DR23860768",,"Ville-Marie","Travaux","Permis émis","2026-09-01T20:00:00Z","2026-09-11T19:59:59Z","Égouts et aqueducs - Excavation","Hill Park entre Hill Park Circle et Hill Park","Ville de Montréal",,"t","t","t","t","t","t","t","t","t","t","t","t","t","t",,,,,,,,,,,,,,,"2026-08-30T00:01:45Z",-73.60034560573547,45.49691895375917
"6a8df4e38d88dc00127d2158","OCC-2608ID23905600",,"Le Plateau-Mont-Royal","Travaux","Permis émis","2026-09-07T20:00:00Z","2026-10-23T19:59:59Z","Toiture - Rénovation","Ruelle","Entreprise","GMI CONSTRUCTION","t","t","t","t","t","t","t","t","t","t","t","t","t","t",,,,,,,,,,,,,,,"2026-08-30T00:01:45Z",-73.56782115190107,45.5197435604046
"6a8f21aa8d981b0012f6a0d5","OCC-2608JD23888154",,"Anjou","Travaux","Permis émis","2026-09-06T20:00:00Z","2026-10-16T19:59:59Z","Entretien","Roi-René entre Roi-René et Roi-René","Organisation publique ou son sous-traitant","ENTRETIEN MILLER LTÉE","t","f","t","f","t","f","t","f","t","f","f","f","f","f",,,"22:00","06:00","22:00","06:00","22:00","06:00","22:00","06:00","22:00","06:00",,,"2026-08-30T00:01:45Z",-73.55829256048855,45.613684782491454
"6a8f4d418d88dc00127d543e","OCC-2608QC23945973","2026020","Mercier-Hochelaga-Maisonneuve","Travaux","Permis émis","2026-08-30T20:00:00Z","2026-09-11T19:59:59Z","Autre","Robitaille entre Yves-Prévost et Paul-Pau","Entrepreneur sous contrat avec la Ville de Montréal","Demix construction","t","f","t","f","t","f","t","f","t","f","f","f","f","f",,,"07:00","19:00","07:00","19:00","07:00","19:00","07:00","19:00","07:00","19:00",,,"2026-08-30T00:01:45Z",-73.54278561414358,45.61070292571112
"6a8da70f8d88dc00127d0782","OCC-2608XA22931519",,"Pierrefonds-Roxboro","Travaux","Permis émis","2026-08-30T20:00:00Z","2026-09-18T19:59:59Z","S-3 Infrastructure souterraine majeure - Réseaux de gaz","Colin entre Raimbault et Westpark","RTU (Réseau technique urbain) ou son sous-traitant
","Marathon Division Gaz","t","t","t","t","t","t","t","t","t","t","t","t","t","t",,,,,,,,,,,,,,,"2026-08-29T00:01:42Z",-73.8274378822083,45.50300192172314
"6a8dd5848d981b0012f678c8","OCC-2608BK22910196",,"Le Sud-Ouest","Travaux","Permis émis","2026-09-07T20:00:00Z","2026-09-16T19:59:59Z","Entretien","Saint-Patrick entre Ropery et Charlevoix","Entreprise","Laucandrique","t","t","t","t","t","t","t","t","t","t","f","f","f","f",,,,,,,,,,,,,,,"2026-08-29T00:01:42Z",-73.57081541694751,45.48055552015291
"6a8eda108d981b0012f68a45","OCC-2608DG23195391","25010","St-Laurent","Travaux","Permis émis","2026-08-30T20:00:00Z","2026-09-30T19:59:59Z","Construction/rénovation sans excavation","Claude-Henri-Grignon entre Cavendish et Pierre-Daviault","Entrepreneur sous contrat avec la Ville de Montréal","Eurovia Québec Grands Projets","t","f","t","f","t","f","t","f","t","f","f","f","f","f",,,"09:30","15:00","09:30","15:00","09:30","15:00","09:30","15:00","09:30","15:00",,,"2026-08-29T00:01:42Z",-73.7177283622136,45.50878664554398
"6a8ee53e8d88dc00127d2ead","OCC-2608QU22986756","260500","Pierrefonds-Roxboro","Travaux","Permis émis","2026-08-29T20:00:00Z","2026-10-31T19:59:59Z","Construction/rénovation avec excavation","Lalande entre Rose et Edward","Entrepreneur sous contrat avec la Ville de Montréal","Uniroc Construction Inc.","t","t","t","t","t","t","t","t","t","t","t","t","t","t",,,,,,,,,,,,,,,"2026-08-29T00:01:42Z",-73.7864202017114,45.50928895244149
"6a8ee6cc8d88dc00127d2f35","OCC-2608RB22989750","260500","Pierrefonds-Roxboro","Travaux","Permis émis","2026-08-29T20:00:00Z","2026-10-31T19:59:59Z","Construction/rénovation avec excavation","Lalande entre Rose et Saraguay","Entrepreneur sous contrat avec la Ville de Montréal","Uniroc Construction Inc.","t","t","t","t","t","t","t","t","t","t","t","t","t","t",,,,,,,,,,,,,,,"2026-08-29T00:01:42Z",-73.79283669732499,45.50907600466221
"6a871c878d981b0012f5e91d","OCC-2608FR22916718",,"Ahuntsic-Cartierville","Travaux","Permis émis","2026-09-12T20:00:00Z","2026-09-13T19:59:59Z","Entretien","Bois-de-Boulogne entre De Salaberry et Viel","RTU (Réseau technique urbain) ou son sous-traitant
","Hydro-Québec-Entrave courte durée","f","f","f","f","f","f","f","f","f","f","f","f","t","f",,,,,,,,,,,,,"13:00","17:00","2026-08-29T00:01:42Z",-73.6964379896264,45.5434700326032
"6a8f405a8d981b0012f6ac39","OCC-2608ZU23135857","260300","Pierrefonds-Roxboro","Travaux","Permis émis","2026-09-03T20:00:00Z","2026-09-20T19:59:59Z","Trottoirs - Construction","Saraguay entre Gagnier et Chénier","Entrepreneur sous contrat avec la Ville de Montréal","Uniroc Construction Inc.","t","t","t","t","t","t","t","t","t","t","t","t","t","t",,,,,,,,,,,,,,,"2026-08-29T00:01:42Z",-73.80044769933735,45.51420199267229
"6a8f41228d88dc00127d4c78","OCC-2608RF23136325","260300","Pierrefonds-Roxboro","Travaux","Permis émis","2026-09-03T20:00:00Z","2026-09-20T19:59:59Z","Trottoirs - Construction","14e entre 12e et 13e","Entrepreneur sous contrat avec la Ville de Montréal","Uniroc Construction Inc.","t","t","t","t","t","t","t","t","t","t","t","t","t","t",,,,,,,,,,,,,,,"2026-08-29T00:01:42Z",-73.80291602935871,45.50254908010902
"6a8f41e98d88dc00127d4c9a","OCC-2608NK23137336","260300","Pierrefonds-Roxboro","Travaux","Permis émis","2026-09-03T20:00:00Z","2026-09-20T19:59:59Z","Trottoirs - Construction","9e entre 19e et Sources","Entrepreneur sous contrat avec la Ville de Montréal","Uniroc Construction Inc.","t","t","t","t","t","t","t","t","t","t","t","t","t","t",,,,,,,,,,,,,,,"2026-08-29T00:01:42Z",-73.81296264475228,45.5004013521321
"6a8f5d368d88dc00127d560a","OCC-2608ZL23167571","1734948","Côte-des-Neiges-Notre-Dame-de-Grâce","Travaux","Permis émis","2026-07-23T20:00:00Z","2026-09-30T19:59:59Z","Autre","Jean-Brillant entre Decelles et Côte-des-Neiges","Entrepreneur sous contrat avec la Ville de Montréal","Les Excavations Super Inc.","t","t","t","t","t","t","t","t","t","t","t","t","t","t",,,,,,,,,,,,,,,"2026-08-29T00:01:42Z",-73.62089171424059,45.49694108820586
"6a901eb18d981b0012f6b581","OCC-2608YQ22982087",,"Côte-des-Neiges-Notre-Dame-de-Grâce","Travaux","Permis émis","2026-08-31T20:00:00Z","2026-09-30T19:59:59Z","Construction/rénovation sans excavation","Mountain Sights entre Vézina et Mackenzie","Entreprise","VINAC CONSTRUCTION INC.","t","f","t","f","t","f","t","f","t","f","f","f","f","f",,,"06:00","17:00","06:00","17:00","06:00","17:00","06:00","17:00","06:00","17:00",,,"2026-08-29T00:01:42Z",-73.64734665944015,45.493540407239685
"6a9020d48d981b0012f6b5fb","OCC-2608AQ22977809",,"Côte-des-Neiges-Notre-Dame-de-Grâce","Travaux","Permis émis","2026-08-31T20:00:00Z","2026-09-30T19:59:59Z","Construction/rénovation sans excavation","Mountain Sights entre Vézina et Mackenzie","Entreprise","VINAC CONSTRUCTION INC.","t","f","t","f","t","f","t","f","t","f","f","f","f","f",,,"06:00","17:00","06:00","17:00","06:00","17:00","06:00","17:00","06:00","17:00",,,"2026-08-29T00:01:42Z",-73.64741433529433,45.49347232388489
"6a9036e88d88dc00127d6450","OCC-2608NM22946192",,"Côte-des-Neiges-Notre-Dame-de-Grâce","Travaux","Permis émis","2026-09-01T20:00:00Z","2026-09-10T19:59:59Z","Entretien","Prud'homme entre Saint-Jacques et Prud'homme","RTU (Réseau technique urbain) ou son sous-traitant
","Hydro-Québec-Entrave courte durée","t","f","t","f","t","f","t","f","t","f","f","f","f","f",,,"08:00","16:00","08:00","16:00","08:00","16:00","08:00","16:00","08:00","16:00",,,"2026-08-29T00:01:42Z",-73.6048779243938,45.47157342590779
"6a9039368d88dc00127d6530","OCC-2608CP23032126",,"Ville-Marie","Travaux","Permis émis","2026-09-07T20:00:00Z","2026-09-10T19:59:59Z","Égouts et aqueducs - Inspection et nettoyage","De Lorimier entre De Maisonneuve et De Lorimier","Ville de Montréal",,"t","f","t","f","t","f","t","f","t","f","f","f","f","f",,,"09:30","15:00","09:30","15:00","09:30","15:00","09:30","15:00","09:30","15:00",,,"2026-08-29T00:01:42Z",-73.55195330622195,45.52548880188308
"6a90470d8d88dc00127d6ab0","OCC-2608IG23029820",,"Rosemont-La Petite-Patrie","Travaux","Permis émis","2026-08-31T20:00:00Z","2026-10-09T19:59:59Z","Autre","Ruelle","Entreprise","Béton Fondation Plus","t","f","t","f","t","f","t","f","t","f","f","f","f","f",,,"07:00","17:00","07:00","17:00","07:00","17:00","07:00","17:00","07:00","17:00",,,"2026-08-29T00:01:42Z",-73.59784329574184,45.5485375677609
"6a9058f98d981b0012f6ca2d","OCC-2608RU23088726",,"Côte-des-Neiges-Notre-Dame-de-Grâce","Travaux","Permis émis","2026-08-02T20:00:00Z","2026-12-18T18:59:59Z","Construction/rénovation avec excavation","Jean-Talon entre Victoria et Mountain Sights","Entreprise","Moser Entrepreneur Général inc.","t","f","t","f","t","f","t","f","t","f","f","f","f","f",,,"07:00","15:30","07:00","15:30","07:00","15:30","07:00","15:30","07:00","15:30",,,"2026-08-29T00:01:42Z",-73.65037194004364,45.49666314233003
"6a90680a8d88dc00127d738e","OCC-2608VX23063843",,"Lachine","Travaux","Permis émis","2026-04-19T20:00:00Z","2026-09-30T19:59:59Z","Construction/rénovation sans excavation","6e entre Musée et Saint-Louis","Entreprise","Corsim Construction Inc.","t","t","t","t","t","t","t","t","t","t","t","t","t","t",,,,,,,,,,,,,,,"2026-08-29T00:01:42Z",-73.66937382003943,45.43290999041231
"6a9076188d981b0012f6d1b5","OCC-2608BZ23134764",,"Le Plateau-Mont-Royal","Travaux","Permis émis","2026-08-30T20:00:00Z","2026-09-11T19:59:59Z","Construction/rénovation sans excavation","Saint-Hubert entre Mont-Royal et De Bienville","Entreprise","Les Entreprises Cam Construction inc","t","t","t","t","t","t","t","t","t","t","t","t","t","t",,,,,,,,,,,,,,,"2026-08-29T00:01:42Z",-73.58264808941642,45.5266319380613
"6a919eb48d88dc00127d9924","OCC-2608YG23973047",,"Côte-des-Neiges-Notre-Dame-de-Grâce","Travaux","Permis émis","2026-09-08T20:00:00Z","2026-09-11T19:59:59Z","Construction/rénovation sans excavation","Van Horne entre Hudson et Decelles","Entreprise","Construction Savco","t","f","t","f","t","f","t","f","t","f","f","f","f","f",,,"07:00","17:00","07:00","17:00","07:00","17:00","07:00","17:00","07:00","17:00",,,"2026-08-30T00:01:45Z",-73.63000021495294,45.50351198551654
"6a91a9c58d981b0012f6f0bc","OCC-2608HD23889271",,"Mercier-Hochelaga-Maisonneuve","Travaux","Permis émis","2026-08-27T20:00:00Z","2026-09-30T19:59:59Z","Autre","Marseille entre Lebrun et Baldwin","Ville de Montréal",,"t","f","t","f","t","f","t","f","t","f","f","f","f","f",,,"07:00","19:00","07:00","19:00","07:00","19:00","07:00","19:00","07:00","19:00",,,"2026-08-30T00:01:45Z",-73.52717971560841,45.60148024853712
"6a91aa3a8d981b0012f6f108","OCC-2608VA23896083",,"Ville-Marie","Travaux","Permis émis","2026-08-28T20:00:00Z","2026-09-15T19:59:59Z","Construction/rénovation avec excavation","Ruelle","Entreprise","MGB Associés Inc.","t","t","t","t","t","t","t","t","t","t","t","t","t","t",,,,,,,,,,,,,,,"2026-08-30T00:01:45Z",-73.57856336032641,45.49810269434136
"6a91af8c8d981b0012f6f38c","OCC-2608IS23902065","503001","Ville-Marie","Travaux","Permis émis","2026-08-22T20:00:00Z","2026-09-11T19:59:59Z","Construction/rénovation sans excavation","Peel entre René-Lévesque et Cypress","Entrepreneur sous contrat avec la Ville de Montréal","Roxboro Excavation Inc.","t","t","t","t","t","t","t","t","t","t","t","t","t","t",,,,,,,,,,,,,,,"2026-08-30T00:01:45Z",-73.57135821210166,45.49921064311391
"6a91bd778d88dc00127da33d","OCC-2608AB23991558",,"Villeray-Saint-Michel-Parc-Extension","Travaux","Permis émis","2026-08-28T20:00:00Z","2026-09-25T19:59:59Z","Construction/rénovation avec excavation","Saint-Urbain entre Jean-Talon et De Castelnau","Entreprise","Gestion 105 Jean-Talon Inc.","t","t","t","t","t","t","t","t","t","t","t","t","t","t",,,,,,,,,,,,,,,"2026-08-30T00:01:45Z",-73.61970966453808,45.53361143498503
"6a91c2698d88dc00127da55f","OCC-2608AN24001966","327401","St-Laurent","Travaux","Permis émis","2026-08-30T20:00:00Z","2026-09-25T19:59:59Z","Construction/rénovation avec excavation","Henri-Bourassa entre Sartelon et Brabant-Marineau","Entrepreneur sous contrat avec la Ville de Montréal","Pronex Excavation","t","f","t","f","t","f","t","f","t","f","f","f","f","f",,,"07:00","17:00","07:00","17:00","07:00","17:00","07:00","17:00","07:00","17:00",,,"2026-08-30T00:01:45Z",-73.74109302150589,45.50516386892525
"6a91c3c18d981b0012f6fa28","OCC-2608XJ23954119","1734948","Côte-des-Neiges-Notre-Dame-de-Grâce","Travaux","Permis émis","2026-04-23T20:00:00Z","2026-09-11T19:59:59Z","Autre","Gatineau entre Swail et Jean-Brillant","Entrepreneur sous contrat avec la Ville de Montréal","Les Excavations Super Inc.","t","t","t","t","t","t","t","t","t","t","t","t","t","t",,,,,,,,,,,,,,,"2026-08-30T00:01:45Z",-73.62018853866522,45.49650035288022
"6a91d0888d88dc00127da94d","OCC-2608BC23988201",,"Le Sud-Ouest","Travaux","Permis émis","2026-07-17T20:00:00Z","2026-10-31T19:59:59Z","Construction/rénovation avec excavation","Seigneurs entre Payette et Notre-Dame","Entreprise","Divco Limitée","t","t","t","t","t","t","t","t","t","t","t","t","t","t",,,,,,,,,,,,,,,"2026-08-30T00:01:45Z",-73.56823233273464,45.4874304208043
"6a91d0b58d88dc00127da978","OCC-2608IN23987514",,"Le Sud-Ouest","Travaux","Permis émis","2026-04-30T20:00:00Z","2026-10-31T19:59:59Z","Construction/rénovation avec excavation","Saint-Martin entre William et Notre-Dame","Entreprise","Divco Limitée","t","t","t","t","t","t","t","t","t","t","f","f","f","f",,,,,,,,,,,,,,,"2026-08-30T00:01:45Z",-73.56786714836032,45.488034118177154
"6a91d0e38d981b0012f6fd73","OCC-2608FJ23988851",,"Le Sud-Ouest","Travaux","Permis émis","2026-08-02T20:00:00Z","2026-10-31T19:59:59Z","Construction/rénovation avec excavation","Saint-Martin entre William et Notre-Dame","Entreprise","Divco Limitée","t","t","t","t","t","t","t","t","t","t","t","t","t","t",,,,,,,,,,,,,,,"2026-08-30T00:01:45Z",-73.56780890278974,45.48809727991962
"6a91d80f8d981b0012f6ffbb","OCC-2608AR24138647","520501","St-Laurent","Travaux","Permis émis","2026-08-27T20:00:00Z","2026-10-30T19:59:59Z","Égouts et aqueducs - Excavation","Crevier entre Côte-Vertu et Tassé","Entrepreneur sous contrat avec la Ville de Montréal","Gerald theoret inc.","t","t","t","t","t","t","t","t","t","t","t","t","t","t",,,,,,,,,,,,,,,"2026-08-30T00:01:45Z",-73.68789317035733,45.51356518582725
"6a91dd348d981b0012f700fe","OCC-2608TY24058261",,"Mercier-Hochelaga-Maisonneuve","Travaux","Permis émis","2026-08-30T20:00:00Z","2026-09-30T19:59:59Z","Construction/rénovation sans excavation","Hochelaga entre Letourneux et Bennett","Entreprise","Canoë Phase 2 inc.","t","f","t","f","t","f","t","f","t","f","f","f","f","f",,,"07:00","17:00","07:00","17:00","07:00","17:00","07:00","17:00","07:00","17:00",,,"2026-08-30T00:01:45Z",-73.54575237932059,45.55614969365399
"6a7cd0b38d981b0012f50e57","OCC-2608RG23933623","2026021","Mercier-Hochelaga-Maisonneuve","Travaux","Permis émis","2026-08-30T20:00:00Z","2026-10-09T19:59:59Z","Autre","Monsabré entre Boileau et Marseille","Entrepreneur sous contrat avec la Ville de Montréal","Les Pavages Céka","t","f","t","f","t","f","t","f","t","f","t","f","f","f","09:00","17:00","07:00","19:00","07:00","19:00","07:00","19:00","07:00","19:00","07:00","19:00",,,"2026-08-30T00:01:45Z",-73.54265819902419,45.57216462811021
"6a82fbd98d88dc00127c0c4a","OCC-2608LC23791951",,"Ahuntsic-Cartierville","Travaux","Permis émis","2026-08-30T20:00:00Z","2026-09-18T19:59:59Z","Autre","Crémazie entre Marché-Central et Crémazie","Organisation publique ou son sous-traitant","Hydro-Québec","t","t","t","t","t","t","t","t","t","t","t","t","t","t",,,,,,,,,,,,,,,"2026-08-30T00:01:45Z",-73.64787858491813,45.53275386113082
"6a82fcf58d88dc00127c0c5f","OCC-2608MN23790668",,"Ahuntsic-Cartierville","Travaux","Permis émis","2026-08-30T20:00:00Z","2026-09-18T19:59:59Z","Autre","Crémazie entre Legendre et Marché-Central","Organisation publique ou son sous-traitant","Hydro-Québec","t","t","t","t","t","t","t","t","t","t","t","t","t","t",,,,,,,,,,,,,,,"2026-08-30T00:01:45Z",-73.64744814967335,45.53329418502432
"6a88500c8d88dc00127cabe7","OCC-2608AF23914885","102202","Saint-Léonard","Travaux","Permis émis","2026-08-30T20:00:00Z","2026-09-11T19:59:59Z","Construction/rénovation sans excavation","Deschambault entre De Foucauld et Grandbois","Entrepreneur sous contrat avec la Ville de Montréal","Eurovia Québec Construction","t","f","t","f","t","f","t","f","t","f","f","f","f","f",,,"07:00","19:00","07:00","19:00","07:00","19:00","07:00","19:00","07:00","19:00",,,"2026-08-30T00:01:45Z",-73.60627358768633,45.59459041689748
"6a8850b68d981b0012f610b9","OCC-2608MX23915586","102202","Saint-Léonard","Travaux","Permis émis","2026-08-30T20:00:00Z","2026-09-11T19:59:59Z","Construction/rénovation sans excavation","Asselin entre De Foucauld et Verlaine","Entrepreneur sous contrat avec la Ville de Montréal","Eurovia Québec Construction","t","f","t","f","t","f","t","f","t","f","f","f","f","f",,,"07:00","19:00","07:00","19:00","07:00","19:00","07:00","19:00","07:00","19:00",,,"2026-08-30T00:01:45Z",-73.60715094823125,45.59404660427497
"6a88514d8d88dc00127cac72","OCC-2608DO23916179","102202","Saint-Léonard","Travaux","Permis émis","2026-08-30T20:00:00Z","2026-09-11T19:59:59Z","Construction/rénovation sans excavation","Glandelet entre Nevers et Marjolaine","Entrepreneur sous contrat avec la Ville de Montréal","Eurovia Québec Construction","t","f","t","f","t","f","t","f","t","f","f","f","f","f",,,"07:00","19:00","07:00","19:00","07:00","19:00","07:00","19:00","07:00","19:00",,,"2026-08-30T00:01:45Z",-73.60251258233713,45.58869161426766
"6a8852358d88dc00127cacbf","OCC-2608PX23916829","102202","Saint-Léonard","Travaux","Permis émis","2026-08-30T20:00:00Z","2026-09-11T19:59:59Z","Construction/rénovation sans excavation","Dujarié entre Blomidon et Lavoisier","Entrepreneur sous contrat avec la Ville de Montréal","Eurovia Québec Construction","t","f","t","f","t","f","t","f","t","f","f","f","f","f",,,"07:00","19:00","07:00","19:00","07:00","19:00","07:00","19:00","07:00","19:00",,,"2026-08-30T00:01:45Z",-73.60510586559991,45.58989722942853
"6a8c7f6c8d88dc00127ceac2","OCC-2608MD23982939",,"Mercier-Hochelaga-Maisonneuve","Travaux","Permis émis","2026-08-28T20:00:00Z","2027-02-26T18:59:59Z","Construction/rénovation sans excavation","Assomption entre Pierre-De Coubertin et Marseille","Entreprise","Omnia Technologies inc.","t","t","t","t","t","t","t","t","t","t","t","t","t","t",,,,,,,,,,,,,,,"2026-08-30T00:01:45Z",-73.54499568409935,45.56859053058409
"6a8c89368d981b0012f64c31","OCC-2608OG23750200",,"Ville-Marie","Travaux","Permis émis","2026-08-31T20:00:00Z","2026-09-11T19:59:59Z","Égouts et aqueducs - Excavation","Pierre-Dupuy entre Pierre-Dupuy et Gilles-Villeneuve","Ville de Montréal",,"t","t","t","t","t","t","t","t","t","t","t","t","t","t",,,,,,,,,,,,,,,"2026-08-30T00:01:45Z",-73.52896981612513,45.508241765834846
"6a8dac0d8d981b0012f66cf3","OCC-2608AL24037091","524102","Mercier-Hochelaga-Maisonneuve","Travaux","Permis émis","2026-08-31T20:00:00Z","2026-11-06T18:59:59Z","Égouts et aqueducs - Excavation","Henri-De Salières entre Marseille et Faribault","Entrepreneur sous contrat avec la Ville de Montréal","Services d'infrastructures Vortex","t","t","t","t","t","t","t","t","t","t","t","t","t","t",,,,,,,,,,,,,,,"2026-08-30T00:01:45Z",-73.54229112941275,45.57841276160931
"6a8ddab58d88dc00127d1836","OCC-2608YT23957542","1789326","Mercier-Hochelaga-Maisonneuve","Travaux","Permis émis","2026-08-30T20:00:00Z","2026-10-23T19:59:59Z","Trottoirs - Construction","Rouen entre Letourneux et Bennett","Entrepreneur sous contrat avec la Ville de Montréal","Construction Larotek inc","t","t","t","t","t","t","t","t","t","t","t","t","t","t",,,,,,,,,,,,,,,"2026-08-30T00:01:45Z",-73.54256360413335,45.55471993528207
"6a8e018e8d88dc00127d2344","OCC-2608GT24012844","524102","Mercier-Hochelaga-Maisonneuve","Travaux","Permis émis","2026-08-27T20:00:00Z","2026-11-27T18:59:59Z","Égouts et aqueducs - Excavation","Paul-Pau entre Tiffin et Rousseau","Entrepreneur sous contrat avec la Ville de Montréal","Services d'infrastructures Vortex","t","t","t","t","t","t","t","t","t","t","t","t","t","t",,,,,,,,,,,,,,,"2026-08-30T00:01:45Z",-73.53573580812275,45.61029891461621
"6a8f25238d88dc00127d42f8","OCC-2608BK23900792",,"Anjou","Travaux","Permis émis","2026-09-06T20:00:00Z","2026-10-16T19:59:59Z","Entretien","Louis-H.-La Fontaine entre Louis-H.-La Fontaine et Louis-Hippolyte-La Fontaine","Organisation publique ou son sous-traitant","ENTRETIEN MILLER LTÉE","t","f","t","f","t","f","t","f","t","f","f","f","f","f",,,"22:00","06:00","22:00","06:00","22:00","06:00","22:00","06:00","22:00","06:00",,,"2026-08-30T00:01:45Z",-73.59481460637147,45.61575223014248
"6a8dfea88d88dc00127d230d","OCC-2608DI24008077","524102","Mercier-Hochelaga-Maisonneuve","Travaux","Permis émis","2026-08-27T20:00:00Z","2026-11-20T18:59:59Z","Égouts et aqueducs - Excavation","Desmarteau entre De Forbin-Janson et Rousseau","Entrepreneur sous contrat avec la Ville de Montréal","Services d'infrastructures Vortex","t","t","t","t","t","t","t","t","t","t","t","t","t","t",,,,,,,,,,,,,,,"2026-08-30T00:01:45Z",-73.53312129799818,45.60904770466534
"6a8f29758d88dc00127d444f","OCC-2608RZ23780148","250582","Côte-des-Neiges-Notre-Dame-de-Grâce","Travaux","Permis émis","2026-09-07T20:00:00Z","2026-09-11T19:59:59Z","Construction/rénovation sans excavation","Côte-Sainte-Catherine entre Côte-des-Neiges et Légaré","Entrepreneur sous contrat avec la Ville de Montréal","Le Groupe LML Ltée","t","f","t","f","t","f","t","f","t","f","f","f","f","f",,,"07:00","15:00","07:00","15:00","07:00","15:00","07:00","15:00","07:00","15:00",,,"2026-08-30T00:01:45Z",-73.62861456987349,45.49747892972167
"6a8f510d8d981b0012f6af23","OCC-2608CU23848479","2026020","Mercier-Hochelaga-Maisonneuve","Travaux","Permis émis","2026-08-30T20:00:00Z","2026-09-11T19:59:59Z","Autre","Lebrun entre Ontario et Dubuisson","Entrepreneur sous contrat avec la Ville de Montréal","Demix construction","t","f","t","f","t","f","t","f","t","f","f","f","f","f",,,"07:00","19:00","07:00","19:00","07:00","19:00","07:00","19:00","07:00","19:00",,,"2026-08-30T00:01:45Z",-73.5152756079102,45.5976422120463
"6a909b858d981b0012f6dc56","OCC-2608YR24020263",,"Côte-des-Neiges-Notre-Dame-de-Grâce","Travaux","Permis émis","2026-09-07T20:00:00Z","2026-09-10T19:59:59Z","Égouts et aqueducs - Inspection et nettoyage","Décarie entre Décarie et Côte-Saint-Luc","Ville de Montréal",,"t","f","t","f","t","f","t","f","t","f","f","f","f","f",,,"09:30","15:00","09:30","15:00","09:30","15:00","09:30","15:00","09:30","15:00",,,"2026-08-30T00:01:45Z",-73.62261207241708,45.48051706972505
"6a90a44b8d88dc00127d859b","OCC-2608NP23975892","15978","Ville-Marie","Travaux","Permis émis","2026-09-02T20:00:00Z","2026-09-25T19:59:59Z","Égouts et aqueducs - Excavation","Havre entre Ontario et Larivière","Entrepreneur sous contrat avec la Ville de Montréal","Norgereq Ltée","t","t","t","t","t","t","t","t","t","t","t","t","t","t",,,,,,,,,,,,,,,"2026-08-30T00:01:45Z",-73.55321403927607,45.53391302739397
"6a90b4278d88dc00127d8b35","OCC-2608SI23875691",,"Le Plateau-Mont-Royal","Travaux","Permis émis","2026-08-31T20:00:00Z","2026-09-14T19:59:59Z","Construction/rénovation sans excavation","Saint-Denis entre Saint-Denis et Marie-Anne","Entreprise","9428-9089 Québec inc.","t","t","t","t","t","t","t","t","t","t","t","t","t","t",,,,,,,,,,,,,,,"2026-08-30T00:01:45Z",-73.57998662675362,45.52249709625089
"6a90b6198d88dc00127d8b40","OCC-2608SG23749746","1740844","Verdun","Travaux","Permis émis","2026-08-30T20:00:00Z","2026-09-11T19:59:59Z","Autre","1re entre Verdun et Bannantyne","Entrepreneur sous contrat avec la Ville de Montréal","Électricité Grimard","t","f","t","f","t","f","t","f","t","f","f","f","f","f",,,"07:00","15:00","07:00","15:00","07:00","15:00","07:00","15:00","07:00","15:00",,,"2026-08-30T00:01:45Z",-73.57353674232343,45.45874331653073
"6a91784c8d981b0012f6e089","OCC-2608GX23978758",,"Ahuntsic-Cartierville","Travaux","Permis émis","2026-08-30T20:00:00Z","2026-09-11T19:59:59Z","Autre","Michel-Sarrazin entre Louisbourg et Grenet","RTU (Réseau technique urbain) ou son sous-traitant
","Telecon","t","f","t","f","t","f","t","f","t","f","f","f","f","f",,,"07:00","17:00","07:00","17:00","07:00","17:00","07:00","17:00","07:00","17:00",,,"2026-08-30T00:01:45Z",-73.71115862721112,45.52772467018558
"6a917e838d981b0012f6e1b9","OCC-2608JW23783355",,"Ville-Marie","Travaux","Permis émis","2026-09-08T20:00:00Z","2026-09-10T19:59:59Z","Construction/rénovation sans excavation","Robin entre Saint-Timothée et Atateken","Entreprise","Les Grues Bellerive inc","t","f","t","f","t","f","t","f","t","f","f","f","f","f",,,"07:00","15:00","07:00","15:00","07:00","15:00","07:00","15:00","07:00","15:00",,,"2026-08-30T00:01:45Z",-73.56097956528728,45.51890332039235
"6a918a768d981b0012f6e542","OCC-2608LQ23958104",,"Mercier-Hochelaga-Maisonneuve","Travaux","Permis émis","2026-08-29T20:00:00Z","2026-09-26T19:59:59Z","Autre","Chauveau entre Assomption et Dickson","Organisation publique ou son sous-traitant","Société de Transport de Montréal","t","t","t","t","t","t","t","t","t","t","t","t","t","t",,,,,,,,,,,,,,,"2026-08-30T00:01:45Z",-73.54773265979638,45.5700167351426
"6a8f5c828d88dc00127d55c7","OCC-2608AU23878518","1734948","Côte-des-Neiges-Notre-Dame-de-Grâce","Travaux","Permis émis","2026-07-23T20:00:00Z","2026-09-11T19:59:59Z","Trottoirs - Construction","Gatineau entre Swail et Maréchal","Entrepreneur sous contrat avec la Ville de Montréal","Les Excavations Super Inc.","t","t","t","t","t","t","t","t","t","t","t","t","t","t",,,,,,,,,,,,,,,"2026-08-30T00:01:45Z",-73.62107342799904,45.49677796827405
"6a9032c78d981b0012f6ba68","OCC-2608XD23887474",,"Ville-Marie","Travaux","Permis émis","2026-08-31T20:00:00Z","2026-09-18T19:59:59Z","Construction/rénovation sans excavation","Bishop entre René-Lévesque et Sainte-Catherine","Entreprise","BASTIUM CONSTRUCTION INC.","t","t","t","t","t","t","t","t","t","t","t","t","t","t",,,,,,,,,,,,,,,"2026-08-30T00:01:45Z",-73.57446167224602,45.49560531655577
"6a9053b28d981b0012f6c8e5","OCC-2608WO23869332",,"Le Plateau-Mont-Royal","Travaux","Permis émis","2026-08-31T20:00:00Z","2026-09-18T19:59:59Z","Autre","Érables entre Rachel et Marie-Anne","Entreprise","Bisson Expert Inc","t","f","t","f","t","f","t","f","t","f","f","f","f","f",,,"07:00","16:00","07:00","16:00","07:00","16:00","07:00","16:00","07:00","16:00",,,"2026-08-30T00:01:45Z",-73.56896585380969,45.53445077084022
"6a906ff98d981b0012f6cfba","OCC-2608LX24006856",,"Côte-des-Neiges-Notre-Dame-de-Grâce","Travaux","Permis émis","2026-08-18T20:00:00Z","2026-09-18T19:59:59Z","Construction/rénovation sans excavation","Prud'homme entre Saint-Jacques et Prud'homme","Entreprise","Station Crowley inc.","t","t","t","t","t","t","t","t","t","t","t","t","t","t",,,,,,,,,,,,,,,"2026-08-30T00:01:45Z",-73.60510001775529,45.47165076250858
"6a908b2d8d88dc00127d80a8","OCC-2608GQ23831243",,"Ville-Marie","Travaux","Permis émis","2026-09-07T20:00:00Z","2026-09-11T19:59:59Z","Construction/rénovation sans excavation","Chomedey entre De Maisonneuve et Lincoln","Entreprise","Groupe Atwill-Morin inc.","t","f","t","f","t","f","t","f","t","f","f","f","f","f",,,"07:00","15:00","07:00","15:00","07:00","15:00","07:00","15:00","07:00","15:00",,,"2026-08-30T00:01:45Z",-73.58472036478152,45.49206239687364
"6a90a01a8d88dc00127d8502","OCC-2608YV24013978",,"Ville-Marie","Travaux","Permis émis","2026-08-30T20:00:00Z","2026-09-11T19:59:59Z","Égouts et aqueducs - Excavation","Peel entre Cypress et Sainte-Catherine","Ville de Montréal",,"t","t","t","t","t","t","t","t","t","t","t","t","t","t",,,,,,,,,,,,,,,"2026-08-30T00:01:45Z",-73.57218368937868,45.49961995228019
"6a90a0408d981b0012f6dd46","OCC-2608MX23785049","527003","Anjou","Travaux","Permis émis","2026-09-10T20:00:00Z","2026-09-13T19:59:59Z","Autre","Louis-H.-La Fontaine entre Ravenel et Louis-H.-La Fontaine","Entrepreneur sous contrat avec la Ville de Montréal","Les Entrepreneurs Bucaro","t","t","t","t","t","t","t","t","t","t","t","t","t","t",,,,,,,,,,,,,,,"2026-08-30T00:01:45Z",-73.58534891985528,45.612731431991705
"6a90a1268d88dc00127d852a","OCC-2608AI23818377","527003","Anjou","Travaux","Permis émis","2026-09-10T20:00:00Z","2026-09-14T19:59:59Z","Autre","Louis-H.-La Fontaine entre Ravenel et Louis-H.-La Fontaine","Entrepreneur sous contrat avec la Ville de Montréal","Les Entrepreneurs Bucaro","t","t","t","t","t","t","t","t","t","t","t","t","t","t",,,,,,,,,,,,,,,"2026-08-30T00:01:45Z",-73.58614780753426,45.61293507090341
"6a916fa88d981b0012f6df0d","OCC-2608KJ23804722",,"Côte-des-Neiges-Notre-Dame-de-Grâce","Travaux","Permis émis","2026-08-30T20:00:00Z","2026-09-18T19:59:59Z","Construction/rénovation sans excavation","Louis-Colin entre McKenna et Fendall","Entreprise","St-Denis Thompson","t","t","t","t","t","t","t","t","t","t","t","t","t","t",,,,,,,,,,,,,,,"2026-08-30T00:01:45Z",-73.617698810595,45.50025265209185
"6a91829d8d981b0012f6e33e","OCC-2608HP23980074","504201","Ahuntsic-Cartierville","Travaux","Permis émis","2026-08-30T20:00:00Z","2026-09-11T19:59:59Z","Construction/rénovation sans excavation","Saint-Urbain entre Henri-Bourassa et Gouin","Entrepreneur sous contrat avec la Ville de Montréal","Duroking Construction","t","t","t","t","t","t","t","t","t","t","t","t","t","t",,,,,,,,,,,,,,,"2026-08-30T00:01:45Z",-73.67571230902911,45.55003079121568
"6a918cdd8d981b0012f6e5fd","OCC-2608MV23815542",,"Le Plateau-Mont-Royal","Travaux","Permis émis","2026-08-21T20:00:00Z","2026-09-25T19:59:59Z","Construction/rénovation sans excavation","Clark entre Sherbrooke et Milton","Entreprise","Montarville Gestion + Construction","t","t","t","t","t","t","t","t","t","t","t","t","t","t",,,,,,,,,,,,,,,"2026-08-30T00:01:45Z",-73.57013528637805,45.51212677392156
"6a918ec88d88dc00127d933d","OCC-2608ZX23821492","202607","Anjou","Travaux","Permis émis","2026-08-27T20:00:00Z","2026-09-18T19:59:59Z","Autre","Ponts-de-Cé entre Baudrière et Judith-Jasmin","Entrepreneur sous contrat avec la Ville de Montréal","Conception PLHP","t","t","t","t","t","t","t","t","t","t","t","t","t","t",,,,,,,,,,,,,,,"2026-08-30T00:01:45Z",-73.57845484191994,45.60065043869584
"6a9033398d981b0012f6baaf","OCC-2608AT22951411",,"Ville-Marie","Travaux","Permis émis","2026-08-31T20:00:00Z","2026-09-30T19:59:59Z","Construction/rénovation sans excavation","Ruelle","Entreprise","BASTIUM CONSTRUCTION INC.","t","t","t","t","t","t","t","t","t","t","t","t","t","t",,,,,,,,,,,,,,,"2026-08-29T00:01:42Z",-73.57474684845582,45.49526537100481
"6a90357a8d88dc00127d635e","OCC-2608RO22993098",,"Ville-Marie","Travaux","Permis émis","2026-09-07T20:00:00Z","2026-09-10T19:59:59Z","Égouts et aqueducs - Inspection et nettoyage","Ontario entre De Lorimier et Érables","Ville de Montréal",,"t","f","t","f","t","f","t","f","t","f","f","f","f","f",,,"08:00","16:00","08:00","16:00","08:00","16:00","08:00","16:00","08:00","16:00",,,"2026-08-29T00:01:42Z",-73.55714150368333,45.52834349823728
"6a9041cf8d981b0012f6c1d1","OCC-2608VT23207833","1773096","Rivière-des-Prairies-Pointe-aux-Trembles","Travaux","Permis émis","2026-08-16T20:00:00Z","2026-11-27T18:59:59Z","Construction/rénovation avec excavation","Colombier entre Victoria et Normandie","Entrepreneur sous contrat avec la Ville de Montréal","Construction Vert Dure","t","t","t","t","t","t","t","t","t","t","t","t","t","t",,,,,,,,,,,,,,,"2026-08-29T00:01:42Z",-73.49421495362918,45.64903867849674
"6a9042858d88dc00127d6875","OCC-2608EW23122000",,"Ville-Marie","Travaux","Permis émis","2026-08-30T20:00:00Z","2026-09-25T19:59:59Z","Construction/rénovation sans excavation","Sainte-Catherine entre Saint-Mathieu et Saint-Marc","Entreprise","Les investissements 650 Wellington lté","t","t","t","t","t","t","t","t","t","t","t","t","t","t",,,,,,,,,,,,,,,"2026-08-29T00:01:42Z",-73.57946721262275,45.49349083861153
"6a9042868d88dc00127d6879","OCC-2608JQ22997868",,"Rivière-des-Prairies-Pointe-aux-Trembles","Travaux","Permis émis","2026-09-09T20:00:00Z","2026-09-10T19:59:59Z","Entretien","Primat-Paré entre Thomas-Paine et Iris","RTU (Réseau technique urbain) ou son sous-traitant
","Hydro-Québec-Entrave courte durée","t","f","t","f","t","f","t","f","t","f","f","f","f","f",,,"12:00","16:00","12:00","16:00","12:00","16:00","12:00","16:00","12:00","16:00",,,"2026-08-29T00:01:42Z",-73.55057517149822,45.65874349932086
"6a9055338d981b0012f6c93c","OCC-2608FE23130923","515501","Ville-Marie","Travaux","Permis émis","2026-08-30T20:00:00Z","2026-09-11T19:59:59Z","Égouts et aqueducs - Réhabilitation","136 entre 720 et 720","Entrepreneur sous contrat avec la Ville de Montréal","Loiselle inc.","t","t","t","t","t","t","t","t","t","t","t","t","t","t",,,,,,,,,,,,,,,"2026-08-29T00:01:42Z",-73.56533512018318,45.49619440914771
"6a90693d8d981b0012f6ce23","OCC-2608MN23067168",,"Villeray-Saint-Michel-Parc-Extension","Travaux","Permis émis","2026-01-04T19:00:00Z","2026-09-15T19:59:59Z","Construction/rénovation sans excavation","8e entre Jean-Talon et Everett","Organisation publique ou son sous-traitant","MGB Associés Inc.","t","t","t","t","t","t","t","t","t","t","t","t","t","t",,,,,,,,,,,,,,,"2026-08-29T00:01:42Z",-73.60102704847898,45.557488829887845
"6a90786c8d981b0012f6d284","OCC-2608TJ23143997",,"Le Plateau-Mont-Royal","Travaux","Permis émis","2026-08-30T20:00:00Z","2026-09-11T19:59:59Z","Construction/rénovation sans excavation","Marie-Anne entre Fabre et Marquette","Entreprise","Les Entreprises Cam Construction inc","t","f","t","f","t","f","t","f","t","f","t","f","t","f","00:00","23:00","07:00","15:00","07:00","15:00","07:00","15:00","07:00","15:00","07:00","15:00","00:00","23:00","2026-08-29T00:01:42Z",-73.57321286930066,45.53094735024456
"6a9079e78d981b0012f6d2df","OCC-2608UM23110426",,"Rosemont-La Petite-Patrie","Travaux","Permis émis","2026-08-30T20:00:00Z","2026-09-29T19:59:59Z","S-3 Infrastructure souterraine majeure - Puits d'accès","Beaubien entre Papineau et Cartier","RTU (Réseau technique urbain) ou son sous-traitant
","Telecon","t","t","t","t","t","t","t","t","t","t","f","f","f","f",,,,,,,,,,,,,,,"2026-08-29T00:01:42Z",-73.5963993129558,45.54349649473027
"6a908c108d88dc00127d80c9","OCC-2608BV23171719",,"Verdun","Travaux","Permis émis","2026-08-02T20:00:00Z","2026-09-30T19:59:59Z","Construction/rénovation sans excavation","Ruelle","Entreprise","Trochaines","t","t","t","t","t","t","t","t","t","t","t","t","t","t",,,,,,,,,,,,,,,"2026-08-29T00:01:42Z",-73.57248005257918,45.45578761772522
"6a909cb58d981b0012f6dca8","OCC-2608GV23199287",,"St-Laurent","Travaux","Permis émis","2026-09-11T20:00:00Z","2026-09-13T19:59:59Z","Égouts et aqueducs - Excavation","Henri-Bourassa entre Wilfrid-Reid et Henri-Bourassa","Entreprise","VINAC CONSTRUCTION INC.","f","f","f","f","f","f","f","f","f","f","t","f","t","f","06:00","23:59",,,,,,,,,,,"00:00","23:59","2026-08-29T00:01:42Z",-73.7136644397174,45.51895441570325
"6a91949a8d88dc00127d9526","OCC-2608VO23890621","2601","Villeray-Saint-Michel-Parc-Extension","Travaux","Permis émis","2026-08-28T20:00:00Z","2026-09-11T19:59:59Z","Construction/rénovation sans excavation","Stuart entre Ball et Jarry","Entrepreneur sous contrat avec la Ville de Montréal","COJALAC INC.","t","t","t","t","t","t","t","t","t","t","t","t","t","t",,,,,,,,,,,,,,,"2026-08-30T00:01:45Z",-73.63565256734343,45.528201619048936
"6a91951d8d88dc00127d95b6","OCC-2608BI23833903",,"Ville-Marie","Travaux","Permis émis","2026-09-07T20:00:00Z","2026-12-18T18:59:59Z","Construction/rénovation sans excavation","Belmont entre Beaver Hall et Union","Entreprise","Les Constructions Benoit Larrivée Ltée","t","t","t","t","t","t","t","t","t","t","t","t","t","t",,,,,,,,,,,,,,,"2026-08-30T00:01:45Z",-73.56509791674665,45.50218015668975
"6a91a31b8d88dc00127d9a58","OCC-2608GB23993142",,"Villeray-Saint-Michel-Parc-Extension","Travaux","Permis émis","2026-08-30T20:00:00Z","2026-09-18T19:59:59Z","S-3 Infrastructure souterraine majeure - Puits d'accès","Parc entre Parc et Beaumont","CSEM (Commission des services électriques de Montréal) ou son sous-traitant
","CMS Entrepreneurs Généraux Inc.","t","t","t","t","t","t","t","t","t","t","t","t","t","t",,,,,,,,,,,,,,,"2026-08-30T00:01:45Z",-73.61752994538378,45.52882945051217
"6a91a8888d88dc00127d9d17","OCC-2608WP24031414",,"Le Plateau-Mont-Royal","Travaux","Permis émis","2026-08-28T20:00:00Z","2026-10-29T19:59:59Z","Construction/rénovation sans excavation","Dorion entre Gauthier et Rachel","Entreprise","9520-2040 Québec inc.","t","t","t","t","t","t","t","t","t","t","t","t","t","t",,,,,,,,,,,,,,,"2026-08-30T00:01:45Z",-73.5682292911541,45.53156368495856
"6a91a9058d981b0012f6eff8","OCC-2608WD23964194","502201","Rivière-des-Prairies-Pointe-aux-Trembles","Travaux","Permis émis","2026-09-07T20:00:00Z","2026-09-11T19:59:59Z","Construction/rénovation avec excavation","Maurice-Duplessis entre Maurice-Duplessis et Marie-Victorin","Entrepreneur sous contrat avec la Ville de Montréal","Duroking Construction","t","t","t","t","t","t","t","t","t","t","f","f","f","f",,,,,,,,,,,,,,,"2026-08-30T00:01:45Z",-73.6088084511452,45.62039153736868
"6a91aa548d88dc00127d9dfb","OCC-2608KS23928928","502201","Rivière-des-Prairies-Pointe-aux-Trembles","Travaux","Permis émis","2026-08-27T20:00:00Z","2026-10-31T19:59:59Z","Construction/rénovation avec excavation","Maurice-Duplessis entre Marie-Victorin et Louis-Hippolyte-La Fontaine","Entrepreneur sous contrat avec la Ville de Montréal","Duroking Construction","t","t","t","t","t","t","t","t","t","t","t","t","t","t",,,,,,,,,,,,,,,"2026-08-30T00:01:45Z",-73.60564901242573,45.621760902699855
"6a91bb238d981b0012f6f72e","OCC-2608TP24000975","327401","St-Laurent","Travaux","Permis émis","2026-08-30T20:00:00Z","2026-09-25T19:59:59Z","Construction/rénovation avec excavation","Henri-Bourassa entre Félix-Leclerc et Henri-Bourassa","Entrepreneur sous contrat avec la Ville de Montréal","Pronex Excavation","t","f","t","f","t","f","t","f","t","f","f","f","f","f",,,"07:00","17:00","07:00","17:00","07:00","17:00","07:00","17:00","07:00","17:00",,,"2026-08-30T00:01:45Z",-73.74236882745723,45.5038951328732
